idx,score,flag
0,0.33673754444458387,0
1,0.336471119276073,0
2,0.34467119665479085,0
3,0.34007046623023585,0
4,0.34999521331705125,0
5,0.33635919488767474,0
6,0.3680150169818418,0
7,0.34389724364998814,0
8,0.3614861409319192,0
9,0.3464613807497978,0
10,0.34736077573148316,0
11,0.34263466181840674,0
12,0.35424641286546116,0
13,0.33370960589575493,0
14,0.34135938581310454,0
15,0.3365157379197678,0
16,0.380978139994811,0
17,0.3420488254421149,0
18,0.38174336015402,0
19,0.33613750768949924,0
20,0.3949201021561073,0
21,0.3437836671732886,0
22,0.34143969453056244,0
23,0.4170674654417115,0
24,0.3383365436609876,0
25,0.3368490675724805,0
26,0.36622579297035796,0
27,0.34503575640530854,0
28,0.3437145657109892,0
29,0.3381424197959395,0
30,0.3384905298754996,0
31,0.38780225235970234,0
32,0.34775925552526343,0
33,0.38658148114688606,0
34,0.40526203666896027,0
35,0.3383590517626511,0
36,0.36663377726625074,0
37,0.34981091825553423,0
38,0.35458037830491695,0
39,0.33746807674954743,0
40,0.33986647127306874,0
41,0.3528165574521843,0
42,0.35631536876757125,0
43,0.3354828690754513,0
44,0.3388938951959861,0
45,0.3395468979172908,0
46,0.3348278533771452,0
47,0.35658073282347635,0
48,0.34094946941921445,0
49,0.33795483415922833,0
50,0.34350441978416046,0
51,0.37159171867346097,0
52,0.43643368566510743,0
53,0.3599386476862446,0
54,0.35817208217169066,0
55,0.37691596658870974,0
56,0.35890337547336787,0
57,0.3569655314679683,0
58,0.3371538159010779,0
59,0.3366620387794181,0
60,0.37666374127325625,0
61,0.34706927829503015,0
62,0.342034721365057,0
63,0.34187858562578866,0
64,0.3522697844035976,0
65,0.688237797091447,1
66,0.5551541199112109,1
67,0.5858581947500143,1
68,0.6222491602850716,1
69,0.5749131772568982,1
70,0.5788777207754727,1
71,0.5529323341211664,1
72,0.36680226915770064,0
73,0.42035902038861356,0
74,0.36110076937142815,0
75,0.3620642245833184,0
76,0.4103623596264688,0
77,0.36277273107895275,0
78,0.3638879059670686,0
79,0.39578291784380537,0
80,0.38928285957089354,0
81,0.3752791929281372,0
82,0.37601967780418616,0
83,0.36015938339243864,0
84,0.37914607367015885,0
85,0.39962962247963657,0
86,0.3620132091134285,0
87,0.38865908296123786,0
88,0.36768269708124923,0
89,0.37237841879173583,0
90,0.3653972514254609,0
91,0.41847557110238265,0
92,0.40316948517582357,0
93,0.36168169380738296,0
94,0.36970494205426946,0
95,0.37676214984252737,0
96,0.36621781845336365,0
97,0.37608812664797897,0
98,0.37218012509193854,0
99,0.36443028240498676,0
100,0.36187120923292504,0
101,0.39096398869454746,0
102,0.3618680889646443,0
103,0.36101140876725607,0
104,0.3660684682662824,0
105,0.3921033065209851,0
106,0.38319334230331237,0
107,0.3759758411218708,0
108,0.3708619108970296,0
109,0.36926578809452926,0
110,0.3679634363815529,0
111,0.36904962746539893,0
112,0.36619541064078376,0
113,0.469891393244682,0
114,0.41600940290699356,0
115,0.37069894954453964,0
116,0.39384430412856103,0
117,0.3646179442170927,0
118,0.3764555887406524,0
119,0.38541946656413806,0
120,0.37905197202944196,0
121,0.3961457279700247,0
122,0.36566359558381123,0
123,0.37049924604541484,0
124,0.3779351229411645,0
125,0.35946054948363165,0
126,0.37682581671967585,0
127,0.3546119068610502,0
128,0.38216984292736933,0
129,0.3499313260425906,0
130,0.3385655558209334,0
131,0.3476752910454993,0
132,0.34835514203943685,0
133,0.3419858755697891,0
134,0.33905347671160835,0
135,0.3446212493082066,0
136,0.3580592555571972,0
137,0.34361942697402037,0
138,0.33913184601458246,0
139,0.3344769317033929,0
140,0.3454204699623678,0
141,0.3400930896835561,0
142,0.34125848043559814,0
143,0.4314549552061509,0
144,0.35291084052787675,0
145,0.3550453058523826,0
146,0.34380044463441606,0
147,0.34331636479406497,0
148,0.344409061432196,0
149,0.33675748280309853,0
150,0.3640561249714555,0
151,0.3447775625917664,0
152,0.3463847988913737,0
153,0.3452218527049181,0
154,0.3362414572893933,0
155,0.33658384636824384,0
156,0.3760222723496014,0
157,0.3598291144317272,0
158,0.4341680015299041,0
159,0.34178561184470113,0
160,0.39126667206830296,0
161,0.348093986295539,0
162,0.34794032079781095,0
163,0.3894662232458306,0
164,0.33865213377980125,0
165,0.3500555914813834,0
166,0.35444343852624793,0
167,0.3683122562268466,0
168,0.43918579736739705,0
169,0.33654038376436274,0
170,0.3369541656746513,0
171,0.36690738129876355,0
172,0.3544742271326071,0
173,0.37216273263071076,0
174,0.3333209091133472,0
175,0.3608282608759225,0
176,0.34383248459980376,0
177,0.34632604379234816,0
178,0.3389160166922254,0
179,0.3398864226686738,0
180,0.3428877051583706,0
181,0.3732510635419139,0
182,0.35065272062112374,0
183,0.3834982338669017,0
184,0.34361494948009597,0
185,0.3342181998613349,0
186,0.37392224512069644,0
187,0.3629750326187283,0
188,0.3596965407570975,0
189,0.35120336070468655,0
190,0.35635599133812645,0
191,0.34613608899328546,0
192,0.3417321443005065,0
193,0.3922015440292905,0
194,0.34526462382560225,0
195,0.3759478888216182,0
196,0.3518101824513157,0
197,0.38469511157179576,0
198,0.3879304475657679,0
199,0.34763649179760875,0
200,0.44033838581607115,0
201,0.35887989944543514,0
202,0.3507714854292575,0
203,0.35019997466504404,0
204,0.3397587398961302,0
205,0.33744635086097424,0
206,0.4554295267154865,0
207,0.37105438451093814,0
208,0.34381434652105436,0
209,0.33954765186707536,0
210,0.3553571606774228,0
211,0.3443768635712068,0
212,0.35220125959210513,0
213,0.39454082485420666,0
214,0.34425942369171797,0
215,0.36123434006318683,0
216,0.3494399418986867,0
217,0.34955260828108814,0
218,0.339562549991823,0
219,0.3459801148093127,0
220,0.34955343644228676,0
221,0.34718930621343136,0
222,0.36359127895553983,0
223,0.421570595503478,0
224,0.34003235212977256,0
225,0.33752807027539794,0
226,0.34983825034527044,0
227,0.3388754978439402,0
228,0.3359596469211524,0
229,0.3441033220625338,0
230,0.337324842134002,0
231,0.4136029518315772,0
232,0.34588157698233635,0
233,0.34921831889205623,0
234,0.35708325051937473,0
235,0.3646462938365855,0
236,0.3455906128674298,0
237,0.34409234979687153,0
238,0.3413420270211301,0
239,0.3499110277441109,0
240,0.3436200067426499,0
241,0.3806152751593759,0
242,0.3500173597758943,0
243,0.35818516944738876,0
244,0.33833611935551383,0
245,0.34211784580189564,0
246,0.3553150807569228,0
247,0.34918628010733616,0
248,0.3592679334635871,0
249,0.4316591107902766,0
250,0.46444950802036117,0
251,0.48846324842905087,0
252,0.5019826951044334,0
253,0.5150342928205112,0
254,0.5269577031259065,1
255,0.5491479904302176,1
256,0.5529553178534825,1
257,0.56926684241661,1
258,0.5762969499269746,1
259,0.5865731833696406,1
260,0.5944957071818776,1
261,0.6103473390328397,1
262,0.6265828690898876,1
263,0.630156476726674,1
264,0.6365517772727265,1
265,0.6400065764882447,1
266,0.6459781147089836,1
267,0.6532067502481353,1
268,0.6576088212388648,1
269,0.66159371422026,1
270,0.6627822582357983,1
271,0.6667693829223488,1
272,0.3365911799707048,0
273,0.33508008338559453,0
274,0.3369723803618464,0
275,0.3579897262661095,0
276,0.3569693439783397,0
277,0.34745894846798403,0
278,0.35964432246313804,0
279,0.3362669991063966,0
280,0.3419727970154366,0
281,0.3636140946294361,0
282,0.38381835413526666,0
283,0.33685936127140953,0
284,0.3465413718075056,0
285,0.3627562544933114,0
286,0.35014210149005603,0
287,0.35740385287248394,0
288,0.40839195320363636,0
289,0.43805068895717153,0
290,0.34417576426614105,0
291,0.34661700040303,0
292,0.3446494466040447,0
293,0.34221646533549643,0
294,0.33956234020532994,0
295,0.3345573362650316,0
296,0.39898058640859946,0
297,0.34816071498007867,0
298,0.35782440198042487,0
299,0.3441742340863673,0
300,0.3384552197780368,0
301,0.3501688685436545,0
302,0.3468828897646911,0
303,0.422266342571402,0
304,0.3397958375840674,0
305,0.335035277803951,0
306,0.377857159238964,0
307,0.3482423266246187,0
308,0.34052822177331815,0
309,0.3424398559576935,0
310,0.33538487700039227,0
311,0.3461285576660515,0
312,0.34472625647759636,0
313,0.3471353992222067,0
314,0.33808483576963755,0
315,0.33799368309673394,0
316,0.36551956822943954,0
317,0.3517011569449756,0
318,0.39505828322506614,0
319,0.34901851724557614,0
320,0.34878048371754866,0
321,0.38740880894312457,0
322,0.35176866099708903,0
323,0.3495199896708241,0
324,0.3726230910576532,0
325,0.3350008057759311,0
326,0.35036570215024065,0
327,0.3431613518721559,0
328,0.3425735210428959,0
329,0.3373978556406243,0
330,0.34213061751516316,0
331,0.33890638413510726,0
332,0.3417314850718939,0
333,0.33807284252051206,0
334,0.34913741886066774,0
335,0.3425790491931804,0
336,0.4025930086946044,0
337,0.35603008684769977,0
338,0.3805241400093429,0
339,0.33802498497322425,0
340,0.35827575581264803,0
341,0.3412343046748169,0
342,0.35145849691233355,0
343,0.355883454388451,0
344,0.3543284364987344,0
345,0.3438266765840196,0
346,0.35469256409353556,0
347,0.34976220084062637,0
348,0.3530775795346398,0
349,0.3390328993629536,0
350,0.3608129581943083,0
351,0.362328890272789,0
352,0.36236710623840285,0
353,0.34082690512910946,0
354,0.34384192523355755,0
355,0.34620203626223867,0
356,0.3558037583344211,0
357,0.35338467455444944,0
358,0.3968662451063157,0
359,0.34681506582280924,0
360,0.3387547171785749,0
361,0.3430514196746519,0
362,0.3468295158649098,0
363,0.3373087943983584,0
364,0.3391592616664856,0
365,0.34199583228253144,0
366,0.34626163905149976,0
367,0.34126924760712984,0
368,0.3729224543865751,0
369,0.34988312737626487,0
370,0.3437190621953186,0
371,0.34095416491837816,0
372,0.3457980837510172,0
373,0.3520024604038256,0
374,0.33985840677888035,0
375,0.3498213774338044,0
376,0.354939392804284,0
377,0.35052654610177025,0
378,0.3378246970037939,0
379,0.3386386715719446,0
380,0.35651245700645007,0
381,0.344400974063537,0
382,0.3415086153463053,0
383,0.34500687805334546,0
384,0.33833611935551383,0
385,0.3445043584629238,0
386,0.362068869721422,0
387,0.34883748434922335,0
388,0.34697150587127185,0
389,0.33895631334406817,0
390,0.3536520997406217,0
391,0.3479861079201274,0
392,0.3538063319073884,0
393,0.3409841020617645,0
394,0.3418638130741898,0
395,0.33898130236357105,0
396,0.35101787930899947,0
397,0.3435067151432285,0
398,0.7046820711259544,1
399,0.6125287597659599,1
400,0.6215305147595378,1
401,0.6060212215777613,1
402,0.6123277191106444,1
403,0.6516058229007542,1
404,0.6046130695502732,1
405,0.6430434628940176,1
406,0.6148588625173689,1
407,0.6205103039313487,1
408,0.6067451344108501,1
409,0.46484118932841684,0
410,0.41691240962707404,0
411,0.4433386744766153,0
412,0.41681277827154467,0
413,0.4180635434284702,0
414,0.4477389221812971,0
415,0.41647839885140486,0
416,0.45001912301685504,0
417,0.42083688647769735,0
418,0.4243601272693109,0
419,0.41536173578940866,0
420,0.41816783087390585,0
421,0.41991652322751555,0
422,0.4182792157497099,0
423,0.43597209531833764,0
424,0.42041438259192,0
425,0.45740479118335986,0
426,0.4199534511396485,0
427,0.41664948919797,0
428,0.4276276290898786,0
429,0.42242083815777864,0
430,0.4324689216714149,0
431,0.45096146025507716,0
432,0.4512635755827991,0
433,0.435466683240463,0
434,0.4255105026874232,0
435,0.4203583401082982,0
436,0.4370095465551583,0
437,0.42739393291274475,0
438,0.42264678888749335,0
439,0.41621923361867913,0
440,0.4181169727447513,0
441,0.4243384109791999,0
442,0.42761356497363195,0
443,0.43239277549240324,0
444,0.42801142451036617,0
445,0.41932465761821447,0
446,0.5142327863989562,0
447,0.4648203375662708,0
448,0.42890674868900713,0
449,0.4667785198201134,0
450,0.4357836681272724,0
451,0.4191374810211897,0
452,0.4255715998875243,0
453,0.42647929694251335,0
454,0.4214679238408131,0
455,0.43049272395168947,0
456,0.41518210625460467,0
457,0.4380886541865769,0
458,0.4088586580305766,0
459,0.40339727592507735,0
460,0.3841373413232464,0
461,0.38890591259917173,0
462,0.36999848605199326,0
463,0.37804246747098214,0
464,0.3564920333798453,0
465,0.35990325205345297,0
466,0.34573591150192673,0
467,0.3451116507434944,0
468,0.3432691187859815,0
469,0.35471729154970294,0
470,0.3375879686807478,0
471,0.3592838892085629,0
472,0.3396232981232401,0
473,0.33709400713582977,0
474,0.33772007786137515,0
475,0.35958859738847354,0
476,0.3654552962915396,0
477,0.3662257903661311,0
478,0.3898644461281133,0
479,0.3381243295327801,0
480,0.3426034418505065,0
481,0.3375840228058362,0
482,0.3475708304243069,0
483,0.34257804664709207,0
484,0.33551655934516356,0
485,0.3564468820977708,0
486,0.3462346802479372,0
487,0.35752389303120485,0
488,0.37240858899720086,0
489,0.3350428282985451,0
490,0.3508959173849808,0
491,0.35843743679787804,0
492,0.3503905653719047,0
493,0.38216711589886415,0
494,0.33924504077738565,0
495,0.3614242853941807,0
496,0.34456813561657906,0
497,0.3452675499662623,0
498,0.33623839617594786,0
499,0.33571560941128925,0
500,0.42575999240301243,0
501,0.34964828226637645,0
502,0.34182605053068016,0
503,0.3411526148460204,0
504,0.3424914441221596,0
505,0.3491146029349957,0
506,0.35402662989681144,0
507,0.3480979888039682,0
508,0.3402180828267685,0
509,0.3372678209221065,0
510,0.37968893412087695,0
511,0.3445820364829834,0
512,0.33878455228546084,0
513,0.33892405596590464,0
514,0.3439020961210735,0
515,0.35118093995313715,0
516,0.37386754124962024,0
517,0.3473070759617594,0
518,0.33941756939877704,0
519,0.3367642642275634,0
520,0.3600801133366904,0
521,0.3375517981382478,0
522,0.3727462540002765,0
523,0.3717250500525056,0
524,0.3371561917554056,0
525,0.3525052061897378,0
526,0.34613837913237977,0
527,0.374299469857714,0
528,0.44579620871830217,0
529,0.415035221009521,0
530,0.3471786543026466,0
531,0.33659222603598327,0
532,0.3593493020929675,0
533,0.34499652190713637,0
534,0.33492429579890187,0
535,0.3349325060024219,0
536,0.34533918145648596,0
537,0.34103922706293843,0
538,0.35989077315073476,0
539,0.33356213354325354,0
540,0.3362638952353296,0
541,0.3611964560313723,0
542,0.34350670155696045,0
543,0.3344477173821616,0
544,0.33609306271596434,0
545,0.336617990143471,0
546,0.33381793555311745,0
547,0.34903871933225944,0
548,0.34696849949363057,0
549,0.3470815967866137,0
550,0.33812270810502626,0
551,0.37608989581763186,0
552,0.34866451679908506,0
553,0.3569819946663133,0
554,0.3445399257701445,0
555,0.37327489158891425,0
556,0.3407640846329764,0
557,0.34473018315744036,0
558,0.3633444909521609,0
559,0.34353339701928953,0
560,0.3467241304921041,0
561,0.3539908168514373,0
562,0.35070423725131106,0
563,0.3409782887601122,0
564,0.33884239360470647,0
565,0.3612196432649302,0
566,0.34430752195503544,0
567,0.3651226037916075,0
568,0.360128059813277,0
569,0.3414608919494653,0
570,0.34181342573317663,0
571,0.3460837681131348,0
572,0.34413515641938286,0
573,0.34108502632553916,0
574,0.34081409056197987,0
575,0.36081313797787296,0
576,0.3550670882327904,0
577,0.35379800455393834,0
578,0.35032526904719574,0
579,0.3417411553398223,0
580,0.3698192505636877,0
581,0.3452204530956243,0
582,0.3450024727336198,0
583,0.35608192716770526,0
584,0.3356589706455657,0
585,0.35167316523393044,0
586,0.3616466526448098,0
587,0.35382571783258054,0
588,0.4186074438631718,0
589,0.33516688413282225,0
590,0.33595283912111273,0
591,0.4380959081710604,0
592,0.3674490820055379,0
593,0.3814617200775172,0
594,0.3487413341372547,0
595,0.34969255597961924,0
596,0.43779793137254247,0
597,0.3707706513912335,0
598,0.37137056000316365,0
599,0.34281574813130195,0
600,0.3523773565292548,0
601,0.36114010852046813,0
602,0.35183610555406397,0
603,0.35505260373220743,0
604,0.3651980178167234,0
605,0.3616545021036203,0
606,0.356632422234628,0
607,0.35617938766309587,0
608,0.3656556455107122,0
609,0.34493113341649123,0
610,0.365509483550049,0
611,0.36893701817444025,0
612,0.3621783469014021,0
613,0.3582734672395126,0
614,0.3620696567949356,0
615,0.3574157359262393,0
616,0.37801816613330524,0
617,0.3667732829363525,0
618,0.3607482215041873,0
619,0.3691000677252344,0
620,0.39368600429145917,0
621,0.39555455594937594,0
622,0.40970617099542933,0
623,0.4054204705660827,0
624,0.3898262280986783,0
625,0.3659110903617315,0
626,0.3818931958049487,0
627,0.3799948652582652,0
628,0.38389051103742056,0
629,0.3727306743730233,0
630,0.3637757157489478,0
631,0.38552669404111733,0
632,0.37651135465270597,0
633,0.3641188450441092,0
634,0.37021478129016305,0
635,0.3764765368114456,0
636,0.38571201822369383,0
637,0.3731343188459319,0
638,0.37131632790665936,0
639,0.37608752922783717,0
640,0.38090284954904424,0
641,0.3837007140179129,0
642,0.38015543842236066,0
643,0.3781677596507929,0
644,0.38697329455356805,0
645,0.36693536291238865,0
646,0.3827373897892125,0
647,0.39738211744694896,0
648,0.4074326158800245,0
649,0.38648333350908715,0
650,0.37888040798366035,0
651,0.3838512509100107,0
652,0.3741838677294499,0
653,0.3721666325871551,0
654,0.3775238995960952,0
655,0.40403842887581726,0
656,0.47628281307238457,0
657,0.3762862957677644,0
658,0.37519014654236715,0
659,0.36991683926883945,0
660,0.36598305495163125,0
661,0.4927766295020326,0
662,0.4171588291675514,0
663,0.3757799790059575,0
664,0.36956184094256633,0
665,0.42637343143610895,0
666,0.38073717241259075,0
667,0.3810014372404033,0
668,0.40138993634618714,0
669,0.4101285952689684,0
670,0.38993025397722425,0
671,0.38190793575264753,0
672,0.38533099179506247,0
673,0.4048296090531784,0
674,0.3773593083849822,0
675,0.38740454687031867,0
676,0.4174458847882134,0
677,0.4100209246102162,0
678,0.3838551271022658,0
679,0.3969161112060918,0
680,0.39413609415071993,0
681,0.4206012228228367,0
682,0.3974963132298756,0
683,0.4566549480391952,0
684,0.37452338078255276,0
685,0.38266472567465676,0
686,0.4111895184396854,0
687,0.38938568258306755,0
688,0.3876971628740805,0
689,0.3840115912409637,0
690,0.39873118131717217,0
691,0.38829334583049135,0
692,0.3883588628357503,0
693,0.3991356241275965,0
694,0.4042782074098912,0
695,0.3910960338894122,0
696,0.39482494855734823,0
697,0.4014435570777886,0
698,0.40655641416622035,0
699,0.39332979569705173,0
700,0.3896151135667158,0
701,0.39393410315258975,0
702,0.3962840620466654,0
703,0.4098258256452181,0
704,0.39378341499362884,0
705,0.46860025010672113,0
706,0.42346977385832074,0
707,0.4131045935431144,0
708,0.4052489150940099,0
709,0.39379869193687167,0
710,0.3936287995687524,0
711,0.4188451700032325,0
712,0.4173836914093845,0
713,0.4094143646814927,0
714,0.40721960048038663,0
715,0.3994885164717877,0
716,0.3974202803184601,0
717,0.44591898691047,0
718,0.49821186186981276,0
719,0.3928282163109318,0
720,0.441841722241912,0
721,0.40834953694652887,0
722,0.4120448187484473,0
723,0.4004818981115843,0
724,0.3999980176890309,0
725,0.40545034697670485,0
726,0.4043506478808627,0
727,0.40384976466861666,0
728,0.40761257085547664,0
729,0.4403158856671366,0
730,0.44644253078257656,0
731,0.41251726685056106,0
732,0.46550574687924035,0
733,0.4975215853729308,0
734,0.40126653811741503,0
735,0.4228039770004298,0
736,0.4102697684860769,0
737,0.4600305434073701,0
738,0.4204493603852054,0
739,0.4190658761549614,0
740,0.41748970067864744,0
741,0.4189186783004148,0
742,0.41336255319319387,0
743,0.4131687244740129,0
744,0.4147550233267518,0
745,0.44266810616861624,0
746,0.41624502758129517,0
747,0.41634134622188607,0
748,0.44352964669243083,0
749,0.4311945166619679,0
750,0.4201211943490297,0
751,0.44371914677545543,0
752,0.4265836074454539,0
753,0.47834795882626074,0
754,0.42774139941968725,0
755,0.45507443434367595,0
756,0.4284221113775643,0
757,0.4279356644858309,0
758,0.42673327656599463,0
759,0.44014069083086166,0
760,0.42631214491866454,0
761,0.48252344842818856,0
762,0.4564652207785785,0
763,0.4227583950418906,0
764,0.4249124933345336,0
765,0.4612379923123266,0
766,0.43160389056068993,0
767,0.43194698342101906,0
768,0.43219409091616573,0
769,0.4224683207748674,0
770,0.42155503536911,0
771,0.517872800233123,0
772,0.4528544798604038,0
773,0.45265799974924814,0
774,0.42447984710312175,0
775,0.42600883042009463,0
776,0.47156563466831414,0
777,0.44454562200343983,0
778,0.4526883358163223,0
779,0.45240994267216983,0
780,0.4563426684708177,0
781,0.5217799991675245,1
782,0.49222179596472493,0
783,0.4422318067335323,0
784,0.4685163637988314,0
785,0.5132259025479137,0
786,0.4544128841350015,0
787,0.4666843285378108,0
788,0.4388322440965495,0
789,0.4732443751391026,0
790,0.48000952966214067,0
791,0.48525086733236417,0
792,0.4481079621977314,0
793,0.45269505357199735,0
794,0.43977403203788434,0
795,0.4752206216534136,0
796,0.4675057471846038,0
797,0.46162504381001596,0
798,0.5285017880769622,1
799,0.5052780675785173,0
800,0.4482019237721181,0
801,0.4879683288475988,0
802,0.4542181713144714,0
803,0.4516712019357012,0
804,0.45186266367998795,0
805,0.4482144758423002,0
806,0.5230032706590719,1
807,0.4688488185227202,0
808,0.46354583736458377,0
809,0.4537324796883741,0
810,0.4558132690382649,0
811,0.528007753321283,1
812,0.4973497738798044,0
813,0.463887402490887,0
814,0.46651231129320636,0
815,0.4858492831509093,0
816,0.5090342834176307,0
817,0.4812272771489048,0
818,0.5342425966712577,1
819,0.46601203617250087,0
820,0.5242714532631233,1
821,0.5596469006848865,1
822,0.5554761507141427,1
823,0.47316286892650417,0
824,0.4688870136747474,0
825,0.5206839270054475,1
826,0.48798449775264835,0
827,0.4844467399540561,0
828,0.47705911814307134,0
829,0.5049273415894928,0
830,0.4883565309668032,0
831,0.48895504321078237,0
832,0.4784779620309978,0
833,0.4788605488560261,0
834,0.5141852062403408,0
835,0.5308098459756713,1
836,0.5037498592919729,0
837,0.5023379493578279,0
838,0.4910357808784233,0
839,0.49702685876517083,0
840,0.4916806596411619,0
841,0.48505889075679026,0
842,0.5166683310604532,0
843,0.503186601108161,0
844,0.4994795275653585,0
845,0.5214388961697788,1
846,0.5303262029902702,1
847,0.5164086082582727,0
848,0.5445398995919221,1
849,0.5474426087488772,1
850,0.505889483155879,0
851,0.5912201484483296,1
852,0.4538658894885067,0
853,0.4775549889475473,0
854,0.460992245282449,0
855,0.47519293827437803,0
856,0.45719691633132453,0
857,0.4435081014087374,0
858,0.4404836981268013,0
859,0.4416565780474688,0
860,0.45122186800118175,0
861,0.45806614405929424,0
862,0.4525848837216428,0
863,0.4272695242597107,0
864,0.49357723435381384,0
865,0.44118479013674405,0
866,0.415075094934186,0
867,0.4115833583597703,0
868,0.4427301375832288,0
869,0.4288769769424747,0
870,0.49327596889420033,0
871,0.39941595268534275,0
872,0.39482985129122156,0
873,0.41037744010991745,0
874,0.3916122978534294,0
875,0.3995146527224386,0
876,0.3809534304131648,0
877,0.38556298674601763,0
878,0.44057025099354413,0
879,0.382140741739672,0
880,0.3827341507473272,0
881,0.3849772908234642,0
882,0.37040431077829855,0
883,0.36943187660281174,0
884,0.36846572703660135,0
885,0.367343988213599,0
886,0.3664787419202175,0
887,0.3672403543154767,0
888,0.4491561900860368,0
889,0.36564399124645647,0
890,0.36084314434955717,0
891,0.42079317027315,0
892,0.36108512309905183,0
893,0.38316391217709006,0
894,0.35618585792783386,0
895,0.3660958751097692,0
896,0.3486495581287832,0
897,0.35543344522402304,0
898,0.36355278756823645,0
899,0.3504585113023799,0
900,0.373201647714166,0
901,0.34099935798465675,0
902,0.3386535704317307,0
903,0.33462723280435985,0
904,0.34180624078529187,0
905,0.3356423429057803,0
906,0.3480314638299534,0
907,0.3485292707136801,0
908,0.4163777727194904,0
909,0.34822312527107163,0
910,0.3327735864193687,0
911,0.33729500168169974,0
912,0.3461116566056165,0
913,0.3762715008212427,0
914,0.36367553633349825,0
915,0.33504185783363494,0
916,0.3322153113248776,0
917,0.3511852372358109,0
918,0.36150801831155377,0
919,0.3555309810451409,0
920,0.3889038489863132,0
921,0.34203288432218176,0
922,0.33640597903144875,0
923,0.33336667757642585,0
924,0.33488671983625473,0
925,0.34161972430555754,0
926,0.41479893584815203,0
927,0.3419839015597609,0
928,0.3363292038249383,0
929,0.3326047976274191,0
930,0.3436658235427106,0
931,0.3382126166633886,0
932,0.34706615084401893,0
933,0.34234270355829116,0
934,0.3838292356458871,0
935,0.34865766676415194,0
936,0.439497510223094,0
937,0.37505073730647726,0
938,0.3387752280662858,0
939,0.3374773822801501,0
940,0.3333883522985861,0
941,0.3328993506872093,0
942,0.35060441894385974,0
943,0.35839910621450327,0
944,0.33922720119962696,0
945,0.3751794027702894,0
946,0.33780077702239925,0
947,0.3363503469839206,0
948,0.3461756276442996,0
949,0.3374186320589109,0
950,0.33536091059388645,0
951,0.33523259426694735,0
952,0.3333995565980985,0
953,0.34430377768042064,0
954,0.3359967546969736,0
955,0.33561010511876693,0
956,0.3478150802500047,0
957,0.3356395689473044,0
958,0.3960831914563155,0
959,0.3452608277920069,0
960,0.3518499061271293,0
961,0.36834591684357804,0
962,0.33594481688621547,0
963,0.34866065185014855,0
964,0.3350213663873091,0
965,0.34043097070370554,0
966,0.3507802135706338,0
967,0.36915048650969723,0
968,0.3507086559240475,0
969,0.3442613722502192,0
970,0.34925251759678716,0
971,0.36454523940689404,0
972,0.33768445472745573,0
973,0.34828954287060865,0
974,0.3345748048983692,0
975,0.33445387486304357,0
976,0.3473031638931669,0
977,0.33441831133011857,0
978,0.3347875015569557,0
979,0.3376764004723892,0
980,0.34144603750440805,0
981,0.3811550346751873,0
982,0.3404575314592495,0
983,0.33437688367797763,0
984,0.33533586006152044,0
985,0.3432450861438346,0
986,0.3759023092421465,0
987,0.34104299146477113,0
988,0.34375286754707224,0
989,0.36403883859324554,0
990,0.4188964603346061,0
991,0.4311287431925645,0
992,0.3344973121523098,0
993,0.33724482841654363,0
994,0.3825890032355461,0
995,0.39782385155864325,0
996,0.3357154480943665,0
997,0.3359678415195595,0
998,0.33615661947508224,0
999,0.3429275813450567,0
1000,0.34464559349066404,0
1001,0.33634911479507507,0
1002,0.3355518131702764,0
1003,0.3354733209898506,0
1004,0.3813078675828105,0
1005,0.43059730467355545,0
1006,0.33905778017424776,0
1007,0.3368276518838416,0
1008,0.3365909435222383,0
1009,0.3421810411968706,0
1010,0.3561008180703507,0
1011,0.3344973121523098,0
1012,0.3334086272001108,0
1013,0.3515297035084151,0
1014,0.344194181157729,0
1015,0.34129368940865806,0
1016,0.3398393955035725,0
1017,0.33985889115963136,0
1018,0.33519761678510535,0
1019,0.3623951787083617,0
1020,0.3517775941399219,0
1021,0.35306153019387854,0
1022,0.3343612919924583,0
1023,0.3559224246307428,0
1024,0.33849744442040136,0
1025,0.34361239686924505,0
1026,0.34300903539571376,0
1027,0.33468425088984627,0
1028,0.3339248327840596,0
1029,0.41155020249255936,0
1030,0.3940002939136744,0
1031,0.35341631885122793,0
1032,0.34059188190585876,0
1033,0.36206193364073597,0
1034,0.36780597340704263,0
1035,0.33552215347386954,0
1036,0.3500832931319569,0
1037,0.3433297069837402,0
1038,0.35083228027786906,0
1039,0.3371921272945777,0
1040,0.3375366234293652,0
1041,0.3379194204315189,0
1042,0.3557452400048566,0
1043,0.3533699646733178,0
1044,0.35648639677066046,0
1045,0.3438798499422738,0
1046,0.3441845778424437,0
1047,0.347626609534489,0
1048,0.3825727951446353,0
1049,0.33525892160287757,0
1050,0.3440357912768223,0
1051,0.35348315185664536,0
1052,0.3358148791271612,0
1053,0.38372081264249297,0
1054,0.34259093535991114,0
1055,0.33382880575831086,0
1056,0.33610782105011106,0
1057,0.3346997751839431,0
1058,0.3365547001295669,0
1059,0.3362034407127751,0
1060,0.3393606582849798,0
1061,0.33437508784702735,0
1062,0.3437015277263455,0
1063,0.35792020656591406,0
1064,0.3811289867739778,0
1065,0.33964397742374813,0
1066,0.3443929000817772,0
1067,0.3539968045727766,0
1068,0.3868742109979433,0
1069,0.3415356699412699,0
1070,0.34474160521863706,0
1071,0.38063239166034907,0
1072,0.35688525170749413,0
1073,0.3399253834450329,0
1074,0.3526712353959407,0
1075,0.3784221230702328,0
1076,0.38651645275204327,0
1077,0.35141700463914066,0
1078,0.3400000811717178,0
1079,0.3696859254590527,0
1080,0.4068948458004225,0
1081,0.33700375737206234,0
1082,0.33791838291248166,0
1083,0.33526585392919694,0
1084,0.34314128253182674,0
1085,0.34403001022931856,0
1086,0.34512217603767836,0
1087,0.34940873549173074,0
1088,0.3622586093288467,0
1089,0.3379431968662602,0
1090,0.3386314702963125,0
1091,0.3710279964498114,0
1092,0.4243576578571372,0
1093,0.48969399780516154,0
1094,0.4940466235116641,0
1095,0.5183806668377777,0
1096,0.5176062749576179,0
1097,0.4942910864631191,0
1098,0.48268459920918994,0
1099,0.47746375938998903,0
1100,0.46464876107679465,0
1101,0.5030779972093642,0
1102,0.3850714287184645,0
1103,0.40292386808055447,0
1104,0.41309800028441857,0
1105,0.42642945799338117,0
1106,0.3428709318617173,0
1107,0.3615562710933829,0
1108,0.3518803694714968,0
1109,0.36426369029888156,0
1110,0.384604242070909,0
1111,0.5128045250729805,0
1112,0.41849968516061115,0
1113,0.3889759341833629,0
1114,0.38931871775194665,0
1115,0.3650952578492753,0
1116,0.5122081871612751,0
1117,0.4200496518513303,0
1118,0.3780257033034222,0
1119,0.362223512476704,0
1120,0.38138165563909093,0
1121,0.37353629393776944,0
1122,0.3962436208824365,0
1123,0.38516036889672456,0
1124,0.3575806489927711,0
1125,0.37877515389441146,0
1126,0.39450756850331375,0
1127,0.3800718080614469,0
1128,0.450621468073056,0
1129,0.3589559873557844,0
1130,0.3872273660356704,0
1131,0.36881159548932896,0
1132,0.3709266322826304,0
1133,0.3695309762935669,0
1134,0.35419799165549803,0
1135,0.3624800347220096,0
1136,0.36702053525793843,0
1137,0.3643702870585176,0
1138,0.36469349496508874,0
1139,0.36709967936718835,0
1140,0.365803970484225,0
1141,0.3536266583218874,0
1142,0.3688359118054752,0
1143,0.3682268320972764,0
1144,0.37165546718544124,0
1145,0.38616303528845286,0
1146,0.3782450557195062,0
1147,0.38076282262867295,0
1148,0.3827028567537312,0
1149,0.3518439618567497,0
1150,0.3608504118362569,0
1151,0.3854469618889433,0
1152,0.3756847990892575,0
1153,0.4244828500033992,0
1154,0.3539240448536766,0
1155,0.4175442498602932,0
1156,0.3782673927309873,0
1157,0.3910909841630298,0
1158,0.39495872736599424,0
1159,0.3688547396594044,0
1160,0.3670076014740361,0
1161,0.36865231178292157,0
1162,0.36553460573293445,0
1163,0.37152789594992863,0
1164,0.3671467149529997,0
1165,0.37211266430072354,0
1166,0.38754591589284926,0
1167,0.37389082443768495,0
1168,0.3652807997264829,0
1169,0.38068068155130974,0
1170,0.3560051344945527,0
1171,0.39455957243334144,0
1172,0.36097611167516586,0
1173,0.38982188434184045,0
1174,0.35927070379008424,0
1175,0.37497659197026506,0
1176,0.38072251408432467,0
1177,0.37756155579490014,0
1178,0.38861231462545737,0
1179,0.3729836978973447,0
1180,0.3617440372569202,0
1181,0.3747246676376206,0
1182,0.42411028255795,0
1183,0.47480950505399544,0
1184,0.41529489780535195,0
1185,0.46082655762140795,0
1186,0.3701948210344096,0
1187,0.38599729915455655,0
1188,0.3606189520020896,0
1189,0.3651575852659098,0
1190,0.3621685896041574,0
1191,0.4150289329344588,0
1192,0.38486090888330077,0
1193,0.41367424268952274,0
1194,0.3563861472970425,0
1195,0.38304530064369974,0
1196,0.3612482948876029,0
1197,0.3614352599281464,0
1198,0.3691465494235325,0
1199,0.36248803166374505,0
1200,0.37759893695187163,0
1201,0.3679164897158723,0
1202,0.3657857009724794,0
1203,0.3692904984053633,0
1204,0.36314067093836666,0
1205,0.36773200880595913,0
1206,0.38731883695241537,0
1207,0.3750881775098347,0
1208,0.3646621248202394,0
1209,0.37357623405135204,0
1210,0.42113401734642386,0
1211,0.3683837894610601,0
1212,0.37023551816086275,0
1213,0.3764625518690939,0
1214,0.3800265482455345,0
1215,0.3972748099965819,0
1216,0.37905871158370463,0
1217,0.39064532032224214,0
1218,0.38225540277463244,0
1219,0.3655135793485795,0
1220,0.3879800830563267,0
1221,0.3836476436060162,0
1222,0.3850243754162912,0
1223,0.3922419070298891,0
1224,0.4084923637692647,0
1225,0.41407968726073735,0
1226,0.40003513525189516,0
1227,0.40364203048991504,0
1228,0.37765783634955175,0
1229,0.3602565736125725,0
1230,0.3767537021499132,0
1231,0.38157346754027766,0
1232,0.37797223972013444,0
1233,0.38147615162601795,0
1234,0.36221576787065335,0
1235,0.39853367209013674,0
1236,0.38156183436262786,0
1237,0.36424787802422404,0
1238,0.3603521093586299,0
1239,0.3574149575417945,0
1240,0.3677196429840933,0
1241,0.35722943610463476,0
1242,0.354506616466634,0
1243,0.3771182852703982,0
1244,0.35542123352463334,0
1245,0.36036846742207673,0
1246,0.4073142341444466,0
1247,0.3862501171014998,0
1248,0.4136720326560319,0
1249,0.36070601592843415,0
1250,0.46012543262255007,0
1251,0.374882813167625,0
1252,0.37640774397237,0
1253,0.38842367136572564,0
1254,0.36613170238979703,0
1255,0.37222939859494975,0
1256,0.40631131092997896,0
1257,0.37707279888124984,0
1258,0.3677419496837512,0
1259,0.36470045460667055,0
1260,0.36155887060982406,0
1261,0.3834807978055485,0
1262,0.3821282954467267,0
1263,0.37083156206309836,0
1264,0.38058737488506517,0
1265,0.42718785967072853,0
1266,0.388511325599581,0
1267,0.4342731978230999,0
1268,0.3836018506907662,0
1269,0.3930834129114911,0
1270,0.35924656337906025,0
1271,0.3878574283136497,0
1272,0.3715745363315167,0
1273,0.36188786410659757,0
1274,0.354606623330928,0
1275,0.3634437722807784,0
1276,0.3921540522113244,0
1277,0.38699772286682743,0
1278,0.36452229610842724,0
1279,0.36353479554746637,0
1280,0.37722247028000716,0
1281,0.36679571450180576,0
1282,0.3769505874971077,0
1283,0.3695390148224205,0
1284,0.37990894358455646,0
1285,0.3752381113335085,0
1286,0.40271143332553666,0
1287,0.3905656068358244,0
1288,0.3898700166616706,0
1289,0.42508511689415274,0
1290,0.38080967205635285,0
1291,0.43961385784700185,0
1292,0.3848661229529531,0
1293,0.4166093443024812,0
1294,0.37440511262514975,0
1295,0.36754995062878404,0
1296,0.36734618666991803,0
1297,0.38265190270715904,0
1298,0.38029073304414607,0
1299,0.36379519306258856,0
1300,0.381480104287027,0
1301,0.369555549952531,0
1302,0.3706198310853347,0
1303,0.37830504984165153,0
1304,0.4142681992997197,0
1305,0.37118983031942565,0
1306,0.37889992571838726,0
1307,0.3663723431289513,0
1308,0.37525382129233753,0
1309,0.3645233760768745,0
1310,0.3693981327560502,0
1311,0.4005715821891945,0
1312,0.3818940600026748,0
1313,0.42270008753568344,0
1314,0.3639891162952612,0
1315,0.3862998352347171,0
1316,0.3774311822141107,0
1317,0.37425215061793216,0
1318,0.3907994082824058,0
1319,0.3630147450173773,0
1320,0.37875464622041066,0
1321,0.375687429338951,0
1322,0.375929390894928,0
1323,0.3765832982455894,0
1324,0.3631411381952065,0
1325,0.3659279818010991,0
1326,0.3859569494532018,0
1327,0.37269337714397405,0
1328,0.3779220770327415,0
1329,0.36206064097506396,0
1330,0.374789131207877,0
1331,0.3826738633775408,0
1332,0.3794288460130173,0
1333,0.38876645606013166,0
1334,0.3836420098163372,0
1335,0.37634340369468333,0
1336,0.39468489795958434,0
1337,0.3778073700677681,0
1338,0.37165906715800556,0
1339,0.36245943205237663,0
1340,0.3767520559196076,0
1341,0.3799403690949317,0
1342,0.38451993805423923,0
1343,0.4533153097049947,0
1344,0.36084172332715597,0
1345,0.4747055151210964,0
1346,0.3726953112526991,0
1347,0.4098157691247764,0
1348,0.3701890735551803,0
1349,0.37521150234807443,0
1350,0.3680621870120915,0
1351,0.36926917273698445,0
1352,0.3708770699248589,0
1353,0.372136485217269,0
1354,0.3573879436218381,0
1355,0.36225402425413444,0
1356,0.37261775652262735,0
1357,0.3808039429994831,0
1358,0.3759538221046666,0
1359,0.35837199138234244,0
1360,0.3747499850915037,0
1361,0.3715523688625614,0
1362,0.36007741014045075,0
1363,0.3644936027185832,0
1364,0.3643438549360996,0
1365,0.3677831897483915,0
1366,0.39013531552398023,0
1367,0.3775502964941963,0
1368,0.3762566925192223,0
1369,0.38510361658963727,0
1370,0.397748444783702,0
1371,0.3685149348430009,0
1372,0.36922037542300995,0
1373,0.3881366194453904,0
1374,0.36387600695454836,0
1375,0.3594676628985326,0
1376,0.35616399304131485,0
1377,0.38117859513103547,0
1378,0.36594323545349783,0
1379,0.40444889878140255,0
1380,0.39083773477690203,0
1381,0.3968320523179437,0
1382,0.3877867539918718,0
1383,0.5201327150117933,0
1384,0.4466741726078242,0
1385,0.44083700070911197,0
1386,0.4245449732333719,0
1387,0.5523259746879081,1
1388,0.459398323626112,0
1389,0.5653663116073209,1
1390,0.5027581648712907,0
1391,0.48643033682038156,0
1392,0.5109618814665223,0
1393,0.5308761872886439,1
1394,0.48982635027019483,0
1395,0.4984165711108518,0
1396,0.4048978403442697,0
1397,0.36538852028759317,0
1398,0.3447468457742121,0
1399,0.3574309543411643,0
1400,0.3401395060355104,0
1401,0.3419067726326711,0
1402,0.34261260921861725,0
1403,0.33903678635444406,0
1404,0.3387166437330914,0
1405,0.3497636945481063,0
1406,0.35125403917397013,0
1407,0.36420792226700455,0
1408,0.36767621616274004,0
1409,0.3956800801476121,0
1410,0.3707453951200493,0
1411,0.34384866336129266,0
1412,0.3415528362428663,0
1413,0.3500184757562385,0
1414,0.3587834663904743,0
1415,0.37262789375694355,0
1416,0.34285625621125165,0
1417,0.34724615083018356,0
1418,0.34331195732188957,0
1419,0.3929000860123363,0
1420,0.37578507364332947,0
1421,0.35198974889005114,0
1422,0.34766932291848657,0
1423,0.34692172707484786,0
1424,0.35661719475182274,0
1425,0.35552526132817697,0
1426,0.3959544046696615,0
1427,0.3780000030399795,0
1428,0.40432273265811053,0
1429,0.3724582336070688,0
1430,0.3591819362363851,0
1431,0.37329425746941297,0
1432,0.3917948088575185,0
1433,0.36034001690604023,0
1434,0.3669706603561126,0
1435,0.38186283663144654,0
1436,0.4315042967110504,0
1437,0.37410018361099295,0
1438,0.37229402499088204,0
1439,0.3825965498156683,0
1440,0.40601447179769606,0
1441,0.3667817912387887,0
1442,0.35915137576920936,0
1443,0.36117092226562963,0
1444,0.36832276964522154,0
1445,0.4355106043288105,0
1446,0.3530380869627318,0
1447,0.3504759011405922,0
1448,0.3542163915573989,0
1449,0.36313443710431875,0
1450,0.35343312947126365,0
1451,0.3375973883364903,0
1452,0.3916340478322469,0
1453,0.3961008530451301,0
1454,0.34737651424777294,0
1455,0.3371797661792503,0
1456,0.3394384930837772,0
1457,0.3419153741870328,0
1458,0.33333133490618067,0
1459,0.33734864225426786,0
1460,0.33635350868431046,0
1461,0.34409325676594477,0
1462,0.33384657917289845,0
1463,0.3393539734398942,0
1464,0.3470291084234112,0
1465,0.35676533361224844,0
1466,0.33834944212329365,0
1467,0.3353734470654051,0
1468,0.35328146703943986,0
1469,0.40834475912176643,0
1470,0.3478222842211953,0
1471,0.3453073943992491,0
1472,0.34444064648518685,0
1473,0.3428453486894415,0
1474,0.3604842889143292,0
1475,0.3728172930672987,0
1476,0.33393828901455364,0
1477,0.33769699379782053,0
1478,0.33349148896070924,0
1479,0.33901415013053443,0
1480,0.33548827226033723,0
1481,0.3787047740439848,0
1482,0.3440370771135072,0
1483,0.3573508707554271,0
1484,0.3324338708627681,0
1485,0.34253377843432353,0
1486,0.3359395739358535,0
1487,0.3348271666663546,0
1488,0.3437174823976661,0
1489,0.33924330644516365,0
1490,0.34473343975425547,0
1491,0.3335337939755225,0
1492,0.3346484683339894,0
1493,0.35002350738423965,0
1494,0.3409390974455334,0
1495,0.3410069135890819,0
1496,0.34386406010046666,0
1497,0.33663592124092856,0
1498,0.36255266116460927,0
1499,0.3365924700825096,0
1500,0.4271421575018411,0
1501,0.3535865503134928,0
1502,0.35219234906584085,0
1503,0.41272425803380347,0
1504,0.3518447742784396,0
1505,0.35164297117467214,0
1506,0.34040340297823546,0
1507,0.3333738826754643,0
1508,0.35466703858562243,0
1509,0.33939198550612004,0
1510,0.346608142835553,0
1511,0.36748474257583047,0
1512,0.3575266977943324,0
1513,0.3333738826754643,0
1514,0.3464538088922568,0
1515,0.3459150753052998,0
1516,0.37974461574149215,0
1517,0.6937199329196008,1
1518,0.5848506643226198,1
1519,0.5706484078848694,1
1520,0.6139677888356432,1
1521,0.5359237737964604,1
1522,0.3542853314756281,0
1523,0.36134161740425497,0
1524,0.3872025865164991,0
1525,0.45123915432357925,0
1526,0.3460605837363283,0
1527,0.34465584143461986,0
1528,0.3412881064754166,0
1529,0.3458675372111492,0
1530,0.3434865592377011,0
1531,0.353693992160158,0
1532,0.34722294361677797,0
1533,0.3552540906493618,0
1534,0.3486445663228664,0
1535,0.34383175155265183,0
1536,0.356668791962521,0
1537,0.34920313154644517,0
1538,0.34360557279591164,0
1539,0.34849070087947603,0
1540,0.3607448820567127,0
1541,0.342842750421422,0
1542,0.34304968657143026,0
1543,0.34246663395783555,0
1544,0.35158881607817805,0
1545,0.355935455376229,0
1546,0.34136896385037346,0
1547,0.3408445980516888,0
1548,0.33980885425263296,0
1549,0.3563589773512567,0
1550,0.3772711755582586,0
1551,0.3433611630675699,0
1552,0.34915782740196816,0
1553,0.35002049734391255,0
1554,0.37049473790343845,0
1555,0.35097724781486783,0
1556,0.34520434874257055,0
1557,0.3445265468144753,0
1558,0.3589832715822928,0
1559,0.3499348854496041,0
1560,0.3582796999114304,0
1561,0.3527011887544111,0
1562,0.37837091459031297,0
1563,0.36696612600106987,0
1564,0.3487324263510478,0
1565,0.3630862718890438,0
1566,0.3629613946072935,0
1567,0.3491936758745746,0
1568,0.3578694709072059,0
1569,0.3633400809223094,0
1570,0.3648369745589136,0
1571,0.35671306885008136,0
1572,0.356224032097393,0
1573,0.35688816044002275,0
1574,0.36097474184431566,0
1575,0.34570071645221334,0
1576,0.36558245360279545,0
1577,0.3504263501599613,0
1578,0.3443545340052907,0
1579,0.3439735784288278,0
1580,0.4383771753714425,0
1581,0.3401911261474083,0
1582,0.3502893948291142,0
1583,0.33431760618743145,0
1584,0.3605826382464231,0
1585,0.35062161465805003,0
1586,0.3644860719384821,0
1587,0.3443343325146284,0
1588,0.36512489888752475,0
1589,0.33818474989592767,0
1590,0.3391406153371883,0
1591,0.3444729787101537,0
1592,0.34999056379032656,0
1593,0.3529891873551331,0
1594,0.3406690011356154,0
1595,0.34672942809528434,0
1596,0.3343453415540466,0
1597,0.3436753556529595,0
1598,0.36780496437288634,0
1599,0.33968433745814725,0
1600,0.3758376831761359,0
1601,0.3567406175345492,0
1602,0.3510397950547633,0
1603,0.33661780523843643,0
1604,0.34623672778157966,0
1605,0.34441071991829336,0
1606,0.34871453630745414,0
1607,0.33902804229905364,0
1608,0.3910565837908505,0
1609,0.34724900480463655,0
1610,0.34938424693393616,0
1611,0.3365623986923388,0
1612,0.33661291180175945,0
1613,0.37476709327708496,0
1614,0.3620235648965786,0
1615,0.34579534427406355,0
1616,0.352760510958155,0
1617,0.34209843147542945,0
1618,0.36808155628357075,0
1619,0.33495362390030964,0
1620,0.3380894171384973,0
1621,0.3710631204308076,0
1622,0.3364035992136366,0
1623,0.3330236748102586,0
1624,0.3624080514160509,0
1625,0.3426026004195781,0
1626,0.401098351819976,0
1627,0.33696167104015357,0
1628,0.3391262640286321,0
1629,0.3354741331038966,0
1630,0.37831857787568035,0
1631,0.34180156966428743,0
1632,0.33414689532777514,0
1633,0.33679686592961694,0
1634,0.33587033795319365,0
1635,0.33688902777085716,0
1636,0.335421350141119,0
1637,0.3409477387820977,0
1638,0.34236541429655554,0
1639,0.3354654176201797,0
1640,0.3506214727616356,0
1641,0.33639713011800776,0
1642,0.3429517338450656,0
1643,0.3471048206745696,0
1644,0.3471816807838064,0
1645,0.33446672140464917,0
1646,0.37712101229371325,0
1647,0.3376343858986902,0
1648,0.34889575103562315,0
1649,0.33878869371762765,0
1650,0.33580161938370295,0
1651,0.3372137541107876,0
1652,0.33706320124931516,0
1653,0.3356607204091448,0
1654,0.34256789683860767,0
1655,0.4442066504810498,0
1656,0.34082836169755243,0
1657,0.33721018738656383,0
1658,0.3572282480855861,0
1659,0.3371387647434319,0
1660,0.36297736839092626,0
1661,0.3418044161306254,0
1662,0.35278985170457133,0
1663,0.33445387486304357,0
1664,0.33623459715960946,0
1665,0.38295944786103614,0
1666,0.3533699646733178,0
1667,0.350201743949012,0
1668,0.3368808940909936,0
1669,0.3515713628007761,0
1670,0.3512735555300294,0
1671,0.3599241334673295,0
1672,0.34478925575795366,0
1673,0.3426640367003769,0
1674,0.3439519754370646,0
1675,0.343999302284802,0
1676,0.3500737980961122,0
1677,0.34534209534615495,0
1678,0.3699601736236632,0
1679,0.3452562303154061,0
1680,0.34205233941520374,0
1681,0.33921420141754904,0
1682,0.337605762032085,0
1683,0.33634657883330765,0
1684,0.3348873992118644,0
1685,0.4097669173481882,0
1686,0.3597776343084202,0
1687,0.351026170453112,0
1688,0.34296373811195274,0
1689,0.4381179251237562,0
1690,0.42263267291463574,0
1691,0.3406724702520474,0
1692,0.3607349010423461,0
1693,0.36054701077508067,0
1694,0.35972519712516043,0
1695,0.35669140940531674,0
1696,0.3364302492031002,0
1697,0.4152939075451755,0
1698,0.3855294340587607,0
1699,0.33723108844322164,0
1700,0.36663377726625074,0
1701,0.37135168641361976,0
1702,0.37691501330214916,0
1703,0.3473869605520197,0
1704,0.37305925545047375,0
1705,0.3719492775376002,0
1706,0.3441193882271802,0
1707,0.3455045477191768,0
1708,0.3458555768277085,0
1709,0.3359165823237168,0
1710,0.36938655291700184,0
1711,0.35236001655918825,0
1712,0.35167102373046955,0
1713,0.35813586790071933,0
1714,0.3375966965909996,0
1715,0.3447457404541251,0
1716,0.36481153440328534,0
1717,0.3511479444461026,0
1718,0.3495192283317487,0
1719,0.35765457719458177,0
1720,0.3499361900434578,0
1721,0.3450813968900654,0
1722,0.39742498454990355,0
1723,0.39959311663558666,0
1724,0.34445862513272313,0
1725,0.38631576975879367,0
1726,0.3645692396559697,0
1727,0.36919899887356256,0
1728,0.36133160805256065,0
1729,0.3472405579840613,0
1730,0.3475504425493782,0
1731,0.40127482654260554,0
1732,0.36241716323820833,0
1733,0.3874626114526862,0
1734,0.3427539733756319,0
1735,0.3931213078544673,0
1736,0.3639192371054412,0
1737,0.3653424767836507,0
1738,0.3514196940998306,0
1739,0.3457456067868755,0
1740,0.40312732297384324,0
1741,0.3822004052994117,0
1742,0.38217219564210997,0
1743,0.37346020936696345,0
1744,0.3729663969619608,0
1745,0.3886374029995193,0
1746,0.3782464745321259,0
1747,0.3721179790578036,0
1748,0.36693736077210837,0
1749,0.3755757978090966,0
1750,0.37550408273853614,0
1751,0.3926885885298105,0
1752,0.3772861152169626,0
1753,0.3618783545369304,0
1754,0.36281911679238615,0
1755,0.40251126294617623,0
1756,0.37323241923781375,0
1757,0.37322009942920975,0
1758,0.3634350520086294,0
1759,0.36291153264813936,0
1760,0.3629578008935865,0
1761,0.3936406205988408,0
1762,0.3855620823314539,0
1763,0.3842445655709179,0
1764,0.3696127095106145,0
1765,0.3908738694527742,0
1766,0.37882304723208843,0
1767,0.3781546302330395,0
1768,0.4082582470821998,0
1769,0.3647156993287721,0
1770,0.38985102112408515,0
1771,0.3987372398309973,0
1772,0.40439346543003735,0
1773,0.37101909538858774,0
1774,0.3670039080065594,0
1775,0.48193198462721415,0
1776,0.4020117281336241,0
1777,0.37002287411507695,0
1778,0.38489634041037457,0
1779,0.3736749655333406,0
1780,0.3662963393931737,0
1781,0.4050968675282097,0
1782,0.39115269339114334,0
1783,0.4403886826380621,0
1784,0.36101966398367613,0
1785,0.3808064935647362,0
1786,0.3817391052921375,0
1787,0.3727441889350447,0
1788,0.39602323129668054,0
1789,0.3674936214358217,0
1790,0.3692887547439749,0
1791,0.37193849279894925,0
1792,0.4101191052144446,0
1793,0.47228651091232804,0
1794,0.37851890103787567,0
1795,0.3811671875043023,0
1796,0.4096095918492879,0
1797,0.3911934764873632,0
1798,0.39089379071009817,0
1799,0.3775764448183748,0
1800,0.40090008657047593,0
1801,0.39406538882583503,0
1802,0.42574750840894643,0
1803,0.39580848748524017,0
1804,0.3841380517718636,0
1805,0.39979664010605337,0
1806,0.4204893655188419,0
1807,0.49540069641176787,0
1808,0.4632492863080405,0
1809,0.3829301571288214,0
1810,0.40194337549398135,0
1811,0.4016757303241797,0
1812,0.39827095343225705,0
1813,0.4025862100051693,0
1814,0.3910700284988113,0
1815,0.4670904395609467,0
1816,0.39810796184603137,0
1817,0.3951458451464473,0
1818,0.39946841775216185,0
1819,0.3925675839026725,0
1820,0.39615346284079006,0
1821,0.4195077355691909,0
1822,0.410665058788326,0
1823,0.4240127561903213,0
1824,0.40611896848132895,0
1825,0.4094833900055566,0
1826,0.4220336036379114,0
1827,0.3933898579346706,0
1828,0.4187652342507429,0
1829,0.3968965590663557,0
1830,0.4125866804732118,0
1831,0.4006032914604033,0
1832,0.4163635102578654,0
1833,0.4138252253266444,0
1834,0.4085048481026115,0
1835,0.39606552626211194,0
1836,0.4315872128990971,0
1837,0.4058103275922128,0
1838,0.4024904961165679,0
1839,0.44246654729960355,0
1840,0.4134494014893459,0
1841,0.4038084059361607,0
1842,0.40448691286467553,0
1843,0.40517248034511116,0
1844,0.40321896863649054,0
1845,0.4166761813708414,0
1846,0.4050532895278164,0
1847,0.4042537384374079,0
1848,0.4054715619778892,0
1849,0.406185204647373,0
1850,0.40961799367383284,0
1851,0.4869072935383082,0
1852,0.41472897148625393,0
1853,0.418103132352802,0
1854,0.4340284129372224,0
1855,0.41124666203799737,0
1856,0.4387277255797452,0
1857,0.41644451452243586,0
1858,0.42111178480296996,0
1859,0.40819529649646175,0
1860,0.4471377025271341,0
1861,0.44791587859668236,0
1862,0.4474720625321317,0
1863,0.418745761345447,0
1864,0.4097369580577662,0
1865,0.4519374564093076,0
1866,0.4225389543376014,0
1867,0.43372123696262893,0
1868,0.41598746181625323,0
1869,0.4251676769302545,0
1870,0.45549226401619913,0
1871,0.4720881281668731,0
1872,0.43883756573227223,0
1873,0.48636309606202477,0
1874,0.4160352687293744,0
1875,0.4423928088838125,0
1876,0.4441817404425741,0
1877,0.4264266824170389,0
1878,0.42376241919796265,0
1879,0.42760543364965337,0
1880,0.4317398500580157,0
1881,0.43704672186070026,0
1882,0.4346070840932226,0
1883,0.4324486834701629,0
1884,0.4286780410918733,0
1885,0.41846755302324457,0
1886,0.49275047406705136,0
1887,0.4384357128282748,0
1888,0.4386308229631495,0
1889,0.43794133323749024,0
1890,0.45212737243518947,0
1891,0.5026710593937688,0
1892,0.47152056622573435,0
1893,0.44298230647242187,0
1894,0.4639066398724165,0
1895,0.4479648305514809,0
1896,0.45623383714659405,0
1897,0.4482729350285847,0
1898,0.433144296970338,0
1899,0.4361124720745825,0
1900,0.43294312956839154,0
1901,0.49886102423567336,0
1902,0.4589189574335668,0
1903,0.49065939226148825,0
1904,0.49292391463697166,0
1905,0.4497861036280773,0
1906,0.4426793568708094,0
1907,0.4804672550618804,0
1908,0.48238962273602504,0
1909,0.5265932633794019,1
1910,0.4576408162465489,0
1911,0.5373330262065302,1
1912,0.49002509862889265,0
1913,0.4523778319006306,0
1914,0.44892042414012534,0
1915,0.4713326025813471,0
1916,0.48761727799185517,0
1917,0.472845511398229,0
1918,0.5088873599919131,0
1919,0.4877268630236317,0
1920,0.46405550952868607,0
1921,0.46653442628695063,0
1922,0.4618060537439028,0
1923,0.4763272736100402,0
1924,0.455462252033305,0
1925,0.5030901004557985,0
1926,0.5057810855761712,0
1927,0.48309288333350786,0
1928,0.46378188143921956,0
1929,0.46201824221693777,0
1930,0.45971303424505716,0
1931,0.5349168402963174,1
1932,0.5341870107581268,1
1933,0.46219581254085573,0
1934,0.4841191285461601,0
1935,0.46541558545610806,0
1936,0.5138503010777498,0
1937,0.5007897907277009,0
1938,0.5401463332110118,1
1939,0.46230643342818173,0
1940,0.511074582383982,0
1941,0.4757972631471437,0
1942,0.5128328184673479,0
1943,0.5040902443948254,0
1944,0.4763324373315193,0
1945,0.49794873763943964,0
1946,0.4852887204659421,0
1947,0.48146343306383876,0
1948,0.4844231517197304,0
1949,0.492132506228887,0
1950,0.5875267495765258,1
1951,0.44662414860416433,0
1952,0.4432033447516629,0
1953,0.46068106623089977,0
1954,0.4499406920625793,0
1955,0.45167033847712706,0
1956,0.42922525650622606,0
1957,0.428527883178049,0
1958,0.4383259650760595,0
1959,0.4374140555329233,0
1960,0.4382755652725244,0
1961,0.5204024381091654,0
1962,0.5190332544435278,0
1963,0.415835265125062,0
1964,0.42928225930511876,0
1965,0.4361363932018035,0
1966,0.4140788880520268,0
1967,0.41012660347068064,0
1968,0.4249878445780207,0
1969,0.397234310363751,0
1970,0.40246818955944236,0
1971,0.3937262205828648,0
1972,0.4103810884231719,0
1973,0.3882176013947829,0
1974,0.38783604037687114,0
1975,0.3818393088316701,0
1976,0.37784617305803936,0
1977,0.370384688216242,0
1978,0.3701358924016163,0
1979,0.39132114831613524,0
1980,0.37969555870146426,0
1981,0.36405317413624094,0
1982,0.35964300787593834,0
1983,0.35932871066778854,0
1984,0.3701739630622276,0
1985,0.3833191960420731,0
1986,0.3540813703477349,0
1987,0.3622277275017019,0
1988,0.3563772690516994,0
1989,0.3673306672149623,0
1990,0.35738255134934543,0
1991,0.38369349823602056,0
1992,0.35194743728233996,0
1993,0.37896178648363177,0
1994,0.35694061031455143,0
1995,0.3416910788403511,0
1996,0.36835958640926614,0
1997,0.34128976431003116,0
1998,0.3814997722400779,0
1999,0.3382839351110043,0
2000,0.367129980972823,0
2001,0.3388217323221862,0
2002,0.33549264984287913,0
2003,0.3360901096435105,0
2004,0.3588985401766374,0
2005,0.40212910954211994,0
2006,0.3365583414089867,0
2007,0.34045669194041106,0
2008,0.39629588105966584,0
2009,0.3392686003708693,0
2010,0.3484276970963809,0
2011,0.3472159724067167,0
2012,0.3496471702836515,0
2013,0.3542713218217856,0
2014,0.35091555206296454,0
2015,0.36398715834487294,0
2016,0.3445934640385659,0
2017,0.340144413541031,0
2018,0.3383785197965344,0
2019,0.3368824514203261,0
2020,0.33729017432108366,0
2021,0.3481883850611991,0
2022,0.3544657609827996,0
2023,0.34010610136671754,0
2024,0.3406672058718362,0
2025,0.3400892284888516,0
2026,0.3619147294806157,0
2027,0.3401130903610331,0
2028,0.3475813008567212,0
2029,0.35805940251836565,0
2030,0.380021485863826,0
2031,0.335094622983361,0
2032,0.35098068524376763,0
2033,0.3392686003708693,0
2034,0.3488430126661466,0
2035,0.36906748229804287,0
2036,0.3371189757908114,0
2037,0.34129052347324773,0
2038,0.3472687572678472,0
2039,0.3392988210572675,0
2040,0.3408783189422259,0
2041,0.3465801240799943,0
2042,0.35300301359050607,0
2043,0.3443152530684099,0
2044,0.34950730431406246,0
2045,0.336861172478604,0
2046,0.3483949495708928,0
2047,0.34556176550092027,0
2048,0.34274367434130565,0
2049,0.3354424066036379,0
2050,0.3388053968738355,0
2051,0.33917005152392704,0
2052,0.36236188617097737,0
2053,0.34031686419085955,0
2054,0.34259310691953726,0
2055,0.34347145211717983,0
2056,0.3634520093861103,0
2057,0.3423434496113766,0
2058,0.34293133985344687,0
2059,0.34269777892679315,0
2060,0.3670493830601928,0
2061,0.355223710874612,0
2062,0.34019776258268664,0
2063,0.34221594602041183,0
2064,0.4230292939766275,0
2065,0.3569106862471347,0
2066,0.4066476190332214,0
2067,0.34076561024234153,0
2068,0.4097665620631539,0
2069,0.37014320666010875,0
2070,0.34268426909794975,0
2071,0.36139584652787704,0
2072,0.3396651466676284,0
2073,0.3691240327492773,0
2074,0.34521608934399856,0
2075,0.34125645321772785,0
2076,0.3489647400430054,0
2077,0.34123449870858397,0
2078,0.35338377776491103,0
2079,0.345288390315911,0
2080,0.33725329515684016,0
2081,0.33973276320984697,0
2082,0.34522717700947714,0
2083,0.4188164402104682,0
2084,0.3424242569005187,0
2085,0.34900737486865624,0
2086,0.3379452410196832,0
2087,0.3368998477031019,0
2088,0.4333391501821653,0
2089,0.3780156870505456,0
2090,0.3381529575396578,0
2091,0.33944899830773917,0
2092,0.3398710085692994,0
2093,0.3879273004600716,0
2094,0.3441547234720208,0
2095,0.35849451929735565,0
2096,0.34743562394608035,0
2097,0.3414465865044997,0
2098,0.36292652934852704,0
2099,0.3430377255890631,0
2100,0.3478176958242579,0
2101,0.3480788859450505,0
2102,0.33979984465704477,0
2103,0.33825818459265217,0
2104,0.3665129939064967,0
2105,0.35710901196999906,0
2106,0.3459677034233141,0
2107,0.34438121752185274,0
2108,0.3515581314412807,0
2109,0.3448901458499831,0
2110,0.3496670267383525,0
2111,0.3415282575927062,0
2112,0.3396705310678635,0
2113,0.3428501482657313,0
2114,0.3402178187066301,0
2115,0.3446966033438711,0
2116,0.34106069659913063,0
2117,0.34574131132593944,0
2118,0.33862196850591014,0
2119,0.34161337356836025,0
2120,0.34324442295998514,0
2121,0.3476089698659085,0
2122,0.3455007716926107,0
2123,0.33902052740979427,0
2124,0.3485083712698395,0
2125,0.34243890919984105,0
2126,0.3564766723051643,0
2127,0.34661408818635797,0
2128,0.37696016581954506,0
2129,0.3451906438650035,0
2130,0.34713705885481144,0
2131,0.34118201213001415,0
2132,0.3414774799567336,0
2133,0.33817990965158345,0
2134,0.358617413107675,0
2135,0.4392275635343488,0
2136,0.3409207310781171,0
2137,0.38963041235348,0
2138,0.352126172391945,0
2139,0.41777552136051965,0
2140,0.3900009952364939,0
2141,0.3505679070097795,0
2142,0.35919945572990336,0
2143,0.34819381675322447,0
2144,0.35196566313299416,0
2145,0.3743220085284841,0
2146,0.33750872323411213,0
2147,0.3432768171036977,0
2148,0.3719224783162403,0
2149,0.35626184413892775,0
2150,0.4057129493967132,0
2151,0.3546923997081619,0
2152,0.3440717524916255,0
2153,0.3412443253893758,0
2154,0.3411229782213457,0
2155,0.3410130716780871,0
2156,0.35425348698658354,0
2157,0.36506677618255323,0
2158,0.3471377319360797,0
2159,0.3804988647364603,0
2160,0.37552088630499375,0
2161,0.3386262149622075,0
2162,0.3412955350221453,0
2163,0.35133508847649486,0
2164,0.37250963413819266,0
2165,0.3453821396214147,0
2166,0.3579823079425804,0
2167,0.3391543859702558,0
2168,0.3397453379303423,0
2169,0.40240485263988873,0
2170,0.3588858773728695,0
2171,0.354651225198882,0
2172,0.3410956347121702,0
2173,0.3595728530653604,0
2174,0.7063338840259317,1
2175,0.6749762655038613,1
2176,0.7004860350510093,1
2177,0.7062013345597979,1
2178,0.7189132164415775,1
2179,0.7256900210609051,1
2180,0.7296286061139736,1
2181,0.7380921601840571,1
2182,0.7439090064677976,1
2183,0.7459250078489443,1
2184,0.7516108159713771,1
2185,0.7579943918266325,1
2186,0.7656857352580368,1
2187,0.7706771528566296,1
2188,0.7769597781541013,1
2189,0.779856406256511,1
2190,0.7811766229228906,1
2191,0.7848851318222239,1
2192,0.7859479358168779,1
2193,0.7918191345614413,1
2194,0.7958473512321766,1
2195,0.7996255070268447,1
2196,0.8034215990013426,1
2197,0.8061441217545932,1
2198,0.8086022793195793,1
2199,0.8124409870597799,1
2200,0.7122241847576611,1
2201,0.5896924972704046,1
2202,0.5897530746360757,1
2203,0.6158096169996627,1
2204,0.5932695187679463,1
2205,0.588745142236451,1
2206,0.5908253493199271,1
2207,0.5888554731044126,1
2208,0.6000442957101048,1
2209,0.5954184263822758,1
2210,0.5902762645488765,1
2211,0.5927511040213885,1
2212,0.5893078070054824,1
2213,0.5913973392182312,1
2214,0.5994662293478392,1
2215,0.5896079781349255,1
2216,0.5890518408818005,1
2217,0.5948567111347761,1
2218,0.604639783545501,1
2219,0.6073539544395161,1
2220,0.6189808833780198,1
2221,0.6071844649673431,1
2222,0.604025206353833,1
2223,0.5937174946152801,1
2224,0.6135231110576321,1
2225,0.617242221474809,1
2226,0.5894930420725942,1
2227,0.6001589487401628,1
2228,0.6019038295923164,1
2229,0.6072731104272476,1
2230,0.6033839661622767,1
2231,0.6336512191087557,1
2232,0.5879676174422284,1
2233,0.6099818494516803,1
2234,0.594950094063325,1
2235,0.5872194020954616,1
2236,0.5678527037461173,1
2237,0.5540003961337829,1
2238,0.5519948277599973,1
2239,0.5745871598638188,1
2240,0.5687613341738644,1
2241,0.5357635523176482,1
2242,0.5355261759213932,1
2243,0.5718207175627131,1
2244,0.5123248405832947,0
2245,0.506519959822867,0
2246,0.48097997732342457,0
2247,0.5416951424251559,1
2248,0.48545593267702725,0
2249,0.45424515759936374,0
2250,0.440158355623985,0
2251,0.44591735668963484,0
2252,0.425564715541389,0
2253,0.48955190677196464,0
2254,0.4094483660243871,0
2255,0.38706720245850285,0
2256,0.4715606652938767,0
2257,0.3944366902359651,0
2258,0.37165071313666476,0
2259,0.35177658103233733,0
2260,0.38611897630786335,0
2261,0.3385661668767423,0
2262,0.3570232677964544,0
2263,0.464296558051286,0
2264,0.35706830395064787,0
2265,0.35020662092715865,0
2266,0.3734156535700279,0
2267,0.3469330879001576,0
2268,0.34811005166952497,0
2269,0.36014126501505195,0
2270,0.4171357354430316,0
2271,0.3530456757603276,0
2272,0.341360077396203,0
2273,0.3492499055183492,0
2274,0.3790369416762267,0
2275,0.3515383547274955,0
2276,0.34800647397337847,0
2277,0.3458383748985542,0
2278,0.36155599930536814,0
2279,0.348735362980906,0
2280,0.354074655237824,0
2281,0.38255058163625166,0
2282,0.3395836593426671,0
2283,0.35514119833605573,0
2284,0.3690440433887396,0
2285,0.37074185577327584,0
2286,0.3711036427745691,0
2287,0.34598020650412664,0
2288,0.4267880862467745,0
2289,0.41839424640548145,0
2290,0.34319817985824214,0
2291,0.3775258619480574,0
2292,0.4131879128948038,0
2293,0.34371795957777795,0
2294,0.35996375922242957,0
2295,0.35819949598161455,0
2296,0.3460307340963731,0
2297,0.3418204775289731,0
2298,0.35403207210415116,0
2299,0.3758826214795406,0
2300,0.3934982447115358,0
2301,0.3666659568681618,0
2302,0.34425017767115756,0
2303,0.39479296686652526,0
2304,0.3670291324939483,0
2305,0.3433062021775685,0
2306,0.3535134114960543,0
2307,0.3407485369802058,0
2308,0.3827989325698615,0
2309,0.3521450283134981,0
2310,0.35306972701566347,0
2311,0.37739115957986036,0
2312,0.3667206009101125,0
2313,0.36211136047148756,0
2314,0.35562287219135946,0
2315,0.3418609226310882,0
2316,0.3455228351645319,0
2317,0.34654714068643544,0
2318,0.3435354292701137,0
2319,0.3468274862980117,0
2320,0.34649344340467547,0
2321,0.3660353569477196,0
2322,0.3421835775249785,0
2323,0.37737223118243396,0
2324,0.3502389294435079,0
2325,0.35318095279843803,0
2326,0.4263284809466117,0
2327,0.3526354330040673,0
2328,0.3629165817795826,0
2329,0.3535485605686374,0
2330,0.34115259793080305,0
2331,0.3417467231190618,0
2332,0.34237325844692534,0
2333,0.3548469333072891,0
2334,0.3459607593585182,0
2335,0.36474527353990877,0
2336,0.3418542000081541,0
2337,0.3433437990608793,0
2338,0.3595808556482216,0
2339,0.3530180038330468,0
2340,0.3972914769648539,0
2341,0.34143650245320617,0
2342,0.3468362695441802,0
2343,0.38907026293035396,0
2344,0.3688616419773364,0
2345,0.3468406060982065,0
2346,0.3494233072222996,0
2347,0.3450628458027005,0
2348,0.34973867095112643,0
2349,0.36346249479635157,0
2350,0.36398256346787583,0
2351,0.41614595105355556,0
2352,0.3846468816932383,0
2353,0.3428600139046593,0
2354,0.3460437768256238,0
2355,0.34409126376964677,0
2356,0.3710696813302266,0
2357,0.35710058373154474,0
2358,0.34583764521715027,0
2359,0.3944774653528487,0
2360,0.42022834857832997,0
2361,0.34212922487919745,0
2362,0.3404882741721697,0
2363,0.35295563637139543,0
2364,0.3997831886581521,0
2365,0.368104309298743,0
2366,0.3550239162504945,0
2367,0.34159935452632195,0
2368,0.3535900188781518,0
2369,0.3471990746397036,0
2370,0.3616764380973031,0
2371,0.3413259904340442,0
2372,0.34057383641842526,0
2373,0.3391780068477496,0
2374,0.3952003922335166,0
2375,0.37108814989732297,0
2376,0.3714088838517195,0
2377,0.42015399519304697,0
2378,0.38067790590460104,0
2379,0.3715479044870628,0
2380,0.34628318258636204,0
2381,0.34376260810805676,0
2382,0.3431091096614258,0
2383,0.4055138015958934,0
2384,0.3621107128368597,0
2385,0.41715647864726924,0
2386,0.34225598151353365,0
2387,0.3422106556578416,0
2388,0.3628455092670359,0
2389,0.3607690786257993,0
2390,0.37025144104599794,0
2391,0.36053125985063156,0
2392,0.35935738643308085,0
2393,0.3835213365147031,0
2394,0.37146546284620763,0
2395,0.35347523722152846,0
2396,0.34625401722491816,0
2397,0.3574768417556433,0
2398,0.40081128079046213,0
2399,0.35143463403049696,0
2400,0.35268662137014045,0
2401,0.36861252013396745,0
2402,0.3491363261455676,0
2403,0.3454619569452658,0
2404,0.3545375811583305,0
2405,0.35102268141278425,0
2406,0.3494756654534805,0
2407,0.3436768004738793,0
2408,0.3560801767180493,0
2409,0.3494969059575477,0
2410,0.3720341055539171,0
2411,0.3784358335155824,0
2412,0.34410031013056086,0
2413,0.3517141288966188,0
2414,0.3717725387955538,0
2415,0.37615631695391993,0
2416,0.35312219925582,0
2417,0.3500609460479861,0
2418,0.3803343565566096,0
2419,0.37880091475087946,0
2420,0.433981652366938,0
2421,0.35735561078393757,0
2422,0.3547962922781548,0
2423,0.41618405059237273,0
2424,0.36548287384021755,0
2425,0.36520220578136475,0
2426,0.46041289423930976,0
2427,0.4020520553839488,0
2428,0.35959676346763925,0
2429,0.4480234290964086,0
2430,0.38013763234085834,0
2431,0.3770788217398795,0
2432,0.3469360364883119,0
2433,0.3450107232070925,0
2434,0.35591692511684764,0
2435,0.3492606775297753,0
2436,0.3490985589343534,0
2437,0.34700603550977505,0
2438,0.4114746989951393,0
2439,0.35861603698113237,0
2440,0.4022384467141637,0
2441,0.3476822720047884,0
2442,0.39151958986589525,0
2443,0.3652421002040357,0
2444,0.35585126900921654,0
2445,0.4458790593743559,0
2446,0.41251748980540376,0
2447,0.36012724396370405,0
2448,0.36970253365744293,0
2449,0.3554392921950825,0
2450,0.35639368814437766,0
2451,0.3875855935661156,0
2452,0.3474060105216515,0
2453,0.3506606105089857,0
2454,0.40832447442092595,0
2455,0.38768139528520534,0
2456,0.35231273227168036,0
2457,0.34976151490506285,0
2458,0.36405752289127624,0
2459,0.3533006293203207,0
2460,0.3628828192743644,0
2461,0.3462322067362879,0
2462,0.3494753857961178,0
2463,0.39579313985080733,0
2464,0.3917786747028525,0
2465,0.4333378197107542,0
2466,0.4069114595375081,0
2467,0.3772915326158393,0
2468,0.36901344326243574,0
2469,0.37117798624393855,0
2470,0.3566615244751259,0
2471,0.40348921302180385,0
2472,0.3456857700339544,0
2473,0.3433179912338476,0
2474,0.3860183664526469,0
2475,0.3704645598681374,0
2476,0.3586607775431461,0
2477,0.4089268709042508,0
2478,0.35437795605497524,0
2479,0.3746036663194669,0
2480,0.3924515850677598,0
2481,0.35127326349539945,0
2482,0.3651276556863255,0
2483,0.3644551836773367,0
2484,0.3544433071017609,0
2485,0.35439718153146793,0
2486,0.38850864348934616,0
2487,0.3630130208916312,0
2488,0.3613684247653343,0
2489,0.36664707543272473,0
2490,0.356865054734905,0
2491,0.3744925435671685,0
2492,0.3441691262623425,0
2493,0.34685350906248097,0
2494,0.35786917945270696,0
2495,0.35321594611361495,0
2496,0.41347706525952177,0
2497,0.396712840440256,0
2498,0.36526686499627364,0
2499,0.36224831267325786,0
2500,0.3579775463294569,0
2501,0.43565298031760763,0
2502,0.3854935330093502,0
2503,0.3449846994755203,0
2504,0.3768225891038127,0
2505,0.3670577682404843,0
2506,0.35627663730994047,0
2507,0.34457414726763635,0
2508,0.34167781245550033,0
2509,0.3487560818880562,0
2510,0.34626880132843996,0
2511,0.36114655358729464,0
2512,0.4003521131866613,0
2513,0.38423952554352164,0
2514,0.34455083919854457,0
2515,0.3416796897815344,0
2516,0.36750451234816944,0
2517,0.36934070095687926,0
2518,0.34219887490073303,0
2519,0.3525400853930787,0
2520,0.3463708541406207,0
2521,0.346507489101883,0
2522,0.3421595583182517,0
2523,0.3420948577046943,0
2524,0.3410414652241914,0
2525,0.3486066327616781,0
2526,0.3442933343095242,0
2527,0.33883205131570515,0
2528,0.3365750854065537,0
2529,0.34421044896599107,0
2530,0.3567279932606318,0
2531,0.3401823334235842,0
2532,0.3373986768135651,0
2533,0.3445699966540006,0
2534,0.35815048328411114,0
2535,0.3500198064511961,0
2536,0.3904011330686231,0
2537,0.3441979758067397,0
2538,0.36709859256824695,0
2539,0.3420641344366342,0
2540,0.3431192595017053,0
2541,0.3782425965485046,0
2542,0.3529832794184396,0
2543,0.4239899994782256,0
2544,0.34634585567126464,0
2545,0.33656257485959107,0
2546,0.3441960166752075,0
2547,0.3424381980487849,0
2548,0.3735101882140108,0
2549,0.34009818453646184,0
2550,0.3458931594786861,0
2551,0.3514421399258523,0
2552,0.34184768514825914,0
2553,0.339523637914377,0
2554,0.3560473226580841,0
2555,0.34413328079224914,0
2556,0.35356647518069517,0
2557,0.33892823127567495,0
2558,0.33768193001674635,0
2559,0.348332758971113,0
2560,0.357166302839151,0
2561,0.35461103605412736,0
2562,0.37130113247501606,0
2563,0.34519944586345536,0
2564,0.35344772303720845,0
2565,0.34069507348633665,0
2566,0.34480894711336096,0
2567,0.34090106887054245,0
2568,0.34040148332125464,0
2569,0.34253294796108047,0
2570,0.34357430726613486,0
2571,0.3749548211691894,0
2572,0.3979230802108596,0
2573,0.3446713920319572,0
2574,0.3346984550631415,0
2575,0.44598863259191124,0
2576,0.3642694939893808,0
2577,0.35167708320795504,0
2578,0.3881815629253182,0
2579,0.34504603706322085,0
2580,0.37659314663636695,0
2581,0.3385397200642558,0
2582,0.3394129102239802,0
2583,0.3437340216288776,0
2584,0.34455913145670997,0
2585,0.4027328191058321,0
2586,0.370395872489796,0
2587,0.3458636121926464,0
2588,0.34433578264905274,0
2589,0.3380947831682777,0
2590,0.374046535220047,0
2591,0.34414145267282564,0
2592,0.33897171138605203,0
2593,0.33754277189595844,0
2594,0.3374768409491484,0
2595,0.39194840722561747,0
2596,0.3671492378743122,0
2597,0.36747517506208416,0
2598,0.340527887212626,0
2599,0.3478261205101393,0
2600,0.3367225738704951,0
2601,0.3702581027446303,0
2602,0.34503051991060374,0
2603,0.3387733165591647,0
2604,0.3381424197959395,0
2605,0.3454759631600234,0
2606,0.3630086472077291,0
2607,0.34958377632685345,0
2608,0.3522999252172812,0
2609,0.3401067583020303,0
2610,0.33858362003225845,0
2611,0.3645970974833226,0
2612,0.35726959980488665,0
2613,0.3620858367034364,0
2614,0.34039701764146835,0
2615,0.33961542826986063,0
2616,0.3799239866659245,0
2617,0.3610661849345306,0
2618,0.3745972720684541,0
2619,0.34196739534270026,0
2620,0.345900630370367,0
2621,0.34617161215705927,0
2622,0.35429312383072764,0
2623,0.3500066471326135,0
2624,0.3573353052529038,0
2625,0.3696209227980173,0
2626,0.36144854785809727,0
2627,0.3635996675733752,0
2628,0.35332990643246237,0
2629,0.35390500046458406,0
2630,0.3516637276908232,0
2631,0.3924827949056694,0
2632,0.3718954211505484,0
2633,0.3681787458601498,0
2634,0.4419193472181904,0
2635,0.45025691597149403,0
2636,0.38041154430412655,0
2637,0.38298152055251933,0
2638,0.35523820426784947,0
2639,0.3477739621843673,0
2640,0.36197322850672264,0
2641,0.3992480577194782,0
2642,0.3796182621675234,0
2643,0.38403104212010114,0
2644,0.45202873591358755,0
2645,0.3794699326774065,0
2646,0.35958227738187076,0
2647,0.35922330588963025,0
2648,0.3618696026733511,0
2649,0.357799489826086,0
2650,0.47330334334749974,0
2651,0.3799246720019077,0
2652,0.37815971046337454,0
2653,0.4180786043117932,0
2654,0.35230620743183205,0
2655,0.3771215349793761,0
2656,0.36269857610597944,0
2657,0.41469073002711093,0
2658,0.4029063756208949,0
2659,0.3720239597972228,0
2660,0.3704651804206493,0
2661,0.38548776833284787,0
2662,0.37671969249622944,0
2663,0.3758994140256491,0
2664,0.3898656074209093,0
2665,0.39053106531630155,0
2666,0.38122562891082057,0
2667,0.3789475953420375,0
2668,0.3714063655207343,0
2669,0.36867345439633004,0
2670,0.3855770144699107,0
2671,0.3769474423383516,0
2672,0.37923028391294633,0
2673,0.3822341204232156,0
2674,0.3803110038889349,0
2675,0.3812774943820304,0
2676,0.3936450794639491,0
2677,0.418178985037137,0
2678,0.3785019379047929,0
2679,0.37141722624472545,0
2680,0.3718599817307806,0
2681,0.3876569561309958,0
2682,0.4573283253572354,0
2683,0.3947424148663251,0
2684,0.36731268888784524,0
2685,0.4012446151219115,0
2686,0.4177264276499226,0
2687,0.3960361264090241,0
2688,0.397735428219116,0
2689,0.3729200482822427,0
2690,0.38427696975430575,0
2691,0.38256684324022905,0
2692,0.3772599153855991,0
2693,0.37255931342366166,0
2694,0.3820209867721857,0
2695,0.3964332360275638,0
2696,0.38670770137396837,0
2697,0.4068743277887439,0
2698,0.3897356603324527,0
2699,0.4400549528741362,0
2700,0.39658662007732537,0
2701,0.3977874428451011,0
2702,0.39514036369839173,0
2703,0.4358994375869247,0
2704,0.38098916294027235,0
2705,0.3827835640339118,0
2706,0.40235554063237633,0
2707,0.38850469039936003,0
2708,0.3829463274806417,0
2709,0.39284820402021603,0
2710,0.3833586052301729,0
2711,0.39157180789439633,0
2712,0.389202906331645,0
2713,0.4479671600014087,0
2714,0.4063982733382278,0
2715,0.3865454626134439,0
2716,0.3948108417021696,0
2717,0.38599770167810005,0
2718,0.3948029703857931,0
2719,0.3837402288750494,0
2720,0.39174719138006375,0
2721,0.41817790638753416,0
2722,0.3991275425415978,0
2723,0.42859752018806146,0
2724,0.3935996913366599,0
2725,0.4123844722564572,0
2726,0.42169802382569305,0
2727,0.4002367272043614,0
2728,0.4024636124919936,0
2729,0.3964521978176407,0
2730,0.4340710412422967,0
2731,0.4174953798253942,0
2732,0.4104578437442961,0
2733,0.4116024258435455,0
2734,0.4416425102824222,0
2735,0.45817058849818937,0
2736,0.40430927019108504,0
2737,0.415320051086949,0
2738,0.46230325340490785,0
2739,0.4280249481884863,0
2740,0.4035789705005532,0
2741,0.39769503501375064,0
2742,0.41615513425369877,0
2743,0.42385523396925395,0
2744,0.4615861311777485,0
2745,0.39688033606056344,0
2746,0.45128510322754745,0
2747,0.4240062321619937,0
2748,0.40077120188411014,0
2749,0.40692424735713384,0
2750,0.42994067338689645,0
2751,0.411092618135163,0
2752,0.4135514716164952,0
2753,0.41765532445901105,0
2754,0.407603077243155,0
2755,0.45085019303084767,0
2756,0.4202584730052347,0
2757,0.41939887661513137,0
2758,0.44293657236270345,0
2759,0.4116027827114639,0
2760,0.47410572088515246,0
2761,0.4456515108265173,0
2762,0.4597123752260238,0
2763,0.4168516952091331,0
2764,0.4226048772674086,0
2765,0.46370112771697536,0
2766,0.4256111869225751,0
2767,0.44229724058125747,0
2768,0.5585810988833488,1
2769,0.4190113140692813,0
2770,0.41384348444068286,0
2771,0.41010002192472766,0
2772,0.414159870270949,0
2773,0.4092145865388425,0
2774,0.41598689632481817,0
2775,0.4178034485432473,0
2776,0.3927842960874166,0
2777,0.3926197020682586,0
2778,0.39548165638036487,0
2779,0.39727149929522665,0
2780,0.40543485616487657,0
2781,0.3908337899846715,0
2782,0.4160446601104304,0
2783,0.4245200838242268,0
2784,0.44469306853151325,0
2785,0.47164453435132736,0
2786,0.385997531465649,0
2787,0.38539357268808117,0
2788,0.43078385140496556,0
2789,0.39098695244721543,0
2790,0.3906363800619409,0
2791,0.3801544834133736,0
2792,0.3759095990032493,0
2793,0.3797240571572864,0
2794,0.3770611162967599,0
2795,0.3703371753704352,0
2796,0.3858178399745749,0
2797,0.3741119055972682,0
2798,0.36433043429743195,0
2799,0.3633570816721953,0
2800,0.36589559387273835,0
2801,0.43411911987418145,0
2802,0.3532316875238084,0
2803,0.378534017706619,0
2804,0.4233498434681465,0
2805,0.44629786747136574,0
2806,0.35245962211655374,0
2807,0.3973501688481016,0
2808,0.3832281937107535,0
2809,0.37540918543874147,0
2810,0.3702512553058059,0
2811,0.3607098823296494,0
2812,0.34999045322150846,0
2813,0.3688637112665309,0
2814,0.3606752788748355,0
2815,0.36410866015759424,0
2816,0.3487614599078253,0
2817,0.3577069752096683,0
2818,0.37025907892181875,0
2819,0.4145892983283517,0
2820,0.3657480035859102,0
2821,0.3681119198207231,0
2822,0.36857059542855164,0
2823,0.4501325677194073,0
2824,0.3646230481756331,0
2825,0.4654147621090599,0
2826,0.4442092222940685,0
2827,0.36346241830326126,0
2828,0.3761819567579717,0
2829,0.37365049194752975,0
2830,0.390738431003764,0
2831,0.4214330483461595,0
2832,0.36226548330089653,0
2833,0.4091553903195181,0
2834,0.3923903764219851,0
2835,0.42105628211957163,0
2836,0.3841278745338637,0
2837,0.3792126752103637,0
2838,0.3734491529922209,0
2839,0.4001738278551204,0
2840,0.44359201290212746,0
2841,0.3663876320029296,0
2842,0.3847655407069026,0
2843,0.37915510967707644,0
2844,0.4430509821378324,0
2845,0.4921394312068801,0
2846,0.39338367449524314,0
2847,0.3912261969168293,0
2848,0.42386913147379235,0
2849,0.37944149954827044,0
2850,0.37402571215661107,0
2851,0.3707228335553814,0
2852,0.3690208899055482,0
2853,0.36431945798604387,0
2854,0.37239812047366466,0
2855,0.37675269278331336,0
2856,0.4026543020212392,0
2857,0.3688468739025941,0
2858,0.36559544285160195,0
2859,0.3865798758274654,0
2860,0.3857922799447878,0
2861,0.381378434767182,0
2862,0.3998052036426658,0
2863,0.3777117912625684,0
2864,0.4007492798719258,0
2865,0.4197168530416381,0
2866,0.3712086937063557,0
2867,0.3714379781948195,0
2868,0.41812798723383016,0
2869,0.3964008631393632,0
2870,0.38707336463440395,0
2871,0.3753068206380403,0
2872,0.3715346468227074,0
2873,0.38678743829248013,0
2874,0.39787269512511547,0
2875,0.4098575822887354,0
2876,0.3811597799306954,0
2877,0.4120904968770986,0
2878,0.37403598482148953,0
2879,0.3764490036015419,0
2880,0.4019983742472182,0
2881,0.36500582147402555,0
2882,0.38529939276420166,0
2883,0.3728179783120063,0
2884,0.3930000487338811,0
2885,0.38749968983287447,0
2886,0.40619157052912674,0
2887,0.36242330764386893,0
2888,0.3662516544488858,0
2889,0.4914441385608238,0
2890,0.44937828673965124,0
2891,0.36184089176132,0
2892,0.3678619618606932,0
2893,0.39795645299192123,0
2894,0.401184576701708,0
2895,0.4107398683003033,0
2896,0.3726357971510298,0
2897,0.40346509160557875,0
2898,0.39053149763643297,0
2899,0.3917663264455277,0
2900,0.38779356286002725,0
2901,0.36681473410156534,0
2902,0.36865973596418505,0
2903,0.37784764372319474,0
2904,0.39705640329868547,0
2905,0.383109686948346,0
2906,0.3657213936082985,0
2907,0.3674697682081305,0
2908,0.3810531832171682,0
2909,0.4110474058568064,0
2910,0.40113480465313495,0
2911,0.39613053132931997,0
2912,0.36561280164377163,0
2913,0.37266643804521976,0
2914,0.4156378915439664,0
2915,0.42137819508088464,0
2916,0.38396462065730663,0
2917,0.3704035110924577,0
2918,0.36346546406643776,0
2919,0.36711267888980015,0
2920,0.36875009611665593,0
2921,0.3669272103641049,0
2922,0.36468321165036915,0
2923,0.43212967781340056,0
2924,0.4235373517760223,0
2925,0.4167547593189275,0
2926,0.42571547626385225,0
2927,0.36629870027311545,0
2928,0.3764269665492264,0
2929,0.37457469274275074,0
2930,0.3774687430355546,0
2931,0.40039535980791485,0
2932,0.3631597374783629,0
2933,0.3855025890991197,0
2934,0.38422340878079425,0
2935,0.3929233427694007,0
2936,0.43304534343169665,0
2937,0.3732341699960003,0
2938,0.3659240672865273,0
2939,0.4528573431183096,0
2940,0.46084385573886744,0
2941,0.36760804181735024,0
2942,0.3693356196074465,0
2943,0.36781537051765756,0
2944,0.37180774606421213,0
2945,0.3714496699547778,0
2946,0.37404196374541776,0
2947,0.3701411120400538,0
2948,0.42156783009194193,0
2949,0.40812351121008605,0
2950,0.4625614545480847,0
2951,0.3660615951400819,0
2952,0.36332961991607465,0
2953,0.4100438366711416,0
2954,0.40020084467828576,0
2955,0.3961051263687798,0
2956,0.3860749717932554,0
2957,0.3724358923370059,0
2958,0.3724545363901734,0
2959,0.37181889797960554,0
2960,0.38818033051636525,0
2961,0.37412764888574357,0
2962,0.37937888963832295,0
2963,0.3663171884229787,0
2964,0.37016570542920096,0
2965,0.3810219756879358,0
2966,0.3956610972848902,0
2967,0.38703058509203303,0
2968,0.3713443668107778,0
2969,0.3707068831837888,0
2970,0.37476078786875144,0
2971,0.38370996875942553,0
2972,0.36049805442252064,0
2973,0.3622725552890418,0
2974,0.38605713022308646,0
2975,0.3822823416302774,0
2976,0.3869051424388267,0
2977,0.36359024086358155,0
2978,0.38110275311885156,0
2979,0.37738572600747056,0
2980,0.3787455145859265,0
2981,0.4571562619647317,0
2982,0.4211824999715978,0
2983,0.37208041791433044,0
2984,0.3920376777940383,0
2985,0.3610867940571878,0
2986,0.3895124924648829,0
2987,0.366726596494467,0
2988,0.36936790940502445,0
2989,0.3644209127274103,0
2990,0.3735585773435852,0
2991,0.37992429746307294,0
2992,0.3893031205159787,0
2993,0.36135903329384494,0
2994,0.37810161797269964,0
2995,0.39773964321905725,0
2996,0.3573239029388964,0
2997,0.37150199552619734,0
2998,0.42376752766462766,0
2999,0.37761629449151846,0
3000,0.425434079063438,0
3001,0.3627610507131719,0
3002,0.3564934593043367,0
3003,0.38433870332076153,0
3004,0.3614396016099052,0
3005,0.37052104550964365,0
3006,0.3759676857907685,0
3007,0.3785470455091191,0
3008,0.3875816396954023,0
3009,0.365389706351901,0
3010,0.3525394490201849,0
3011,0.3652699992181328,0
3012,0.3489423448399634,0
3013,0.35183261405497157,0
3014,0.34732769695190924,0
3015,0.3488775178554848,0
3016,0.3575695862328669,0
3017,0.3469781719295342,0
3018,0.35605704560571555,0
3019,0.38507883279916044,0
3020,0.36451620234094123,0
3021,0.3619965595318709,0
3022,0.3628499983701132,0
3023,0.34954281224627315,0
3024,0.353019315437801,0
3025,0.3667447717033278,0
3026,0.3539905807331585,0
3027,0.34736337022638375,0
3028,0.37158226673082645,0
3029,0.34607895520855936,0
3030,0.3616305283931543,0
3031,0.3514121465796748,0
3032,0.3763957352965663,0
3033,0.3528542364131584,0
3034,0.3596733158034798,0
3035,0.3421512570552197,0
3036,0.38189496299386055,0
3037,0.34112786661990224,0
3038,0.3467781111763239,0
3039,0.4516114983921903,0
3040,0.43704270106226834,0
3041,0.3784412251634445,0
3042,0.34534708761268623,0
3043,0.33807053681677346,0
3044,0.36696159472198103,0
3045,0.33902227715216093,0
3046,0.37983017333217234,0
3047,0.34931568205472097,0
3048,0.33885065038142564,0
3049,0.3415430456641819,0
3050,0.358295234446453,0
3051,0.35643243584981055,0
3052,0.3499575717776642,0
3053,0.3753305446424034,0
3054,0.3426058922144816,0
3055,0.3533060383868086,0
3056,0.3708999997527588,0
3057,0.35403300035567736,0
3058,0.34438121752185274,0
3059,0.34860369938475916,0
3060,0.347433265765209,0
3061,0.4008283371572049,0
3062,0.37178393643888524,0
3063,0.34375785281550053,0
3064,0.35511809605260974,0
3065,0.33930386470411095,0
3066,0.340421313169138,0
3067,0.34748048983919777,0
3068,0.33912244561082994,0
3069,0.33704373328905596,0
3070,0.33562069252135934,0
3071,0.38118713554207484,0
3072,0.3783036335056544,0
3073,0.33695086014899533,0
3074,0.33652890034854505,0
3075,0.3361310504438495,0
3076,0.3489432276970058,0
3077,0.33832718184931193,0
3078,0.3405113152750567,0
3079,0.3423713696732408,0
3080,0.33269028847320703,0
3081,0.3747810601481548,0
3082,0.3424652709759507,0
3083,0.3384095521079213,0
3084,0.3360852308844842,0
3085,0.33548179270462863,0
3086,0.3478467661023639,0
3087,0.3372006695209235,0
3088,0.3376153446429147,0
3089,0.36920982973831706,0
3090,0.35295240430107466,0
3091,0.3845965746524513,0
3092,0.35311459735440603,0
3093,0.3422515982989185,0
3094,0.3410162091719386,0
3095,0.3546161620880896,0
3096,0.3627236080347558,0
3097,0.3549104286994452,0
3098,0.33982169162465353,0
3099,0.3338526598459847,0
3100,0.3393599204765935,0
3101,0.36488519226961674,0
3102,0.35078712870368317,0
3103,0.36944407130830964,0
3104,0.33707975532391404,0
3105,0.3499389865539449,0
3106,0.3615442090897956,0
3107,0.3466237441193366,0
3108,0.3608572497480897,0
3109,0.34480098648653273,0
3110,0.34238186617588257,0
3111,0.357570634619262,0
3112,0.3516481588612542,0
3113,0.34815251633469013,0
3114,0.34804800256278406,0
3115,0.3447091843867613,0
3116,0.3688717237072645,0
3117,0.35581280929431586,0
3118,0.3719148925187868,0
3119,0.33855193428656716,0
3120,0.3518152534939933,0
3121,0.36085453841096526,0
3122,0.3571174230274999,0
3123,0.38800602844088145,0
3124,0.33786472713635785,0
3125,0.3545118707860844,0
3126,0.38314184745082086,0
3127,0.36790123259473895,0
3128,0.3677936853878407,0
3129,0.36915669347935026,0
3130,0.40651272488019274,0
3131,0.38675769546875916,0
3132,0.37810600357913043,0
3133,0.3760109724922419,0
3134,0.3466953605190556,0
3135,0.38446467143957025,0
3136,0.3656720103253913,0
3137,0.39680912112666245,0
3138,0.44454646954558225,0
3139,0.35596150671606896,0
3140,0.40709429873719905,0
3141,0.37436012220687653,0
3142,0.37545883239540345,0
3143,0.36404342128797007,0
3144,0.36687516891663785,0
3145,0.3974043343749559,0
3146,0.36806702312304773,0
3147,0.3827741945601944,0
3148,0.4177205113214066,0
3149,0.35904309452862954,0
3150,0.3722969916050564,0
3151,0.38121539941707216,0
3152,0.38075161810453606,0
3153,0.3962751436946201,0
3154,0.37276207828336594,0
3155,0.3807948452995581,0
3156,0.38059821276205646,0
3157,0.38749916817122015,0
3158,0.3804949299462328,0
3159,0.3702068585803964,0
3160,0.44896104322340996,0
3161,0.41125023750151035,0
3162,0.39434126929745206,0
3163,0.37309470992798516,0
3164,0.365958181596749,0
3165,0.40209361079776546,0
3166,0.3945544666219827,0
3167,0.43336671313644703,0
3168,0.37125623428519305,0
3169,0.3768824305948926,0
3170,0.37259795853670913,0
3171,0.40172998511870694,0
3172,0.37696708527850836,0
3173,0.3768384425934414,0
3174,0.4459508352318895,0
3175,0.4475920140700134,0
3176,0.3940479779270323,0
3177,0.37958859461537897,0
3178,0.3842735209060386,0
3179,0.3740405575514346,0
3180,0.3780629718883871,0
3181,0.4303455939190055,0
3182,0.39305524034600425,0
3183,0.424215882215843,0
3184,0.37798525393639393,0
3185,0.3887341301581859,0
3186,0.41467096831705424,0
3187,0.411601785881419,0
3188,0.3964374631810057,0
3189,0.4102787347627822,0
3190,0.38105134677469954,0
3191,0.3905040880078085,0
3192,0.3873497850282481,0
3193,0.4081938070009971,0
3194,0.380613964298271,0
3195,0.3742196932600768,0
3196,0.42342846337260326,0
3197,0.3923443348522487,0
3198,0.3901185685954332,0
3199,0.3943926578671322,0
3200,0.383125997542463,0
3201,0.39060678840436247,0
3202,0.4006820063255281,0
3203,0.39644579450903633,0
3204,0.38511830261924007,0
3205,0.3885264394321706,0
3206,0.4101951840690618,0
3207,0.40058333249393324,0
3208,0.3927973919467703,0
3209,0.40497700562689914,0
3210,0.4100540463195279,0
3211,0.3862373726942435,0
3212,0.44741127457879326,0
3213,0.42941724796873304,0
3214,0.3891864371324807,0
3215,0.46551197411544293,0
3216,0.4124436196509741,0
3217,0.3998499246397714,0
3218,0.40946907905874297,0
3219,0.3918167027471927,0
3220,0.42251355878506064,0
3221,0.4017207311458855,0
3222,0.4014363772481208,0
3223,0.40905904069496984,0
3224,0.3943226464151715,0
3225,0.4075852821622639,0
3226,0.4454969767461791,0
3227,0.42393171300860366,0
3228,0.4123908332441846,0
3229,0.41354002773094195,0
3230,0.4043138590379319,0
3231,0.4314972705230189,0
3232,0.4041424792537762,0
3233,0.4039812810359475,0
3234,0.39914076691924594,0
3235,0.40301807537322976,0
3236,0.4338621168622545,0
3237,0.4111344447252173,0
3238,0.41326316879879155,0
3239,0.40117210071832055,0
3240,0.4258491229266795,0
3241,0.4107485243655325,0
3242,0.41343548560890236,0
3243,0.4057798786221618,0
3244,0.4042771925899921,0
3245,0.4048795432177471,0
3246,0.40580842060231315,0
3247,0.40893110717775816,0
3248,0.40295253807787146,0
3249,0.4176244438432235,0
3250,0.42304679406704115,0
3251,0.4170327668518688,0
3252,0.4139775505071635,0
3253,0.4135876443468016,0
3254,0.41037854099057175,0
3255,0.4093884137850266,0
3256,0.5374216687955087,1
3257,0.452367584807532,0
3258,0.4225575064956939,0
3259,0.4446887426899964,0
3260,0.5459935213122237,1
3261,0.44598633558057527,0
3262,0.42560531572020244,0
3263,0.4269070199972198,0
3264,0.41640917369651603,0
3265,0.5159874653019789,0
3266,0.44175680068465556,0
3267,0.47809859300407703,0
3268,0.5589831867075186,1
3269,0.43458287812033153,0
3270,0.41919757198686003,0
3271,0.4569281439694466,0
3272,0.40016476657026384,0
3273,0.4676595813875767,0
3274,0.40974493508323323,0
3275,0.4296899728507046,0
3276,0.42680048569113066,0
3277,0.40525130002128074,0
3278,0.4596166681580874,0
3279,0.40236119311859786,0
3280,0.40925885283461116,0
3281,0.385206511164456,0
3282,0.38183641422472653,0
3283,0.4007618281531483,0
3284,0.3890274779062905,0
3285,0.3784325393477633,0
3286,0.37062433733652805,0
3287,0.3722150163317794,0
3288,0.39110403923076464,0
3289,0.3793020464927152,0
3290,0.3879670342249107,0
3291,0.3806006024808207,0
3292,0.37199969563576046,0
3293,0.3770605861803721,0
3294,0.3843961286570615,0
3295,0.3692908411057888,0
3296,0.3785353257045099,0
3297,0.3885897648267877,0
3298,0.3594022565098445,0
3299,0.3843482158575857,0
3300,0.3723812570246548,0
3301,0.3730558457962338,0
3302,0.3450019143442777,0
3303,0.3994451684863652,0
3304,0.3620584383251919,0
3305,0.40526992382374766,0
3306,0.34373751688406434,0
3307,0.3455937471242148,0
3308,0.3800433644405864,0
3309,0.36114399690754595,0
3310,0.36089543618355413,0
3311,0.3443023204712375,0
3312,0.3490517633445488,0
3313,0.3493915444832769,0
3314,0.4394007334325685,0
3315,0.4511181185623768,0
3316,0.3475341208335662,0
3317,0.35793068459653965,0
3318,0.39611068158421686,0
3319,0.3867232022168775,0
3320,0.3512924498266414,0
3321,0.34957056959209215,0
3322,0.36479271620948056,0
3323,0.35054930708213355,0
3324,0.37862014355692153,0
3325,0.3955142181357041,0
3326,0.3475209658829272,0
3327,0.3693594074569598,0
3328,0.3553529801142486,0
3329,0.35480837435574897,0
3330,0.35668318354239953,0
3331,0.359335096661039,0
3332,0.37377329726212644,0
3333,0.3600022786129717,0
3334,0.35833073507070345,0
3335,0.35724583619932504,0
3336,0.36192648910843406,0
3337,0.3583492440795642,0
3338,0.3552695286328425,0
3339,0.3603505367527305,0
3340,0.36425892336963483,0
3341,0.4253280296898568,0
3342,0.35018254203642296,0
3343,0.3794256678449132,0
3344,0.4089400798443458,0
3345,0.42518970392175326,0
3346,0.35539360304481554,0
3347,0.35508657882763156,0
3348,0.3772015131819024,0
3349,0.3653333447622147,0
3350,0.3777733015695907,0
3351,0.3739800125432074,0
3352,0.4024935083332873,0
3353,0.37656876422308966,0
3354,0.3711111531838046,0
3355,0.3953794821093102,0
3356,0.361717632496584,0
3357,0.38694175552167154,0
3358,0.36019745625447114,0
3359,0.3547327103299638,0
3360,0.3636682437477573,0
3361,0.3520949465399441,0
3362,0.3596670013349527,0
3363,0.3994355179811254,0
3364,0.3580555654637693,0
3365,0.3839271751449445,0
3366,0.35107823147367545,0
3367,0.3496565493702456,0
3368,0.35082632744824915,0
3369,0.35794417141689644,0
3370,0.3553916510126009,0
3371,0.3622878748657697,0
3372,0.34473906563713214,0
3373,0.3558266769334028,0
3374,0.35324354557462334,0
3375,0.3529699398290377,0
3376,0.365234741160226,0
3377,0.3441996140971584,0
3378,0.4052805318624403,0
3379,0.3765856432495116,0
3380,0.35794417141689644,0
3381,0.4084345785734571,0
3382,0.43573538480271584,0
3383,0.3562499714128325,0
3384,0.3585617037860503,0
3385,0.35850864065872406,0
3386,0.35602603424922685,0
3387,0.37568131257789367,0
3388,0.3568243186493312,0
3389,0.36136619172855283,0
3390,0.36625412786917844,0
3391,0.3652521705596088,0
3392,0.3626023541836822,0
3393,0.3795669859825197,0
3394,0.3629400618196808,0
3395,0.35959138426732323,0
3396,0.40107497434893286,0
3397,0.34723849467153173,0
3398,0.38710908552342715,0
3399,0.3662585733995446,0
3400,0.3855904139988027,0
3401,0.3644320054346564,0
3402,0.35207899574833956,0
3403,0.3724440549054789,0
3404,0.3561053072947773,0
3405,0.36056495795083904,0
3406,0.360614189571846,0
3407,0.34560552288702906,0
3408,0.39449851123216273,0
3409,0.3580888383711381,0
3410,0.37671441101954517,0
3411,0.34677612502265454,0
3412,0.34701442064281585,0
3413,0.3439224762740953,0
3414,0.3671397069898381,0
3415,0.3547837617088756,0
3416,0.42696371838682956,0
3417,0.3661702473960217,0
3418,0.3504238556565311,0
3419,0.36012556344837665,0
3420,0.3699325931930701,0
3421,0.3536432730998961,0
3422,0.3499240566932763,0
3423,0.4592576532060054,0
3424,0.37343839808011103,0
3425,0.4338226910613891,0
3426,0.35176016513903124,0
3427,0.34663595447856577,0
3428,0.39848137693168767,0
3429,0.3551354202904484,0
3430,0.3526632768872499,0
3431,0.3691792701551754,0
3432,0.3774021330674778,0
3433,0.3540548367123599,0
3434,0.3724440549054789,0
3435,0.41285925243822885,0
3436,0.35878301439380705,0
3437,0.41222496304429385,0
3438,0.3495348985992324,0
3439,0.4407565011343316,0
3440,0.47275740627348706,0
3441,0.4915509940370708,0
3442,0.5029757218113651,0
3443,0.5176675141945034,0
3444,0.5275064912813419,1
3445,0.5496122181062203,1
3446,0.5534844704529421,1
3447,0.5696364425413861,1
3448,0.5780802883131169,1
3449,0.5805539195614754,1
3450,0.5939038768765659,1
3451,0.6104148969104255,1
3452,0.6267320757851731,1
3453,0.6286431561388419,1
3454,0.6357001379202463,1
3455,0.6410479025044538,1
3456,0.6462384493636841,1
3457,0.6532489710632807,1
3458,0.6541739685408479,1
3459,0.6566128318570958,1
3460,0.659506850031454,1
3461,0.6627127134758294,1
3462,0.6683198946613874,1
3463,0.6745656510467494,1
3464,0.6736951118689483,1
3465,0.6750222073673279,1
3466,0.6790101867015116,1
3467,0.6785509330812716,1
3468,0.3681900118337923,0
3469,0.35850864065872406,0
3470,0.3589337427586426,0
3471,0.4079942743466529,0
3472,0.34628664712237156,0
3473,0.46188401919719196,0
3474,0.3702234420158533,0
3475,0.421545870784617,0
3476,0.3487792251669883,0
3477,0.3507186593970275,0
3478,0.38008599986225133,0
3479,0.35904237064605193,0
3480,0.3512780904668121,0
3481,0.357832055786331,0
3482,0.3467679396368627,0
3483,0.3783833071678896,0
3484,0.3572151357447647,0
3485,0.3757005611210577,0
3486,0.3565895893565043,0
3487,0.343577657692175,0
3488,0.38510980360063324,0
3489,0.3534602641634094,0
3490,0.3582241557964962,0
3491,0.35490637374773804,0
3492,0.37094539531048726,0
3493,0.4038713331779302,0
3494,0.35505403956440534,0
3495,0.36470882126299076,0
3496,0.3580536986521973,0
3497,0.3543111445787633,0
3498,0.38088548928513527,0
3499,0.359649736419907,0
3500,0.3579545844432374,0
3501,0.34783089028597364,0
3502,0.3464528751435155,0
3503,0.3492867689490064,0
3504,0.3497582360087571,0
3505,0.3577061206199998,0
3506,0.3466519608029278,0
3507,0.3427767478613901,0
3508,0.38892440877130174,0
3509,0.3685853369999747,0
3510,0.34526723265479475,0
3511,0.34952501180963585,0
3512,0.3459557716089576,0
3513,0.3464700038144106,0
3514,0.39480505914109976,0
3515,0.3820698979490459,0
3516,0.3530398857699086,0
3517,0.37216790175271575,0
3518,0.3494636015227905,0
3519,0.36419786290858064,0
3520,0.3866217801165149,0
3521,0.36122797362732034,0
3522,0.3502210720736,0
3523,0.3493508822913483,0
3524,0.3478786936994368,0
3525,0.34560384291829505,0
3526,0.35024864908446585,0
3527,0.3424160819839747,0
3528,0.44280882304478736,0
3529,0.3733562443733251,0
3530,0.3879935049964116,0
3531,0.3868542962926036,0
3532,0.34439946935494226,0
3533,0.3402126887200053,0
3534,0.4388334602568434,0
3535,0.41873661801239026,0
3536,0.3435344341769813,0
3537,0.34365914807472864,0
3538,0.3528670544289534,0
3539,0.3701825611036754,0
3540,0.3743962009486159,0
3541,0.3500480114727237,0
3542,0.35139426668047646,0
3543,0.3565183789031709,0
3544,0.3496214696164751,0
3545,0.36160390980487317,0
3546,0.35533350763245647,0
3547,0.3813198749754968,0
3548,0.39794094021108806,0
3549,0.34861683051481457,0
3550,0.3504548362183645,0
3551,0.36119349885102864,0
3552,0.3857993854708334,0
3553,0.3468635561143954,0
3554,0.3512178012831022,0
3555,0.35043198385382907,0
3556,0.4131411390546726,0
3557,0.35167839262460776,0
3558,0.3549830160203011,0
3559,0.3476246095209796,0
3560,0.37913262831654654,0
3561,0.4019403248800561,0
3562,0.348408463486786,0
3563,0.3604967769475677,0
3564,0.36156772446854263,0
3565,0.3676757811022336,0
3566,0.3742753270049865,0
3567,0.35824226155405325,0
3568,0.34386450707819927,0
3569,0.34720024662540844,0
3570,0.35421209341997717,0
3571,0.3437420333319895,0
3572,0.3417756824088211,0
3573,0.3795448579439504,0
3574,0.350393590875188,0
3575,0.3468236502338517,0
3576,0.3490737781443829,0
3577,0.35477599045492353,0
3578,0.35560365991957427,0
3579,0.3622435087971824,0
3580,0.35142380251293376,0
3581,0.3511533112564365,0
3582,0.35121708483849484,0
3583,0.37928274088203734,0
3584,0.3605584190187095,0
3585,0.3453937166537694,0
3586,0.3435586666021262,0
3587,0.3547458649937472,0
3588,0.37668416992146936,0
3589,0.3459299789842966,0
3590,0.3482392499561945,0
3591,0.3454252397728109,0
3592,0.3486470135870373,0
3593,0.3653139246235979,0
3594,0.34726740279458235,0
3595,0.35176568469529723,0
3596,0.37471931063461683,0
3597,0.35611233132692693,0
3598,0.3453329074916804,0
3599,0.3422297876922213,0
3600,0.3478241059524104,0
3601,0.36351003576653756,0
3602,0.34345469129010503,0
3603,0.35143103934976405,0
3604,0.34472562994175476,0
3605,0.35405122379500625,0
3606,0.34203725264031415,0
3607,0.343130929372913,0
3608,0.43213334218987226,0
3609,0.36192796850145914,0
3610,0.3619346546782258,0
3611,0.34209305074728424,0
3612,0.34297494164971226,0
3613,0.36598774229728726,0
3614,0.3622410596713727,0
3615,0.7098229598073514,1
3616,0.681170947430696,1
3617,0.701434555192451,1
3618,0.7093923886207254,1
3619,0.7211409491798352,1
3620,0.7274105291636359,1
3621,0.7303694670876539,1
3622,0.7393416742784231,1
3623,0.742903049930853,1
3624,0.7471877821485858,1
3625,0.7549235373437471,1
3626,0.759610624504639,1
3627,0.766722541569035,1
3628,0.7714596943045308,1
3629,0.7772226627942619,1
3630,0.7793289445411272,1
3631,0.7822344052679904,1
3632,0.7838237650122478,1
3633,0.684480942573898,1
3634,0.5390193218822317,1
3635,0.5404281598712444,1
3636,0.5663283843635744,1
3637,0.5432163981827233,1
3638,0.5679773636600006,1
3639,0.5475841758882836,1
3640,0.5474095059619405,1
3641,0.563908724939372,1
3642,0.5382808817298318,1
3643,0.5744305495961205,1
3644,0.5409506163266798,1
3645,0.542810010909864,1
3646,0.5330482934694295,1
3647,0.5442598557480729,1
3648,0.5348558661111462,1
3649,0.5469441094981414,1
3650,0.5417762028762386,1
3651,0.5410945956415837,1
3652,0.5471450993849859,1
3653,0.6108217962764866,1
3654,0.5593052961437596,1
3655,0.5341726410816482,1
3656,0.5430487815159017,1
3657,0.5386751173639498,1
3658,0.5511989191826621,1
3659,0.540247268342137,1
3660,0.5600337247095831,1
3661,0.5411419590036004,1
3662,0.5621476050874015,1
3663,0.5347630640876362,1
3664,0.5707547563612071,1
3665,0.551110313213199,1
3666,0.5415063110442172,1
3667,0.5605573887528259,1
3668,0.568195709389387,1
3669,0.548364506322185,1
3670,0.5592684904417705,1
3671,0.5498065013635971,1
3672,0.5376560189992715,1
3673,0.5435848188374458,1
3674,0.5970779969427834,1
3675,0.5258978016426143,1
3676,0.5041600445993218,0
3677,0.5138534856756369,0
3678,0.5847716427483336,1
3679,0.5212509421442008,1
3680,0.4933603034792976,0
3681,0.4891607129942024,0
3682,0.44038230068167794,0
3683,0.4354070229998218,0
3684,0.43843501011323593,0
3685,0.421610637109475,0
3686,0.43262990207947233,0
3687,0.4132397797291409,0
3688,0.3873262375380947,0
3689,0.3849126841598507,0
3690,0.39985545099234987,0
3691,0.371954247822317,0
3692,0.3482137228591272,0
3693,0.3747129420349376,0
3694,0.3489130462768958,0
3695,0.3580244465137539,0
3696,0.3823474688371549,0
3697,0.34256904055864484,0
3698,0.36428525279441715,0
3699,0.3555753557712496,0
3700,0.3621868843066974,0
3701,0.3563343309991321,0
3702,0.36614584820936846,0
3703,0.34589268135195966,0
3704,0.35247838825576266,0
3705,0.354171375489718,0
3706,0.3549735829957125,0
3707,0.34263971651187863,0
3708,0.35254138022545844,0
3709,0.3515501372798967,0
3710,0.3626309552728536,0
3711,0.34255968801410924,0
3712,0.3518962232341816,0
3713,0.40063931419595356,0
3714,0.3572584066431306,0
3715,0.35269960931795347,0
3716,0.3772759422668915,0
3717,0.34138821054764,0
3718,0.3428588006974027,0
3719,0.3469149558575608,0
3720,0.3518185762071617,0
3721,0.34134001399155806,0
3722,0.3391780068477496,0
3723,0.34572264783549866,0
3724,0.3505507572872285,0
3725,0.35432937128817277,0
3726,0.3904300492669271,0
3727,0.3398917093954728,0
3728,0.35729695582529375,0
3729,0.3467905086008357,0
3730,0.3443734722279955,0
3731,0.35575730930218713,0
3732,0.3414199081431734,0
3733,0.3431610319466071,0
3734,0.38110980424536994,0
3735,0.3523751300555237,0
3736,0.4042479064796796,0
3737,0.35711111265260714,0
3738,0.34288396198509397,0
3739,0.4282098566690799,0
3740,0.39407615887714387,0
3741,0.36655325073795625,0
3742,0.3488509356918231,0
3743,0.3886365775472241,0
3744,0.3603701453946115,0
3745,0.3549134240611009,0
3746,0.3426147065862818,0
3747,0.35142879696130225,0
3748,0.3794304488418388,0
3749,0.34759107183083543,0
3750,0.3475235098778584,0
3751,0.37340693717037493,0
3752,0.3484471964373483,0
3753,0.3714889883728314,0
3754,0.3560477100432438,0
3755,0.34661564125689126,0
3756,0.34744259704661873,0
3757,0.3491808159896673,0
3758,0.3609778850639061,0
3759,0.35784069281517583,0
3760,0.39071247201102893,0
3761,0.3549846685819078,0
3762,0.3715268052542588,0
3763,0.3788935653782806,0
3764,0.35266359294226896,0
3765,0.35032204231338027,0
3766,0.34915361541379014,0
3767,0.3544566233921754,0
3768,0.3754231586415509,0
3769,0.3584630362464781,0
3770,0.34480350240810553,0
3771,0.3581835957234616,0
3772,0.37209108558185805,0
3773,0.34856495360807427,0
3774,0.3547605371150647,0
3775,0.35058723970874356,0
3776,0.3482757323787857,0
3777,0.35955879406933566,0
3778,0.3515390512769351,0
3779,0.36959077000433166,0
3780,0.372811335412669,0
3781,0.3839085644855387,0
3782,0.34366184460945104,0
3783,0.37216185062732826,0
3784,0.3532282015303665,0
3785,0.3671877436025011,0
3786,0.35353467606446465,0
3787,0.3595354169477842,0
3788,0.34688841934252496,0
3789,0.358588611048554,0
3790,0.379963263848542,0
3791,0.34303437534463543,0
3792,0.34447456759640965,0
3793,0.3433605778031682,0
3794,0.35335781764364804,0
3795,0.3448830035613544,0
3796,0.373595363536593,0
3797,0.344573093054857,0
3798,0.3421615652067194,0
3799,0.42109606324182014,0
3800,0.35580829075510984,0
3801,0.3677760680970518,0
3802,0.34385968850686055,0
3803,0.35794564928662476,0
3804,0.34542462092275017,0
3805,0.3542048462576232,0
3806,0.3439141322960871,0
3807,0.3421730960165747,0
3808,0.47461804013416214,0
3809,0.3995227020207158,0
3810,0.3560708964740699,0
3811,0.34194101281584555,0
3812,0.36375090586116576,0
3813,0.42637622205619236,0
3814,0.35254498375844995,0
3815,0.37428029831165815,0
3816,0.34459060372400324,0
3817,0.34180857469735904,0
3818,0.3435682975158228,0
3819,0.34605012834693616,0
3820,0.34549891578106007,0
3821,0.3795195680067397,0
3822,0.3666616601855513,0
3823,0.3494206287535042,0
3824,0.35311925734896865,0
3825,0.3626202596288909,0
3826,0.39493910492439055,0
3827,0.346362689174884,0
3828,0.34995422946181,0
3829,0.3615589995067562,0
3830,0.36384219212597974,0
3831,0.35199431649628315,0
3832,0.35777930284939813,0
3833,0.35990938845599946,0
3834,0.36459573045513655,0
3835,0.34820172739517385,0
3836,0.3475786574571975,0
3837,0.35533065126190716,0
3838,0.3443914313669891,0
3839,0.3470260779054052,0
3840,0.3525172087719474,0
3841,0.4039581452969499,0
3842,0.4072945130541526,0
3843,0.3968590659215983,0
3844,0.39125292883504187,0
3845,0.34681257076590993,0
3846,0.35482862272909116,0
3847,0.3435994084531172,0
3848,0.4202856325023015,0
3849,0.36105719872376013,0
3850,0.3442781916833269,0
3851,0.3449814520908416,0
3852,0.3469101095332927,0
3853,0.35546156615195973,0
3854,0.36442337523954654,0
3855,0.37124902480994054,0
3856,0.4191632606383627,0
3857,0.34367164948062046,0
3858,0.39218812384263024,0
3859,0.3546543185500265,0
3860,0.3604614469698115,0
3861,0.34309351914752223,0
3862,0.34249685817049264,0
3863,0.37768823089565595,0
3864,0.36519336618095105,0
3865,0.34717451598206234,0
3866,0.3588838325981005,0
3867,0.34136321351000953,0
3868,0.35504999600758064,0
3869,0.3470422371653369,0
3870,0.34698860254177094,0
3871,0.3509511985384375,0
3872,0.35004101006757,0
3873,0.42978863465404166,0
3874,0.4608606527418182,0
3875,0.4805918385394926,0
3876,0.4931323372374306,0
3877,0.5082265346794879,0
3878,0.5195745628314439,0
3879,0.5443300280827905,1
3880,0.549862754614055,1
3881,0.5662920524256833,1
3882,0.5734849605944089,1
3883,0.5754283062249048,1
3884,0.5900354606472422,1
3885,0.6045358959352571,1
3886,0.6243836840645143,1
3887,0.6281572143753822,1
3888,0.6339156532309171,1
3889,0.6386344416033282,1
3890,0.6438877919367023,1
3891,0.6510930363095964,1
3892,0.653299369333303,1
3893,0.6555131788697968,1
3894,0.6586251210172372,1
3895,0.6623631266347719,1
3896,0.6706309345364783,1
3897,0.6755675047716759,1
3898,0.6757960832970895,1
3899,0.6766513970474739,1
3900,0.679605454616135,1
3901,0.679605454616135,1
3902,0.35580921395800647,0
3903,0.36345076715128305,0
3904,0.3674494813858661,0
3905,0.40061222178927625,0
3906,0.353630992179557,0
3907,0.3492088909777172,0
3908,0.3486896280751434,0
3909,0.3449934726502317,0
3910,0.34548333271831383,0
3911,0.3864384144109679,0
3912,0.4129859556378863,0
3913,0.3481129584049764,0
3914,0.35404900474150247,0
3915,0.35645017250568334,0
3916,0.34823367640772096,0
3917,0.346577347565671,0
3918,0.3568837806228954,0
3919,0.3457833923166153,0
3920,0.34566330589392164,0
3921,0.3778545573461704,0
3922,0.33802122927342193,0
3923,0.36833959756478973,0
3924,0.34202261750871615,0
3925,0.3484957047828139,0
3926,0.3494548776424719,0
3927,0.3428777251289153,0
3928,0.34696832008974254,0
3929,0.34529436527957663,0
3930,0.3546298883767499,0
3931,0.35460382405264645,0
3932,0.35505128150570275,0
3933,0.3769069729543926,0
3934,0.3475110591593026,0
3935,0.3765211648865165,0
3936,0.33781600149275565,0
3937,0.3600976722583184,0
3938,0.34466757885783533,0
3939,0.34442621082437663,0
3940,0.35517756058344546,0
3941,0.34113728167490015,0
3942,0.36235266807364563,0
3943,0.3543050290324922,0
3944,0.3530115834357458,0
3945,0.35524810551935565,0
3946,0.33956089438079434,0
3947,0.4314575844141678,0
3948,0.34747044602589205,0
3949,0.3461819131484857,0
3950,0.3479141977035758,0
3951,0.3417286545874914,0
3952,0.3411148009092791,0
3953,0.34878878916752376,0
3954,0.34753482409179226,0
3955,0.3604346435245882,0
3956,0.3482384268381643,0
3957,0.34511832206935544,0
3958,0.3530669417495145,0
3959,0.3542333564770254,0
3960,0.3465869531484057,0
3961,0.36695498590175646,0
3962,0.34659904720796014,0
3963,0.3471787068411405,0
3964,0.3510444593532051,0
3965,0.35075339705905717,0
3966,0.374596641551683,0
3967,0.3494498892043631,0
3968,0.3458591915696077,0
3969,0.3601642933674787,0
3970,0.35619726925870926,0
3971,0.4627980027104716,0
3972,0.39856214273018126,0
3973,0.34512368220888145,0
3974,0.3437955900930741,0
3975,0.3663717879400709,0
3976,0.38250695613405655,0
3977,0.34709671027471656,0
3978,0.3532318207514579,0
3979,0.35933251407950284,0
3980,0.3767821646189052,0
3981,0.3527803489169063,0
3982,0.3596631653729051,0
3983,0.3506135752509806,0
3984,0.4779963180360845,0
3985,0.4103895507017393,0
3986,0.38830830356264945,0
3987,0.39432989910657507,0
3988,0.34691005323922297,0
3989,0.3721331052948438,0
3990,0.37636448844048237,0
3991,0.358464360789662,0
3992,0.3413345961616617,0
3993,0.39408086008146115,0
3994,0.42234932877268133,0
3995,0.46162687689482684,0
3996,0.3395506300866599,0
3997,0.34180803242328733,0
3998,0.40222055695385206,0
3999,0.38647543065048745,0
4000,0.3418731492986356,0
4001,0.3485630136180593,0
4002,0.3466467422391784,0
4003,0.35269461215770553,0
4004,0.3476957052475812,0
4005,0.37075501916905584,0
4006,0.38531976207569646,0
4007,0.3490686102924368,0
4008,0.3542977039585793,0
4009,0.3615309861349992,0
4010,0.3486912707371212,0
4011,0.371090040190841,0
4012,0.355182106303357,0
4013,0.3479644793019656,0
4014,0.35731658583291914,0
4015,0.3521220015116704,0
4016,0.359523094089166,0
4017,0.370151765807601,0
4018,0.3839399546581185,0
4019,0.3837832226870225,0
4020,0.38363448778879816,0
4021,0.38438327577156667,0
4022,0.3566370170345793,0
4023,0.42096094991799815,0
4024,0.3679081421958071,0
4025,0.39676115132142464,0
4026,0.34811555141942196,0
4027,0.34530576287768167,0
4028,0.35550333822402935,0
4029,0.3708960512901009,0
4030,0.4516703553743776,0
4031,0.34148514647033124,0
4032,0.3500059286847511,0
4033,0.3756739489312852,0
4034,0.3527292692008687,0
4035,0.41359481266268366,0
4036,0.3402126887200053,0
4037,0.3501596702966195,0
4038,0.343723752510909,0
4039,0.35565011689019416,0
4040,0.34942063922555927,0
4041,0.3829762533547189,0
4042,0.3854024077134924,0
4043,0.34668820292013924,0
4044,0.3694653004684397,0
4045,0.41566838640079157,0
4046,0.34457968442257286,0
4047,0.3900239129557565,0
4048,0.3490795523115881,0
4049,0.3565601641520817,0
4050,0.36792624567471227,0
4051,0.3532254924042915,0
4052,0.3765749200231572,0
4053,0.38247183612488506,0
4054,0.3604242599249054,0
4055,0.37227776353658476,0
4056,0.34310612225665954,0
4057,0.3439209251402524,0
4058,0.3749568433776275,0
4059,0.36161366661014216,0
4060,0.36616671842474735,0
4061,0.4068375395338539,0
4062,0.38918323191640347,0
4063,0.34846383094377636,0
4064,0.3605387193925446,0
4065,0.36668681750972343,0
4066,0.3639482145405811,0
4067,0.3548348915832463,0
4068,0.3815868649047941,0
4069,0.3537215414892937,0
4070,0.3532056857742703,0
4071,0.3487397684356159,0
4072,0.6904252734177613,1
4073,0.5653630280920756,1
4074,0.5383661049171069,1
4075,0.5953112263277089,1
4076,0.5572288730700994,1
4077,0.5518068636150301,1
4078,0.5627983017365262,1
4079,0.5425707576195908,1
4080,0.554532232344073,1
4081,0.5552781056249847,1
4082,0.5579369974114093,1
4083,0.37953949368104806,0
4084,0.3819590821548451,0
4085,0.3717494631904895,0
4086,0.3794807254804905,0
4087,0.36124512004806175,0
4088,0.4287129208819719,0
4089,0.3853406851405271,0
4090,0.40181208524945317,0
4091,0.3993143585563566,0
4092,0.3631017235757911,0
4093,0.36670935256644815,0
4094,0.38242421333948073,0
4095,0.379478543712223,0
4096,0.3869697759040545,0
4097,0.36502658429826856,0
4098,0.4198025936150621,0
4099,0.39074473230108425,0
4100,0.36773460953795106,0
4101,0.37235187559314825,0
4102,0.36222403592724933,0
4103,0.3914841526934554,0
4104,0.3746519393805743,0
4105,0.3766433367803342,0
4106,0.378173352860415,0
4107,0.3642397518643571,0
4108,0.3612854092900752,0
4109,0.4639778222773851,0
4110,0.3813339340338462,0
4111,0.38217291849819895,0
4112,0.3635554614661119,0
4113,0.477773457541311,0
4114,0.37653183330584805,0
4115,0.3704194508620732,0
4116,0.3846189685000079,0
4117,0.36137831702776196,0
4118,0.3843144337371459,0
4119,0.3721597128324701,0
4120,0.3900073476886775,0
4121,0.3638761390387691,0
4122,0.36460725640540625,0
4123,0.4224463063055082,0
4124,0.37982687401143,0
4125,0.38762482689863115,0
4126,0.3744908455888998,0
4127,0.4814418618147763,0
4128,0.38667853892988774,0
4129,0.37933671945312,0
4130,0.3828002469147763,0
4131,0.3682274913463594,0
4132,0.3610591368069384,0
4133,0.37268089939836874,0
4134,0.3558166724493902,0
4135,0.3610329079426292,0
4136,0.3426290047032597,0
4137,0.392374545514879,0
4138,0.348793853767729,0
4139,0.3447820095415834,0
4140,0.3426438469729431,0
4141,0.35720172043895765,0
4142,0.3506733101343065,0
4143,0.36148238712497094,0
4144,0.4513062576929707,0
4145,0.3736529636853723,0
4146,0.3815925358078553,0
4147,0.40343356050654816,0
4148,0.39017427569170965,0
4149,0.38888303633825394,0
4150,0.35242611188200934,0
4151,0.372868579085039,0
4152,0.3638793792473176,0
4153,0.3534667559541834,0
4154,0.4003995897245814,0
4155,0.3871595350096855,0
4156,0.35599806313005583,0
4157,0.346192034496418,0
4158,0.35941775087375955,0
4159,0.39655916551105314,0
4160,0.3890024622302338,0
4161,0.3757072980595668,0
4162,0.3420010683855555,0
4163,0.3497457156577887,0
4164,0.3469696454299483,0
4165,0.35505318011244685,0
4166,0.36904898363692845,0
4167,0.3489377005530208,0
4168,0.4113350197999353,0
4169,0.37069395606728683,0
4170,0.3570179970050794,0
4171,0.3837065937981796,0
4172,0.35719729982590387,0
4173,0.3511062220913212,0
4174,0.35354097247656435,0
4175,0.3572195026905049,0
4176,0.35637385276432804,0
4177,0.34626725431428484,0
4178,0.3675317063628031,0
4179,0.3650617532320495,0
4180,0.3846434056350491,0
4181,0.3464503329299199,0
4182,0.3450212849628168,0
4183,0.34319398698568526,0
4184,0.3525068792537431,0
4185,0.3501169771428653,0
4186,0.41356209442352637,0
4187,0.36569901718160697,0
4188,0.35492452147811043,0
4189,0.36812103505943744,0
4190,0.37840992699569,0
4191,0.34687609551648874,0
4192,0.35675625800050575,0
4193,0.39137933467346914,0
4194,0.3653117836118474,0
4195,0.3853259059263469,0
4196,0.35620255132116835,0
4197,0.35434402506008067,0
4198,0.4284377671491294,0
4199,0.35349632406230214,0
4200,0.350687156546731,0
4201,0.38303160262165825,0
4202,0.35020292477278664,0
4203,0.3707985164946801,0
4204,0.36628975832656896,0
4205,0.35909324704455764,0
4206,0.34609372425695795,0
4207,0.355174878142917,0
4208,0.34882708604800206,0
4209,0.35517150129704794,0
4210,0.35051466636067363,0
4211,0.3586217174085402,0
4212,0.3437251484527419,0
4213,0.3557443343103256,0
4214,0.34943552406437056,0
4215,0.3584363844018124,0
4216,0.3525723227065825,0
4217,0.3969748408706076,0
4218,0.44549426814779025,0
4219,0.35113268639305484,0
4220,0.3544974404775963,0
4221,0.3610589478847663,0
4222,0.3550344507529033,0
4223,0.4333536833273465,0
4224,0.39585714269847955,0
4225,0.4186155538614673,0
4226,0.35343009082419874,0
4227,0.345743090863893,0
4228,0.3613713077058193,0
4229,0.365038938184375,0
4230,0.36801931253243103,0
4231,0.391479043056394,0
4232,0.37967342388785097,0
4233,0.3471508599640035,0
4234,0.3435219882788981,0
4235,0.36732713170420106,0
4236,0.379963263848542,0
4237,0.35896688962431794,0
4238,0.36405434412264126,0
4239,0.35767840144985447,0
4240,0.43903840601849464,0
4241,0.3502203139928083,0
4242,0.34470156532662627,0
4243,0.3517568115155038,0
4244,0.3716815725362075,0
4245,0.37303867022817216,0
4246,0.38426022104323887,0
4247,0.4088681496059016,0
4248,0.3491946420118647,0
4249,0.3490890112866473,0
4250,0.3508317178950833,0
4251,0.3545517986024325,0
4252,0.34308426536522296,0
4253,0.3897782785897191,0
4254,0.3532735687369913,0
4255,0.35062193834966,0
4256,0.36417942310823564,0
4257,0.3450026900131405,0
4258,0.36189253759904827,0
4259,0.4270969051782345,0
4260,0.4510318492821897,0
4261,0.35240632046384895,0
4262,0.3504815454113347,0
4263,0.37428043130839106,0
4264,0.36044603368838973,0
4265,0.4005960203921946,0
4266,0.35321377854305475,0
4267,0.365145218385199,0
4268,0.46417727497728034,0
4269,0.36086137765556753,0
4270,0.36110493422869444,0
4271,0.3872443727987886,0
4272,0.34606821845197466,0
4273,0.3482723155842864,0
4274,0.3950544591570893,0
4275,0.39483093102715644,0
4276,0.34674719883349486,0
4277,0.3478732069509702,0
4278,0.35241706018809615,0
4279,0.3537986328171537,0
4280,0.346382317721726,0
4281,0.3482979462513898,0
4282,0.34453580179412047,0
4283,0.688326374920545,1
4284,0.6000495965262739,1
4285,0.5784348530229122,1
4286,0.5663210351378356,1
4287,0.5527617162741985,1
4288,0.5258956632436373,1
4289,0.36157623353450824,0
4290,0.38314297387704227,0
4291,0.3405669607389621,0
4292,0.34220016561307814,0
4293,0.3437752564768704,0
4294,0.3443736073940085,0
4295,0.34637271462024555,0
4296,0.3604106525809958,0
4297,0.3763909630916015,0
4298,0.34938311135490824,0
4299,0.35708287421115736,0
4300,0.3541972880463266,0
4301,0.3776493641280012,0
4302,0.33844352242070896,0
4303,0.35450253363642925,0
4304,0.3504322796254481,0
4305,0.36076117473562064,0
4306,0.33989652228196904,0
4307,0.3642015770175779,0
4308,0.43473069976713313,0
4309,0.3667833431813586,0
4310,0.36746120875507066,0
4311,0.3477687443376968,0
4312,0.3365553912818752,0
4313,0.38288599206199475,0
4314,0.3511662201622681,0
4315,0.38788358240892934,0
4316,0.33727300605459937,0
4317,0.35984519190809633,0
4318,0.34136691254784746,0
4319,0.3524723924217675,0
4320,0.4399761681485683,0
4321,0.36102821543320096,0
4322,0.3442671162935372,0
4323,0.36216819235349773,0
4324,0.3581412207475527,0
4325,0.3471742448593666,0
4326,0.336949406275608,0
4327,0.34029357720533926,0
4328,0.3527970336036457,0
4329,0.34882878888728347,0
4330,0.35131579370986044,0
4331,0.34814485311877436,0
4332,0.3495518601854414,0
4333,0.40940857936162234,0
4334,0.3574693625790138,0
4335,0.3666845053315868,0
4336,0.3419997213399527,0
4337,0.3692495484342749,0
4338,0.4016247600977532,0
4339,0.3485505911114487,0
4340,0.345562929662612,0
4341,0.35047584768669376,0
4342,0.3397537591841952,0
4343,0.3585704741780779,0
4344,0.3490793412038277,0
4345,0.3510414997746108,0
4346,0.3624825343710233,0
4347,0.34661105409230103,0
4348,0.34503455871784683,0
4349,0.39862869947519985,0
4350,0.41425388079879827,0
4351,0.34359730301204017,0
4352,0.3455555641054109,0
4353,0.3425954720334613,0
4354,0.36355289214521236,0
4355,0.3607969999603851,0
4356,0.34918621097078806,0
4357,0.3415712221978136,0
4358,0.39779920064073027,0
4359,0.36013482821361736,0
4360,0.3632384855542386,0
4361,0.3947027759320829,0
4362,0.34622166134015314,0
4363,0.35108204892378164,0
4364,0.367409822433816,0
4365,0.3709743024585527,0
4366,0.3447670802194685,0
4367,0.34203051614447477,0
4368,0.36771095136320964,0
4369,0.3595057582054374,0
4370,0.3469835815869842,0
4371,0.34450040119854014,0
4372,0.34477420634726635,0
4373,0.3617658699562563,0
4374,0.3554153767992321,0
4375,0.36147267163254404,0
4376,0.3497151696434236,0
4377,0.36528103671725654,0
4378,0.35168502410631525,0
4379,0.439451460745035,0
4380,0.34614054214194134,0
4381,0.35523268828179655,0
4382,0.35161572834874727,0
4383,0.34497247972925954,0
4384,0.4134171434348861,0
4385,0.41765334126908044,0
4386,0.34368115479009176,0
4387,0.3628130188441062,0
4388,0.36248151484610847,0
4389,0.35539373617058645,0
4390,0.3569759207609768,0
4391,0.3853758485359457,0
4392,0.34587003702047714,0
4393,0.36493641823506856,0
4394,0.35065308750722396,0
4395,0.357262614770955,0
4396,0.3712615431047379,0
4397,0.3920817135964753,0
4398,0.34983844662143115,0
4399,0.34910570022763726,0
4400,0.347521941099534,0
4401,0.3482527988715873,0
4402,0.3951580904842225,0
4403,0.36491407273510484,0
4404,0.3817286285114254,0
4405,0.40708924194428325,0
4406,0.3456099337730122,0
4407,0.3521548655062719,0
4408,0.3495676191300039,0
4409,0.36531021355523335,0
4410,0.3919432105653336,0
4411,0.3444197711247319,0
4412,0.34986725894335624,0
4413,0.36823858071249177,0
4414,0.3603876405463999,0
4415,0.36562884744171764,0
4416,0.3523219614192238,0
4417,0.35168745409691027,0
4418,0.35651939805778043,0
4419,0.3690542776573065,0
4420,0.3716014680126939,0
4421,0.346475976723582,0
4422,0.3893271031801265,0
4423,0.363767091947337,0
4424,0.35866262353884343,0
4425,0.36787280224096336,0
4426,0.39892511906863337,0
4427,0.3475845011434311,0
4428,0.3507848503431352,0
4429,0.36652097789974486,0
4430,0.36232015208054624,0
4431,0.35087142374333574,0
4432,0.3529668904742049,0
4433,0.36641972872967593,0
4434,0.3530043031522191,0
4435,0.3501314600437432,0
4436,0.3657836595762161,0
4437,0.34688289804042144,0
4438,0.3561820068166941,0
4439,0.3487767211105447,0
4440,0.3649161448388523,0
4441,0.35103549180130195,0
4442,0.39939190305987377,0
4443,0.3747927154594166,0
4444,0.3969962583918208,0
4445,0.34666336754315863,0
4446,0.3459402115670615,0
4447,0.3475280510071938,0
4448,0.3477897033166566,0
4449,0.3467990312941566,0
4450,0.36571677681380665,0
4451,0.3805386157333134,0
4452,0.3460486581733265,0
4453,0.35977753661422524,0
4454,0.34988784309285287,0
4455,0.3569171402950305,0
4456,0.354847212872212,0
4457,0.36070976641914215,0
4458,0.3819556030223695,0
4459,0.3527217360808819,0
4460,0.359787606267411,0
4461,0.3968238450784289,0
4462,0.34202194478741255,0
4463,0.44778649235745593,0
4464,0.3870858940340596,0
4465,0.35032955584735725,0
4466,0.3612472043177363,0
4467,0.3447616116012599,0
4468,0.35453271523682933,0
4469,0.4170216928461948,0
4470,0.38181323992413674,0
4471,0.35253784850440173,0
4472,0.36388576754082064,0
4473,0.35243842618235777,0
4474,0.3426434346784529,0
4475,0.34499346439940276,0
4476,0.35229886324383336,0
4477,0.34595951789978074,0
4478,0.3769080281184406,0
4479,0.3753406604808451,0
4480,0.34287089116167807,0
4481,0.36263120143148325,0
4482,0.3527033971816804,0
4483,0.36046673441489946,0
4484,0.35260092737256243,0
4485,0.36271989701132434,0
4486,0.3561137011666097,0
4487,0.35592409499180444,0
4488,0.3573499924960085,0
4489,0.3496864150869417,0
4490,0.3495128506187582,0
4491,0.3457406572849482,0
4492,0.3452219855130923,0
4493,0.3418130460133531,0
4494,0.399251380916327,0
4495,0.38638139782335906,0
4496,0.3443382108634147,0
4497,0.35854457332817224,0
4498,0.3930704318403342,0
4499,0.36740937315587846,0
4500,0.3476608498439265,0
4501,0.34591112395023904,0
4502,0.3455315995010289,0
4503,0.35722401929463576,0
4504,0.3484203372563892,0
4505,0.3708647555209587,0
4506,0.3424066134810724,0
4507,0.34398113211686876,0
4508,0.3592495849867639,0
4509,0.3528729653983924,0
4510,0.3612946102935636,0
4511,0.35169338844832165,0
4512,0.35686678764645247,0
4513,0.34671561827627767,0
4514,0.35092442048653494,0
4515,0.36394770738179644,0
4516,0.3427689899336947,0
4517,0.3413683139157869,0
4518,0.37423523245019874,0
4519,0.34956108990033474,0
4520,0.35295557993276494,0
4521,0.3584716271397969,0
4522,0.3465381704871157,0
4523,0.3824869037949953,0
4524,0.361913235162584,0
4525,0.34577600426912675,0
4526,0.3638296648630153,0
4527,0.3438958986573068,0
4528,0.38843763382006474,0
4529,0.3468394636233074,0
4530,0.3550040953033221,0
4531,0.3596921390276518,0
4532,0.3452139585172611,0
4533,0.3437212443019457,0
4534,0.3464316193919723,0
4535,0.3486051358811894,0
4536,0.3498192133558079,0
4537,0.34564260739167607,0
4538,0.39768832200161686,0
4539,0.3515761875149625,0
4540,0.3715128591128494,0
4541,0.3408600797309025,0
4542,0.34375115534256784,0
4543,0.3395975055242448,0
4544,0.3605327311263637,0
4545,0.3567538357681719,0
4546,0.34441239620961756,0
4547,0.34183699516171084,0
4548,0.3737176301996303,0
4549,0.34804083073190384,0
4550,0.34732428885790917,0
4551,0.3799920371240377,0
4552,0.33946128126422703,0
4553,0.4038249456517122,0
4554,0.3483827144616115,0
4555,0.34843661816034116,0
4556,0.3613249542346377,0
4557,0.3399127650367546,0
4558,0.37822145348176556,0
4559,0.35636834874871026,0
4560,0.33883859162921437,0
4561,0.3456758539393495,0
4562,0.35664019984922063,0
4563,0.3443706393346068,0
4564,0.3504127142959417,0
4565,0.3487856228880224,0
4566,0.35477023588784057,0
4567,0.34202048354084036,0
4568,0.3729505785122959,0
4569,0.3474044015281891,0
4570,0.3773205050659398,0
4571,0.35117924479118034,0
4572,0.384736202319877,0
4573,0.34459236409351063,0
4574,0.34182458820731987,0
4575,0.38548409750007,0
4576,0.3536452811118664,0
4577,0.3446470333322502,0
4578,0.37735573121429833,0
4579,0.35755536857523307,0
4580,0.33818707060249714,0
4581,0.33964376335920976,0
4582,0.33964951199559984,0
4583,0.33848772435288427,0
4584,0.33924095565001033,0
4585,0.3433565530237506,0
4586,0.38946523603526706,0
4587,0.34036570655629794,0
4588,0.37144392107752544,0
4589,0.3415063329301668,0
4590,0.3374552359284412,0
4591,0.3802313107442292,0
4592,0.35478896195755194,0
4593,0.37765441276141076,0
4594,0.341559044631212,0
4595,0.3591561927045872,0
4596,0.33599276375575793,0
4597,0.3499187371407836,0
4598,0.354050128516253,0
4599,0.34082142209961935,0
4600,0.411764592363657,0
4601,0.39892492233881527,0
4602,0.40871883092389105,0
4603,0.34964880813586696,0
4604,0.33852414166938327,0
4605,0.33944899830773917,0
4606,0.35123065865219294,0
4607,0.34320985217285827,0
4608,0.3397165738865084,0
4609,0.3449648434452178,0
4610,0.3480081598470199,0
4611,0.3501570129168481,0
4612,0.3555434538431048,0
4613,0.354735232194241,0
4614,0.3471152882778936,0
4615,0.3480576445520222,0
4616,0.33602579182596254,0
4617,0.350382989432992,0
4618,0.34198836907814534,0
4619,0.33493228796710767,0
4620,0.34627437429522273,0
4621,0.3415659978443097,0
4622,0.3395913977985027,0
4623,0.3591385427001053,0
4624,0.3369450107520912,0
4625,0.33375677261694986,0
4626,0.3544383607506722,0
4627,0.3570215325812389,0
4628,0.35161767425459317,0
4629,0.33545756386445824,0
4630,0.38252685129793357,0
4631,0.3488005604469757,0
4632,0.35376561504455395,0
4633,0.3469392985219125,0
4634,0.3567495531781136,0
4635,0.36248207400945803,0
4636,0.37081374763660907,0
4637,0.37853184611217283,0
4638,0.33649616643529634,0
4639,0.33702525845952785,0
4640,0.3507346782795491,0
4641,0.35100282224013024,0
4642,0.3478734435153605,0
4643,0.36267835541185506,0
4644,0.3783568951285005,0
4645,0.3658750210110658,0
4646,0.3715810565143092,0
4647,0.3640980377573099,0
4648,0.3655107959902941,0
4649,0.36388727289438483,0
4650,0.35273801028442997,0
4651,0.38775709308175965,0
4652,0.38389084928943273,0
4653,0.385300105203723,0
4654,0.3511527684519123,0
4655,0.3503465043964603,0
4656,0.3556117836669458,0
4657,0.41738390585240015,0
4658,0.446964750278422,0
4659,0.36309202268139296,0
4660,0.351430487406613,0
4661,0.37687980532415977,0
4662,0.37309738733368514,0
4663,0.37490621038265737,0
4664,0.35736833980592747,0
4665,0.3537182781533361,0
4666,0.36222991518317715,0
4667,0.3541627144003195,0
4668,0.36315791976681705,0
4669,0.3537123440080946,0
4670,0.36084502439389954,0
4671,0.36297302297517425,0
4672,0.35894039039486453,0
4673,0.3598351594271502,0
4674,0.36018182381719155,0
4675,0.3528974497496417,0
4676,0.43736871471909355,0
4677,0.38456908049725486,0
4678,0.36418865078369794,0
4679,0.36214343945868616,0
4680,0.3986678797970226,0
4681,0.3716874454959794,0
4682,0.3689719814114208,0
4683,0.3627759853126644,0
4684,0.360888899847063,0
4685,0.3750435540061063,0
4686,0.3827934608509788,0
4687,0.3747439306072615,0
4688,0.38472623367480613,0
4689,0.38605812815736473,0
4690,0.3714745036099266,0
4691,0.37353266328902596,0
4692,0.3792532081831425,0
4693,0.3799762336738604,0
4694,0.38340092517869573,0
4695,0.38488827458401814,0
4696,0.39417588130707976,0
4697,0.3819774064346022,0
4698,0.3917113400797553,0
4699,0.3751816310410903,0
4700,0.3701778946372423,0
4701,0.3900831089171921,0
4702,0.38153779221016404,0
4703,0.3846349158386691,0
4704,0.3759406643673325,0
4705,0.4449946452155252,0
4706,0.3818513286831345,0
4707,0.39177904790561424,0
4708,0.4038477588184993,0
4709,0.3828594877558424,0
4710,0.4186069840860462,0
4711,0.3756572111582367,0
4712,0.3763667410448465,0
4713,0.3942066940174789,0
4714,0.37642902872817036,0
4715,0.3838094833695354,0
4716,0.4138025227129226,0
4717,0.3934818048959871,0
4718,0.38561676625857283,0
4719,0.4181572671461413,0
4720,0.3876642888814185,0
4721,0.42227400730366615,0
4722,0.40148925923994117,0
4723,0.38153545885990064,0
4724,0.37974912574351866,0
4725,0.39621781708511006,0
4726,0.3828650665341789,0
4727,0.44501046852220294,0
4728,0.43649996714184675,0
4729,0.38299057396495817,0
4730,0.38377366403789476,0
4731,0.4106500914998214,0
4732,0.3903355648776461,0
4733,0.4117421590177132,0
4734,0.3850850848595301,0
4735,0.40824034528952047,0
4736,0.3888068992584171,0
4737,0.4222361283219175,0
4738,0.40376176575544975,0
4739,0.40447337379391146,0
4740,0.4016195645560157,0
4741,0.39265743737532666,0
4742,0.4468883723976794,0
4743,0.42441087712581704,0
4744,0.3903491924621975,0
4745,0.392950992327985,0
4746,0.3953292724063141,0
4747,0.393703716244114,0
4748,0.40312580113834245,0
4749,0.3960865951664766,0
4750,0.3939033111572237,0
4751,0.4757810322515576,0
4752,0.436584082778057,0
4753,0.3970350447036121,0
4754,0.39652674847149744,0
4755,0.42259107444790833,0
4756,0.40412927798974235,0
4757,0.40464453589391564,0
4758,0.4054287576512249,0
4759,0.3989372189332158,0
4760,0.41614773158358326,0
4761,0.4055603711159021,0
4762,0.4032418138125261,0
4763,0.4086319392569909,0
4764,0.3935181925301652,0
4765,0.40812575329720113,0
4766,0.4280345769052712,0
4767,0.434722713957787,0
4768,0.4186393992972577,0
4769,0.44236612165280104,0
4770,0.40528859432343634,0
4771,0.4519195614790406,0
4772,0.4146454847139238,0
4773,0.42252499373171365,0
4774,0.4047940971013576,0
4775,0.4606122875051693,0
4776,0.42337001590953544,0
4777,0.4123520205163433,0
4778,0.4109358356495383,0
4779,0.41210958468076314,0
4780,0.40745893926198784,0
4781,0.44940547882292176,0
4782,0.42036432007512037,0
4783,0.4198087131870385,0
4784,0.4129587536481048,0
4785,0.4642864542260752,0
4786,0.43087754348810586,0
4787,0.42874169991800365,0
4788,0.4490019077500197,0
4789,0.4180450788537031,0
4790,0.4495511427125971,0
4791,0.4549872504501661,0
4792,0.4393695752391849,0
4793,0.43624607066325266,0
4794,0.42188763437027593,0
4795,0.42942106215848824,0
4796,0.4553679232283574,0
4797,0.4310840970921087,0
4798,0.44822572011410766,0
4799,0.4272472616797944,0
4800,0.44955647435726465,0
4801,0.5297704573339705,1
4802,0.5007163448122258,0
4803,0.42903482260497044,0
4804,0.43883333595736845,0
4805,0.4316855000053888,0
4806,0.4960890917173378,0
4807,0.4547301702445508,0
4808,0.4423936067560274,0
4809,0.4407056712627332,0
4810,0.4862902052460596,0
4811,0.47956972303014417,0
4812,0.46569816854249685,0
4813,0.519618768653282,0
4814,0.4290491588047254,0
4815,0.4722438322275244,0
4816,0.5314150753431222,1
4817,0.48234666561280826,0
4818,0.5132412542460042,0
4819,0.49820506936742215,0
4820,0.49213892349427185,0
4821,0.45421174530342967,0
4822,0.45270508549832966,0
4823,0.5092838732177098,0
4824,0.47367183753273207,0
4825,0.4692821405141242,0
4826,0.4987811406262495,0
4827,0.49569525003137593,0
4828,0.45222618402702175,0
4829,0.4524637851869138,0
4830,0.4773037467095979,0
4831,0.4620483915561117,0
4832,0.5444067359614423,1
4833,0.5408212871688918,1
4834,0.45378210467775765,0
4835,0.5104470074753302,0
4836,0.4906138309455208,0
4837,0.473669857364159,0
4838,0.47229388336481987,0
4839,0.46445283521801084,0
4840,0.553895758939435,1
4841,0.49055050359561797,0
4842,0.4916401292705076,0
4843,0.5206400659505109,1
4844,0.5756774333016353,1
4845,0.44033849535451824,0
4846,0.4422077999074055,0
4847,0.46633682223536366,0
4848,0.4379895206543337,0
4849,0.4310956192570165,0
4850,0.4273246521029555,0
4851,0.4217092341438303,0
4852,0.4160016495596215,0
4853,0.4375568214698882,0
4854,0.4277500136782008,0
4855,0.42335674595061196,0
4856,0.4253547843528785,0
4857,0.4149610335651517,0
4858,0.41267625305257305,0
4859,0.4100642548788331,0
4860,0.402532667524976,0
4861,0.4028443984883886,0
4862,0.4161180268324776,0
4863,0.42642103823236727,0
4864,0.41476740734610135,0
4865,0.39953708457115933,0
4866,0.3837481533019613,0
4867,0.40455394095177194,0
4868,0.38810376200093544,0
4869,0.3843523151624755,0
4870,0.3793898352352501,0
4871,0.3825937600558845,0
4872,0.3681605177047042,0
4873,0.37480776617781947,0
4874,0.38103088679743624,0
4875,0.419570732483858,0
4876,0.3615375043747886,0
4877,0.3727135497232234,0
4878,0.36063476094358543,0
4879,0.3694969056974113,0
4880,0.3705484408277251,0
4881,0.35402988955184544,0
4882,0.35627181202609587,0
4883,0.36471779897795686,0
4884,0.35681298656390437,0
4885,0.35966297866515107,0
4886,0.37696926531910324,0
4887,0.3475991279743726,0
4888,0.3891131669399139,0
4889,0.34789526463757464,0
4890,0.35332004451138205,0
4891,0.39381222328939186,0
4892,0.3383636777276984,0
4893,0.34820740682196694,0
4894,0.33830731465142544,0
4895,0.3434717901299744,0
4896,0.3559815352302193,0
4897,0.3360710136665465,0
4898,0.33433715891463617,0
4899,0.3367755636839942,0
4900,0.3403324075675778,0
4901,0.33344067128815924,0
4902,0.33637072640509486,0
4903,0.3510383872710413,0
4904,0.3539187335829963,0
4905,0.3771871646385147,0
4906,0.3380144417979484,0
4907,0.33794742589444676,0
4908,0.33655074110890665,0
4909,0.33843772066195554,0
4910,0.3456532896526858,0
4911,0.3414952188356275,0
4912,0.3454703145265217,0
4913,0.34259416549704813,0
4914,0.34507129996674246,0
4915,0.3915590124273644,0
4916,0.4129774559445683,0
4917,0.34959608054002844,0
4918,0.342022530630472,0
4919,0.33945641897633044,0
4920,0.3377491002146956,0
4921,0.3378823968640412,0
4922,0.33959574001866616,0
4923,0.3539803734757003,0
4924,0.3382094204273762,0
4925,0.33685245561897775,0
4926,0.35782047565262265,0
4927,0.4087149106145532,0
4928,0.3415323154504606,0
4929,0.3402723283914743,0
4930,0.34257353368309157,0
4931,0.34310947910852696,0
4932,0.3449329521069496,0
4933,0.357327580878346,0
4934,0.34589344237425707,0
4935,0.33853752511307306,0
4936,0.3420656620650306,0
4937,0.3431063408188153,0
4938,0.3405754636773246,0
4939,0.3396651466676284,0
4940,0.3371814454117559,0
4941,0.45930854043508834,0
4942,0.42655807222933606,0
4943,0.3380955043817106,0
4944,0.34470886701822073,0
4945,0.3448220505096032,0
4946,0.33757601253837555,0
4947,0.3405721538310446,0
4948,0.35772367578101333,0
4949,0.33884372349295594,0
4950,0.36022356895560453,0
4951,0.3398242478014208,0
4952,0.3407476379296677,0
4953,0.3349398020784282,0
4954,0.35615163322908694,0
4955,0.3928585278652756,0
4956,0.3404086183479346,0
4957,0.34240740568398664,0
4958,0.3408901136930986,0
4959,0.3364025776086023,0
4960,0.3687750870407024,0
4961,0.33771693140941134,0
4962,0.3802372986923471,0
4963,0.33724240298973535,0
4964,0.3422855813791089,0
4965,0.45737820257932826,0
4966,0.3475619711000819,0
4967,0.3542572557161017,0
4968,0.3448301844464577,0
4969,0.35837576992711145,0
4970,0.33640111176882054,0
4971,0.3497993867734452,0
4972,0.340172155716792,0
4973,0.33911300562434554,0
4974,0.3428543450401991,0
4975,0.34330127274917505,0
4976,0.3389473632347526,0
4977,0.33410721228781276,0
4978,0.3350238917748951,0
4979,0.3348765208663831,0
4980,0.33984440674080335,0
4981,0.34293073110254935,0
4982,0.3434846277523971,0
4983,0.33597600315072335,0
4984,0.3464538088922568,0
4985,0.3788974943805072,0
4986,0.3341253084540278,0
4987,0.3360816702772064,0
4988,0.33686315447960147,0
4989,0.33424060161207225,0
4990,0.3356935651385629,0
4991,0.3808227705060735,0
4992,0.36545068354446997,0
4993,0.335502705566477,0
4994,0.37862210029664084,0
4995,0.38246804553579816,0
4996,0.382495916069378,0
4997,0.36648733950787843,0
4998,0.6985477853851754,1
4999,0.5860436242646124,1
5000,0.6016886722414733,1
5001,0.5979425410670631,1
5002,0.603934728871896,1
5003,0.6280761924881298,1
5004,0.6215314752402065,1
5005,0.6299529558018497,1
5006,0.6285686204608925,1
5007,0.6145582665270365,1
5008,0.5893827054323726,1
5009,0.409520914511876,0
5010,0.39622976300394464,0
5011,0.39382566772476074,0
5012,0.39453949241949643,0
5013,0.42695381974339586,0
5014,0.41079721430226146,0
5015,0.41604750523844414,0
5016,0.39664726308829296,0
5017,0.4170032638204365,0
5018,0.41354415040968157,0
5019,0.4059297822656691,0
5020,0.4338045055618431,0
5021,0.41887015905524005,0
5022,0.43910600191244953,0
5023,0.3995597064802919,0
5024,0.4379583336336003,0
5025,0.419347986021863,0
5026,0.4012947026099736,0
5027,0.4164270606428733,0
5028,0.493294771858489,0
5029,0.40812594377121864,0
5030,0.4041455006518592,0
5031,0.41584579029120855,0
5032,0.40105766124461173,0
5033,0.4479858478629072,0
5034,0.4053079317970697,0
5035,0.41176876035709853,0
5036,0.3957814225592279,0
5037,0.40889670961715685,0
5038,0.47001091911395654,0
5039,0.4014310016368247,0
5040,0.4576729872670063,0
5041,0.39805470037638807,0
5042,0.40168625877211067,0
5043,0.3951465805523623,0
5044,0.4024248154434492,0
5045,0.39658896584096054,0
5046,0.4128939223815742,0
5047,0.41616518534339164,0
5048,0.3982583024943235,0
5049,0.4087123063020467,0
5050,0.4716983110875464,0
5051,0.403045793202852,0
5052,0.3992368427441571,0
5053,0.43010506779355917,0
5054,0.4050089406460584,0
5055,0.4150162443348659,0
5056,0.41216153767930375,0
5057,0.40101393281562914,0
5058,0.4082760418558169,0
5059,0.4101585255515038,0
5060,0.4563112180670468,0
5061,0.359594543934543,0
5062,0.35976854117643053,0
5063,0.35952541486756934,0
5064,0.38736108723047186,0
5065,0.38667538338228474,0
5066,0.3375968462612736,0
5067,0.3398786543802662,0
5068,0.33299346865501844,0
5069,0.3353240099061528,0
5070,0.3660091276601878,0
5071,0.3375286636319093,0
5072,0.3335539479375533,0
5073,0.3369684862691341,0
5074,0.3770957452319457,0
5075,0.37403226859536626,0
5076,0.3673507928708108,0
5077,0.3401539850467276,0
5078,0.3427285794269189,0
5079,0.3336576113321736,0
5080,0.3525546138623058,0
5081,0.33476992858459675,0
5082,0.33546838549121566,0
5083,0.3349552879718019,0
5084,0.33203963480067383,0
5085,0.33184078513677434,0
5086,0.3675158743334696,0
5087,0.3395185124979749,0
5088,0.3359556500604507,0
5089,0.3336837891797762,0
5090,0.33298244011435824,0
5091,0.33788972332295153,0
5092,0.3429087831618228,0
5093,0.35201433265025683,0
5094,0.3345507302223434,0
5095,0.35117752935296415,0
5096,0.3359008215531205,0
5097,0.33564560758877,0
5098,0.3323734476704685,0
5099,0.33486790207045863,0
5100,0.3522371471377911,0
5101,0.3392448365521733,0
5102,0.3360724335448502,0
5103,0.3415382232695248,0
5104,0.33432745790073126,0
5105,0.3416627394752105,0
5106,0.3588564815450679,0
5107,0.3405316903747737,0
5108,0.37968736212916004,0
5109,0.35241528573765774,0
5110,0.3401975752885404,0
5111,0.336997750446293,0
5112,0.3451961448188413,0
5113,0.3427259797626529,0
5114,0.351780937828848,0
5115,0.371787834015491,0
5116,0.3355348495921046,0
5117,0.3452436607048332,0
5118,0.3363880561602234,0
5119,0.38780916848929603,0
5120,0.3901263312882301,0
5121,0.350303948073091,0
5122,0.3478857861566205,0
5123,0.3371266184795234,0
5124,0.3441605857840583,0
5125,0.34026442090217246,0
5126,0.4045106382586344,0
5127,0.3523055974418687,0
5128,0.3340724944352285,0
5129,0.33288737682777025,0
5130,0.338339847738712,0
5131,0.3635074662815267,0
5132,0.34534394936238916,0
5133,0.3453166870719013,0
5134,0.3371570065252325,0
5135,0.3351596507314064,0
5136,0.3335514929730001,0
5137,0.3427838526647652,0
5138,0.34211845489513876,0
5139,0.33232877158423674,0
5140,0.3381768734000721,0
5141,0.34886860576860534,0
5142,0.34702556914458804,0
5143,0.33376756825096876,0
5144,0.33801556400999494,0
5145,0.3349332137433178,0
5146,0.3714820743856975,0
5147,0.33783629520429254,0
5148,0.37006826911840685,0
5149,0.3378464810531289,0
5150,0.3604817990675195,0
5151,0.34830220615504776,0
5152,0.33909159681781226,0
5153,0.35418949467321703,0
5154,0.34070405826983946,0
5155,0.3396692857567423,0
5156,0.33595837932223965,0
5157,0.3354490969082538,0
5158,0.3358350041050992,0
5159,0.33490324306841573,0
5160,0.35897159803444006,0
5161,0.35273546752856694,0
5162,0.3469332856721279,0
5163,0.34028653425397865,0
5164,0.3433240962202658,0
5165,0.33628981636463356,0
5166,0.36455212344040483,0
5167,0.36170778250412905,0
5168,0.33581643084838675,0
5169,0.3445433830461202,0
5170,0.3449374964495915,0
5171,0.40731107659274335,0
5172,0.4099814701221122,0
5173,0.33431636880482357,0
5174,0.339108153608585,0
5175,0.3580199156191759,0
5176,0.33537630500051885,0
5177,0.3729121559695462,0
5178,0.355489856407473,0
5179,0.36377509669075225,0
5180,0.4219171262793644,0
5181,0.3397735221356256,0
5182,0.3443258744426241,0
5183,0.36437637765037245,0
5184,0.33609845907914676,0
5185,0.3459690732693004,0
5186,0.34614975957608024,0
5187,0.3442139538270274,0
5188,0.3625607273760759,0
5189,0.3333907949497601,0
5190,0.3478141445143112,0
5191,0.3406790183296629,0
5192,0.34048830855200213,0
5193,0.34143101902621675,0
5194,0.33503117202263544,0
5195,0.33534414274796104,0
5196,0.3390000308964703,0
5197,0.33783938281991605,0
5198,0.3373714904957972,0
5199,0.3415973066599139,0
5200,0.33593263178822014,0
5201,0.34801939664806686,0
5202,0.3423506665660122,0
5203,0.3412666256927395,0
5204,0.3332814749224103,0
5205,0.34663737767377706,0
5206,0.3407431509370462,0
5207,0.3407057962592956,0
5208,0.39444722332460375,0
5209,0.3548417779681268,0
5210,0.33804607483744475,0
5211,0.3476896165823082,0
5212,0.3381424197959395,0
5213,0.333411002020912,0
5214,0.3387847366541201,0
5215,0.34806686468671466,0
5216,0.4681005395295246,0
5217,0.3765971173862763,0
5218,0.35204085232702137,0
5219,0.33614729367239254,0
5220,0.3426995530016444,0
5221,0.4709884029271761,0
5222,0.43945160159114455,0
5223,0.3352196325416948,0
5224,0.34742716520961014,0
5225,0.37464032327767033,0
5226,0.3379349703962411,0
5227,0.33783972327721246,0
5228,0.34477099747409906,0
5229,0.33456998605741045,0
5230,0.3342556274773733,0
5231,0.3826847283623974,0
5232,0.33988853959058973,0
5233,0.3378063300637049,0
5234,0.35207860970240823,0
5235,0.37355340157595335,0
5236,0.3422824078837092,0
5237,0.3489903438715477,0
5238,0.3490631355969335,0
5239,0.33769178967832203,0
5240,0.3488524094439869,0
5241,0.3419439928708057,0
5242,0.33930467512887297,0
5243,0.3381338930133834,0
5244,0.3363226237091976,0
5245,0.3358190375995215,0
5246,0.38755940811727047,0
5247,0.34482446263168415,0
5248,0.3397177499601507,0
5249,0.3699713724286787,0
5250,0.3522885593972929,0
5251,0.3492547403521518,0
5252,0.3430414945911941,0
5253,0.3536938129480717,0
5254,0.3363175625465306,0
5255,0.3466548062317687,0
5256,0.3655151008493191,0
5257,0.37454115709273067,0
5258,0.3375517981382478,0
5259,0.33937134438866257,0
5260,0.37356118576017144,0
5261,0.35100956807050077,0
5262,0.3520234251715297,0
5263,0.3558817633099106,0
5264,0.3434829878327577,0
5265,0.3431346083449688,0
5266,0.35192039096352773,0
5267,0.35074183176546264,0
5268,0.3451870365946724,0
5269,0.38549700893327926,0
5270,0.3504227469754001,0
5271,0.35521896000000186,0
5272,0.3502119397916989,0
5273,0.35070943531146315,0
5274,0.3678263656459876,0
5275,0.359138035065207,0
5276,0.34407175963301695,0
5277,0.391317463621802,0
5278,0.35402616997773095,0
5279,0.3634651258372014,0
5280,0.361240141565756,0
5281,0.3651661991087528,0
5282,0.3628772823129862,0
5283,0.3708804717459603,0
5284,0.37996295898140986,0
5285,0.35863648976881296,0
5286,0.3679877521260771,0
5287,0.3653946880673869,0
5288,0.3531338919852638,0
5289,0.3629051416470823,0
5290,0.3840268071438257,0
5291,0.3656343219378834,0
5292,0.3796069238960399,0
5293,0.4396575930322633,0
5294,0.35972747359295876,0
5295,0.35252312464748126,0
5296,0.5015036333243761,0
5297,0.4588768372376787,0
5298,0.35111490829833386,0
5299,0.40277701888958195,0
5300,0.3868171616015258,0
5301,0.37719091387043363,0
5302,0.3822347746744136,0
5303,0.39896535595026034,0
5304,0.36653081137101523,0
5305,0.39047901341568186,0
5306,0.3917349303509238,0
5307,0.3823585051127345,0
5308,0.36748957440598506,0
5309,0.3675528744885895,0
5310,0.36321502717459353,0
5311,0.3918540828836002,0
5312,0.37124200995838386,0
5313,0.37325817766000574,0
5314,0.36875350916240024,0
5315,0.37258863870893044,0
5316,0.39074553871061424,0
5317,0.37653576368665,0
5318,0.402757830371133,0
5319,0.3619729990276938,0
5320,0.4307504736087888,0
5321,0.37656871807691555,0
5322,0.3749466827356689,0
5323,0.4018566030224829,0
5324,0.4077973533811347,0
5325,0.39299383458878956,0
5326,0.40272608330819165,0
5327,0.39193289728600383,0
5328,0.4102461673821872,0
5329,0.3912248872200132,0
5330,0.3908780331369099,0
5331,0.45858222584793934,0
5332,0.38939090397697496,0
5333,0.4573969445274835,0
5334,0.36754409898895807,0
5335,0.36965282442338726,0
5336,0.48418634536190014,0
5337,0.39181260772032334,0
5338,0.40380330234854817,0
5339,0.3888093589289222,0
5340,0.4991129523358367,0
5341,0.38995693521143115,0
5342,0.3988756735080692,0
5343,0.3803404264135001,0
5344,0.3881332962966309,0
5345,0.37306287092109885,0
5346,0.5214921091888068,1
5347,0.4538912877438063,0
5348,0.40507404647600553,0
5349,0.3858115923073413,0
5350,0.3798819088121258,0
5351,0.3845411619021729,0
5352,0.3823719858552223,0
5353,0.38867103818101906,0
5354,0.3883866637048954,0
5355,0.3880803019866542,0
5356,0.3947678082154203,0
5357,0.3965479633021565,0
5358,0.4048883149337931,0
5359,0.3817449282488557,0
5360,0.3903187876586651,0
5361,0.4725251696342133,0
5362,0.3981776945997907,0
5363,0.40225182611932725,0
5364,0.3868227221646824,0
5365,0.38669604863973334,0
5366,0.40384291570564185,0
5367,0.3933820553509848,0
5368,0.398464354799538,0
5369,0.39024887984953377,0
5370,0.38649166824686204,0
5371,0.41192249721007446,0
5372,0.40106799699217716,0
5373,0.4000313955175073,0
5374,0.4078527300740264,0
5375,0.42136377512475076,0
5376,0.42106101932720696,0
5377,0.40148220386243355,0
5378,0.42216236800707974,0
5379,0.40115213238452146,0
5380,0.3999696074350437,0
5381,0.4250478090171486,0
5382,0.4429494739689463,0
5383,0.39949400696172954,0
5384,0.3998558449497221,0
5385,0.41997960247720817,0
5386,0.4032676931889542,0
5387,0.4024882549098246,0
5388,0.40598203735187033,0
5389,0.4079844072088986,0
5390,0.4190307252030289,0
5391,0.41695580392053333,0
5392,0.4227805262397579,0
5393,0.3993581243553674,0
5394,0.39835857233962096,0
5395,0.4151308768268525,0
5396,0.41358455291570134,0
5397,0.41304150299528847,0
5398,0.43009975442270454,0
5399,0.39904213813561623,0
5400,0.47972672779346925,0
5401,0.4174187794056365,0
5402,0.42258301867642745,0
5403,0.413494274344834,0
5404,0.43729673373098,0
5405,0.4781176001775367,0
5406,0.4122003459006666,0
5407,0.41236662593631684,0
5408,0.40799113519430347,0
5409,0.4120291206652606,0
5410,0.415050938121966,0
5411,0.451124069586211,0
5412,0.42243431791576885,0
5413,0.419990780587494,0
5414,0.4307727264751711,0
5415,0.43992650636210523,0
5416,0.4540604562104733,0
5417,0.44424057641520154,0
5418,0.4651890751867924,0
5419,0.42462452714227056,0
5420,0.42503893400753934,0
5421,0.42301274020549134,0
5422,0.4279156202026555,0
5423,0.4258982689089854,0
5424,0.4192903518314874,0
5425,0.4222379522451715,0
5426,0.44954355248917965,0
5427,0.45734909764168485,0
5428,0.45143654755903817,0
5429,0.4296554138438064,0
5430,0.5222133102758695,1
5431,0.4434128855344633,0
5432,0.4411860739341773,0
5433,0.44528701708527396,0
5434,0.4395714798988849,0
5435,0.4788103728896829,0
5436,0.4788938877701026,0
5437,0.45350730166224973,0
5438,0.4465166056752818,0
5439,0.44599217258140444,0
5440,0.4378446474456894,0
5441,0.45578401675170505,0
5442,0.4533403168813865,0
5443,0.5058956509529356,0
5444,0.4326202449408615,0
5445,0.4717288252331365,0
5446,0.45011072926197404,0
5447,0.4459857145769339,0
5448,0.45179658989333654,0
5449,0.43942973406533664,0
5450,0.4367129087668963,0
5451,0.45908760457707826,0
5452,0.4422612164171655,0
5453,0.44088493513481714,0
5454,0.4398454259866839,0
5455,0.44021216296502563,0
5456,0.47940567748741275,0
5457,0.4785282458643657,0
5458,0.47820473889938125,0
5459,0.445788754932485,0
5460,0.44438190675209055,0
5461,0.5244769081343972,1
5462,0.46387844443217774,0
5463,0.4523093947918003,0
5464,0.451085636284889,0
5465,0.48319250370434175,0
5466,0.4606361064058564,0
5467,0.4639496045587408,0
5468,0.4631616166596353,0
5469,0.4965706229484002,0
5470,0.46482918860901346,0
5471,0.524763149372314,1
5472,0.48642610191969243,0
5473,0.5091427218810924,0
5474,0.4616662686624707,0
5475,0.5078317090035602,0
5476,0.505985274217198,0
5477,0.4854167139054287,0
5478,0.4772199326892876,0
5479,0.47465513034045126,0
5480,0.5149911192629612,0
5481,0.5238716283464826,1
5482,0.49770898365927685,0
5483,0.506797003841912,0
5484,0.5175232972580465,0
5485,0.47879634450327774,0
5486,0.5095535066333811,0
5487,0.49142650541096544,0
5488,0.4878686582381477,0
5489,0.47700838971476095,0
5490,0.4929973350167555,0
5491,0.5491102831960086,1
5492,0.5038424326597498,0
5493,0.4960084494523478,0
5494,0.48098437860858007,0
5495,0.4813195548897785,0
5496,0.5501075606440311,1
5497,0.5073031816505358,0
5498,0.5402031447361693,1
5499,0.46957018080904844,0
5500,0.584301053144269,1
5501,0.5169501582966959,0
5502,0.520640529018341,1
5503,0.5070055672701659,0
5504,0.5157082134135669,0
5505,0.5321258870956165,1
5506,0.5059695707290163,0
5507,0.5517279602348067,1
5508,0.5353982265996124,1
5509,0.5234542918698256,1
5510,0.5667434407835886,1
5511,0.5514641055531403,1
5512,0.5494464258317951,1
5513,0.5118167463201615,0
5514,0.5081020777862378,0
5515,0.5027067175865176,0
5516,0.581104840059748,1
5517,0.5290788611267581,1
5518,0.5360997499321675,1
5519,0.5510294746463015,1
5520,0.5210756933743371,1
5521,0.543347830021291,1
5522,0.5303525938982685,1
5523,0.5259452489418162,1
5524,0.5261179707014101,1
5525,0.5523958095804852,1
5526,0.5246693320020624,1
5527,0.5667834281218455,1
5528,0.5465355394768056,1
5529,0.5296626516721766,1
5530,0.5142030401313298,0
5531,0.5931716089786802,1
5532,0.46575100687474397,0
5533,0.4592389488437253,0
5534,0.46816348410805,0
5535,0.4580739420153541,0
5536,0.48196629439016436,0
5537,0.47416795431738257,0
5538,0.475380417633578,0
5539,0.4603438912041829,0
5540,0.4464136044835505,0
5541,0.47286298959650974,0
5542,0.4457250561282869,0
5543,0.46871572568519787,0
5544,0.45289764570494445,0
5545,0.44118172699591957,0
5546,0.4379629470380263,0
5547,0.4563633181486117,0
5548,0.5114596380678595,0
5549,0.42543672627167856,0
5550,0.4480389335845704,0
5551,0.43308760103575283,0
5552,0.4195516787391124,0
5553,0.45099345848878714,0
5554,0.42726918728969926,0
5555,0.4012173101279462,0
5556,0.40053322723325613,0
5557,0.39888734217570926,0
5558,0.3987144513096538,0
5559,0.3905810027222174,0
5560,0.40006589071722715,0
5561,0.40395213592841234,0
5562,0.3838763991246303,0
5563,0.38491965009173057,0
5564,0.38020167689194634,0
5565,0.37577540933784354,0
5566,0.43985486136465196,0
5567,0.41291626715075014,0
5568,0.3729019589370674,0
5569,0.3768803004738175,0
5570,0.36662375222381194,0
5571,0.3616985230691762,0
5572,0.3594607933817714,0
5573,0.3628192910491193,0
5574,0.356604663927919,0
5575,0.35340284409288664,0
5576,0.36502424217560603,0
5577,0.35852884180367844,0
5578,0.3945248757150814,0
5579,0.35278958446025793,0
5580,0.3556674416357862,0
5581,0.36340756879911223,0
5582,0.352311445120121,0
5583,0.3592526123231861,0
5584,0.3452538507891248,0
5585,0.3541976263006804,0
5586,0.3426773654786094,0
5587,0.3417800623980359,0
5588,0.34654075998101663,0
5589,0.338608460788208,0
5590,0.3347299702422059,0
5591,0.34433052902902245,0
5592,0.3424332255214044,0
5593,0.345095756295539,0
5594,0.3419327214010775,0
5595,0.35554420248127666,0
5596,0.34032071781053846,0
5597,0.34182895598418805,0
5598,0.34713142623769727,0
5599,0.3574927636956922,0
5600,0.3435272468595778,0
5601,0.3758945906666617,0
5602,0.3457719297640887,0
5603,0.33840188476156186,0
5604,0.3326824956816189,0
5605,0.3795245773022721,0
5606,0.3483860472448399,0
5607,0.34514646840663604,0
5608,0.34524901545216063,0
5609,0.3393586147793897,0
5610,0.34294077190553013,0
5611,0.3390117502740428,0
5612,0.33470151576102664,0
5613,0.33859241287884445,0
5614,0.3341227201716672,0
5615,0.3342431827655055,0
5616,0.3400056431476811,0
5617,0.3413388848222453,0
5618,0.34418732370051763,0
5619,0.3561215153927944,0
5620,0.34894254336690517,0
5621,0.3396536007893006,0
5622,0.36648831087498857,0
5623,0.43213443498582593,0
5624,0.3347674233970566,0
5625,0.33685793146626336,0
5626,0.3908000494794202,0
5627,0.35192552257548976,0
5628,0.34237089803853704,0
5629,0.3420227571695456,0
5630,0.33568621315283537,0
5631,0.3734294535363491,0
5632,0.3513635371096372,0
5633,0.39894058166694063,0
5634,0.33763634419088867,0
5635,0.3363240286489874,0
5636,0.35344454458624885,0
5637,0.3390441644016489,0
5638,0.34427014111130244,0
5639,0.3395003426368611,0
5640,0.3395087354478728,0
5641,0.33776105760196956,0
5642,0.341198675620884,0
5643,0.3606283251237306,0
5644,0.346260199614313,0
5645,0.3357501730774011,0
5646,0.3770858833357466,0
5647,0.3461805517025177,0
5648,0.3390830241713609,0
5649,0.3445224994650843,0
5650,0.3345740290993753,0
5651,0.3449566374697919,0
5652,0.34000356029612516,0
5653,0.33803305121307325,0
5654,0.33252897255530733,0
5655,0.33434158852838375,0
5656,0.3656215625336204,0
5657,0.344349123974626,0
5658,0.33409466039901214,0
5659,0.3541108309884179,0
5660,0.33692773526077846,0
5661,0.3360689490185329,0
5662,0.3509353524509508,0
5663,0.34703332729542324,0
5664,0.34421026571416463,0
5665,0.4251354827020772,0
5666,0.3453483925049377,0
5667,0.34385655658016095,0
5668,0.38526421000810784,0
5669,0.3539012173144858,0
5670,0.3354244385579084,0
5671,0.34108742900831895,0
5672,0.33600966097952295,0
5673,0.34435006188395817,0
5674,0.3376639105988683,0
5675,0.3474563891084444,0
5676,0.38880709381997963,0
5677,0.375808917877299,0
5678,0.33923229558593576,0
5679,0.3354364329113223,0
5680,0.34036943266822284,0
5681,0.3793127007669331,0
5682,0.3504182640370375,0
5683,0.39385307583272644,0
5684,0.3360968617778304,0
5685,0.3590343006240236,0
5686,0.6901029288984696,1
5687,0.573644476148793,1
5688,0.5837532347690361,1
5689,0.5800544904023426,1
5690,0.5811595646487584,1
5691,0.5797707324921575,1
5692,0.5832180117958901,1
5693,0.5879259492964504,1
5694,0.6054218087858613,1
5695,0.5726247114564159,1
5696,0.38091958359373834,0
5697,0.3803450395476623,0
5698,0.38632039846439026,0
5699,0.4209184653045963,0
5700,0.40673190875458975,0
5701,0.3818545974584067,0
5702,0.39850874206833875,0
5703,0.3840462275916095,0
5704,0.38971735286117576,0
5705,0.3776920112013451,0
5706,0.3892863268656883,0
5707,0.39070507445164854,0
5708,0.4673450551173334,0
5709,0.3940661756414217,0
5710,0.3901208780192899,0
5711,0.5005876246649473,0
5712,0.4324736469510663,0
5713,0.39829527198834286,0
5714,0.38032932338673797,0
5715,0.3788909753951354,0
5716,0.38132237842650824,0
5717,0.3782767821065086,0
5718,0.3896499844559765,0
5719,0.3891912715198851,0
5720,0.4037489706672114,0
5721,0.37913786999983085,0
5722,0.3823702737909682,0
5723,0.3808844166632341,0
5724,0.3946294058416873,0
5725,0.393418095477523,0
5726,0.3957160525686082,0
5727,0.37783888999545107,0
5728,0.427055340989287,0
5729,0.38631257671174085,0
5730,0.3814786577827706,0
5731,0.3820307297004482,0
5732,0.38145485971325155,0
5733,0.42299994239052696,0
5734,0.38624048140149414,0
5735,0.39222895755622295,0
5736,0.38447700464525303,0
5737,0.3889230852576282,0
5738,0.439521445739659,0
5739,0.37771384396055585,0
5740,0.3802647333018233,0
5741,0.38611231109823196,0
5742,0.38871272212283203,0
5743,0.38444645965552077,0
5744,0.3769285431364131,0
5745,0.37950780306239873,0
5746,0.370514593293906,0
5747,0.37791489608721873,0
5748,0.3599181502811811,0
5749,0.3940734587156143,0
5750,0.3524715134815083,0
5751,0.3769626828021635,0
5752,0.3446581052832729,0
5753,0.3660354307025731,0
5754,0.3361574373923326,0
5755,0.33370010285506485,0
5756,0.36844648824735554,0
5757,0.34127378877557285,0
5758,0.3599646688835741,0
5759,0.33744075445923294,0
5760,0.354051841620521,0
5761,0.3417846891697242,0
5762,0.3474031380217031,0
5763,0.33580291134161855,0
5764,0.3463615886974181,0
5765,0.3356888774998985,0
5766,0.35358860490036426,0
5767,0.3376243857031898,0
5768,0.33819315242558584,0
5769,0.33197730018271926,0
5770,0.3328388853736839,0
5771,0.34723221332009524,0
5772,0.34358950193922594,0
5773,0.33495099223637625,0
5774,0.35004639400818327,0
5775,0.3663965510894688,0
5776,0.3333988561921913,0
5777,0.33482298496330976,0
5778,0.33194346308645334,0
5779,0.3404649824216102,0
5780,0.36134876803388355,0
5781,0.3454465506820949,0
5782,0.341158458804096,0
5783,0.3622798488201505,0
5784,0.3442719917354649,0
5785,0.35355537964747596,0
5786,0.38290928096398824,0
5787,0.3490399474470816,0
5788,0.3645327947590989,0
5789,0.426971285629091,0
5790,0.3371831291208552,0
5791,0.413074287704522,0
5792,0.3736389269508982,0
5793,0.3351113034096841,0
5794,0.3410355372256431,0
5795,0.3741250576285105,0
5796,0.33998442777944443,0
5797,0.33399420820798226,0
5798,0.3535237996680422,0
5799,0.33644583804899164,0
5800,0.37422985352242777,0
5801,0.3612412172106355,0
5802,0.38675255787909796,0
5803,0.33561720829281216,0
5804,0.33877095492353343,0
5805,0.34028788463500315,0
5806,0.3511772379019986,0
5807,0.3656237154291879,0
5808,0.3330206611829106,0
5809,0.38252605517833443,0
5810,0.37514620483004235,0
5811,0.3341824824573146,0
5812,0.3376001617129485,0
5813,0.3367301920731682,0
5814,0.3342554882439658,0
5815,0.3366260576698095,0
5816,0.337584698270085,0
5817,0.33837287249975645,0
5818,0.33881360875943833,0
5819,0.3446291857695772,0
5820,0.3710243205412769,0
5821,0.35193620656932845,0
5822,0.4134914317292386,0
5823,0.4359463933301582,0
5824,0.4753481355691689,0
5825,0.5504915333214805,1
5826,0.5062931058328943,0
5827,0.47705745490040075,0
5828,0.46543251860364,0
5829,0.44460048966816496,0
5830,0.45297664350912886,0
5831,0.484786633140415,0
5832,0.38952441581833397,0
5833,0.4019369797940007,0
5834,0.41455571999236335,0
5835,0.43202127592028144,0
5836,0.3542370085362844,0
5837,0.38167830247099754,0
5838,0.34676348888407743,0
5839,0.3464700284362738,0
5840,0.35243417256460574,0
5841,0.4252036293347619,0
5842,0.35965263333723313,0
5843,0.40230597081891195,0
5844,0.34389302829975027,0
5845,0.34827954751034873,0
5846,0.484498355498945,0
5847,0.3879060974551929,0
5848,0.37850914183022494,0
5849,0.351652895456473,0
5850,0.34957571218490363,0
5851,0.3807922974013284,0
5852,0.36858164976782587,0
5853,0.3516400356827164,0
5854,0.34126301470544274,0
5855,0.3414236046798124,0
5856,0.35673375124729284,0
5857,0.35446460165901966,0
5858,0.34517412271762127,0
5859,0.34161152323651517,0
5860,0.3504742795257523,0
5861,0.3425416340358645,0
5862,0.34786060116973266,0
5863,0.37325301590250237,0
5864,0.41184012804509174,0
5865,0.4454382184676342,0
5866,0.37411250948060953,0
5867,0.3650117086156407,0
5868,0.37448778532359056,0
5869,0.34590830080029017,0
5870,0.39153110549725734,0
5871,0.3596326736303409,0
5872,0.34796496882321354,0
5873,0.3438107161206918,0
5874,0.34405389314036827,0
5875,0.35391218099744576,0
5876,0.34708895719694904,0
5877,0.34439468414341445,0
5878,0.34275901801449915,0
5879,0.3440107254073141,0
5880,0.3651957919390427,0
5881,0.3673626173114848,0
5882,0.35795308300518847,0
5883,0.3883946181119636,0
5884,0.3411835074354288,0
5885,0.3796046066663742,0
5886,0.36255596074434965,0
5887,0.36048866395160634,0
5888,0.36857940157114194,0
5889,0.3347434752851405,0
5890,0.34045297564411264,0
5891,0.36403002563282794,0
5892,0.3616918792964051,0
5893,0.3353759034848915,0
5894,0.33421412198011613,0
5895,0.33517559048549483,0
5896,0.3596949914365805,0
5897,0.34232800711496,0
5898,0.34568158967401985,0
5899,0.34978269077916757,0
5900,0.3782159925391279,0
5901,0.33443359304795023,0
5902,0.34473023486680066,0
5903,0.39319108191797625,0
5904,0.33654576831170097,0
5905,0.37093545852108567,0
5906,0.34326491241816215,0
5907,0.3713100910822424,0
5908,0.3381333658238643,0
5909,0.37120121144838547,0
5910,0.3406922791155849,0
5911,0.35408605853646835,0
5912,0.3572998470998361,0
5913,0.3938915225287278,0
5914,0.33630266025860306,0
5915,0.3364517236019583,0
5916,0.36961932166163053,0
5917,0.341844575458695,0
5918,0.33915618278873294,0
5919,0.34243405097886137,0
5920,0.34934025143485997,0
5921,0.33563475261385317,0
5922,0.3665017537305609,0
5923,0.37930273064532133,0
5924,0.3373812950989206,0
5925,0.35869764574929786,0
5926,0.37069347511465267,0
5927,0.36267843616995094,0
5928,0.35582182655756367,0
5929,0.35304891031039526,0
5930,0.44115456319687896,0
5931,0.3491841775115694,0
5932,0.34821886919626494,0
5933,0.3487292412930239,0
5934,0.3406555950789155,0
5935,0.34617527697977796,0
5936,0.34751848237708666,0
5937,0.34401407034034676,0
5938,0.3450093624367123,0
5939,0.34318849856411243,0
5940,0.4160439828177326,0
5941,0.3604960017482149,0
5942,0.34741317243980635,0
5943,0.34402244981575064,0
5944,0.3464699398979169,0
5945,0.3376549827029026,0
5946,0.36481378540312653,0
5947,0.35433403499530175,0
5948,0.351456680957594,0
5949,0.35818367007838403,0
5950,0.3394502240223398,0
5951,0.35666978109674863,0
5952,0.3560740045604757,0
5953,0.3404307349200426,0
5954,0.3539439647701815,0
5955,0.34137073768974124,0
5956,0.35727883507965363,0
5957,0.3415006151380607,0
5958,0.3681990694967074,0
5959,0.35586438157995354,0
5960,0.34141349499234597,0
5961,0.37289438357159393,0
5962,0.3474216412273243,0
5963,0.355883454388451,0
5964,0.3565432277212312,0
5965,0.37510423768006207,0
5966,0.348174490843402,0
5967,0.34774844149781514,0
5968,0.3450813968900654,0
5969,0.40635993123575964,0
5970,0.4218430027005369,0
5971,0.3352078436795951,0
5972,0.33449388777174294,0
5973,0.3729040385750851,0
5974,0.33736018287297265,0
5975,0.3440840904774938,0
5976,0.3400222945545066,0
5977,0.34327718558280823,0
5978,0.35653104903181565,0
5979,0.3437164614954753,0
5980,0.39814574643892076,0
5981,0.35307415793775854,0
5982,0.3820854976589279,0
5983,0.386637820340921,0
5984,0.3400910069604148,0
5985,0.341002599692662,0
5986,0.3493782100914801,0
5987,0.34572937298816775,0
5988,0.34273169212374843,0
5989,0.3372490909304165,0
5990,0.33936388209601537,0
5991,0.36489623280859207,0
5992,0.34983466878692315,0
5993,0.33846840618852936,0
5994,0.35896108951455924,0
5995,0.3746380739981401,0
5996,0.3338581350602931,0
5997,0.34207295454056175,0
5998,0.3661526414101663,0
5999,0.35165930036564,0
6000,0.33458157309018705,0
6001,0.33744161248112303,0
6002,0.34072478860145017,0
6003,0.3554751716821757,0
6004,0.3384186175354285,0
6005,0.3421039033063653,0
6006,0.34745192761283195,0
6007,0.34733630318822234,0
6008,0.33867274887561055,0
6009,0.3398694022084814,0
6010,0.3410240947954926,0
6011,0.3557680467890407,0
6012,0.3482999902024983,0
6013,0.33870253222122365,0
6014,0.33501278359967823,0
6015,0.33690549820568927,0
6016,0.37141607901028517,0
6017,0.34877454764545746,0
6018,0.34947081246393624,0
6019,0.3353149203821092,0
6020,0.34579963358128013,0
6021,0.3427133788471145,0
6022,0.35275952903222857,0
6023,0.40272251341697074,0
6024,0.3344450865422876,0
6025,0.33720257505947604,0
6026,0.375791699743779,0
6027,0.3465133069023319,0
6028,0.3379381876523086,0
6029,0.3381876214607528,0
6030,0.35157490224315996,0
6031,0.3614633699515213,0
6032,0.35006727151406686,0
6033,0.3427771779734168,0
6034,0.3594943395529648,0
6035,0.33497931596927805,0
6036,0.3424913603781865,0
6037,0.33595264024802357,0
6038,0.34214874882229807,0
6039,0.33828549590028645,0
6040,0.3370346566484417,0
6041,0.370581042135837,0
6042,0.3382158679655603,0
6043,0.3754779610072618,0
6044,0.34545328127375946,0
6045,0.3341681072601218,0
6046,0.3440622751440445,0
6047,0.3426141461077881,0
6048,0.34465590835524706,0
6049,0.33755031268358854,0
6050,0.4210983623711546,0
6051,0.350983351635811,0
6052,0.3452686511404744,0
6053,0.33615983595542787,0
6054,0.3414661668364101,0
6055,0.33573505001992154,0
6056,0.35280954533516257,0
6057,0.3625255665252122,0
6058,0.379408038855624,0
6059,0.3328364619683752,0
6060,0.377987475568191,0
6061,0.34347135728669276,0
6062,0.340440446892171,0
6063,0.37024201859168715,0
6064,0.3413503369126288,0
6065,0.3502533930383314,0
6066,0.3543364173696456,0
6067,0.35276699302989367,0
6068,0.4371743443258507,0
6069,0.3429986533069318,0
6070,0.33564327187220944,0
6071,0.3371357836270496,0
6072,0.33764010509274445,0
6073,0.3346146476131535,0
6074,0.338650699726974,0
6075,0.34153306951993684,0
6076,0.38665844922408893,0
6077,0.4259667719852528,0
6078,0.3460257699175159,0
6079,0.3446415779362154,0
6080,0.34154415999630194,0
6081,0.33699768665417446,0
6082,0.33740345943553657,0
6083,0.3382815835814769,0
6084,0.33645727076958376,0
6085,0.3556039373275428,0
6086,0.3368027655436343,0
6087,0.38332902101338895,0
6088,0.33682112812034576,0
6089,0.3428406779450665,0
6090,0.33666412192016054,0
6091,0.3440375027138923,0
6092,0.3709834788113463,0
6093,0.33497931596927805,0
6094,0.3470709153440953,0
6095,0.3404546182404041,0
6096,0.36025712966624657,0
6097,0.34789931049718736,0
6098,0.34952697350927825,0
6099,0.33915931731575755,0
6100,0.3352670517431045,0
6101,0.35116908820935067,0
6102,0.3390810249715469,0
6103,0.3673013093731061,0
6104,0.3352867791501162,0
6105,0.33352028775716347,0
6106,0.35765804698383363,0
6107,0.3465241038419049,0
6108,0.3344124611572302,0
6109,0.3434396845451581,0
6110,0.34511481991996085,0
6111,0.34397648328531805,0
6112,0.35693827306255643,0
6113,0.36788209933868826,0
6114,0.33905404306275483,0
6115,0.36833474555159146,0
6116,0.37242169318885104,0
6117,0.3650717233815815,0
6118,0.33950893073054045,0
6119,0.33562720631638826,0
6120,0.33608286950488286,0
6121,0.3391403324437193,0
6122,0.3883867077016816,0
6123,0.35144308883396935,0
6124,0.3575320494385822,0
6125,0.3487271274844326,0
6126,0.36017868023727384,0
6127,0.4564404866409953,0
6128,0.44461350035437236,0
6129,0.43711005935749914,0
6130,0.46424769922914927,0
6131,0.4578469739838754,0
6132,0.47566234737595564,0
6133,0.4986663522062647,0
6134,0.49256064426458873,0
6135,0.5084719980178833,0
6136,0.5036197515709211,0
6137,0.503899551611812,0
6138,0.5467611731885662,1
6139,0.5213974070603244,1
6140,0.5018573478942367,0
6141,0.4645641913029252,0
6142,0.4138128859847774,0
6143,0.4101988528621144,0
6144,0.34973544673344276,0
6145,0.4409815560738683,0
6146,0.3467817846503692,0
6147,0.36000267464195446,0
6148,0.3478726789165672,0
6149,0.34869570543491196,0
6150,0.3475408739007272,0
6151,0.3480776759425986,0
6152,0.3660677766232405,0
6153,0.4285926517142206,0
6154,0.36211984548768317,0
6155,0.3508761015815657,0
6156,0.4411523226874097,0
6157,0.41926832332641195,0
6158,0.3518879239034105,0
6159,0.3518032688488064,0
6160,0.38049813313029,0
6161,0.3578701857434345,0
6162,0.35856026048845757,0
6163,0.35290848598171654,0
6164,0.35817612634792073,0
6165,0.35404408583755737,0
6166,0.4757644747012871,0
6167,0.39849268106547203,0
6168,0.3949587720383911,0
6169,0.39566768190823076,0
6170,0.35544994284455644,0
6171,0.36177705147391737,0
6172,0.3631579056515185,0
6173,0.35639695988983855,0
6174,0.37751940855429755,0
6175,0.3684463747669962,0
6176,0.4121004145584497,0
6177,0.370925962260416,0
6178,0.3917827125400428,0
6179,0.3596806660675252,0
6180,0.35831910590603644,0
6181,0.3618258847587996,0
6182,0.36621102204260453,0
6183,0.38502320490532166,0
6184,0.4420394637930489,0
6185,0.37131150017657744,0
6186,0.3751128812126094,0
6187,0.3992423054784837,0
6188,0.4086493333127218,0
6189,0.40538287444953175,0
6190,0.3710992046944389,0
6191,0.3423160253489009,0
6192,0.37460543640536537,0
6193,0.3729197696712599,0
6194,0.3402109521674214,0
6195,0.3398415634865555,0
6196,0.4242510776506025,0
6197,0.35902327069125756,0
6198,0.3419696195472759,0
6199,0.34556176550092027,0
6200,0.33952913128349066,0
6201,0.34293663521712986,0
6202,0.33947084973721814,0
6203,0.36758493588798796,0
6204,0.3381785962301024,0
6205,0.344305643609118,0
6206,0.3338834662639107,0
6207,0.3352284666866234,0
6208,0.3427830713957183,0
6209,0.34345859828654507,0
6210,0.33616912623944006,0
6211,0.3485701700744416,0
6212,0.33804706580143157,0
6213,0.39114969955831164,0
6214,0.3448862787938709,0
6215,0.34384278888901426,0
6216,0.38165661388753974,0
6217,0.3455209274677895,0
6218,0.3822941736261633,0
6219,0.3724107936837416,0
6220,0.3488559220274199,0
6221,0.3404320148689141,0
6222,0.33553044024522766,0
6223,0.3333260007683617,0
6224,0.35920135278548015,0
6225,0.3384681143208364,0
6226,0.35077564222667185,0
6227,0.35311968078942385,0
6228,0.3905296189801628,0
6229,0.34616641198285614,0
6230,0.342793641120006,0
6231,0.35693859524488064,0
6232,0.3578690598983961,0
6233,0.3361485163446118,0
6234,0.3350332694180391,0
6235,0.3359303965015455,0
6236,0.3918643297801259,0
6237,0.39446151992803624,0
6238,0.34984119355374604,0
6239,0.33789664978754386,0
6240,0.38838253452903415,0
6241,0.33494012241037974,0
6242,0.33646353793234207,0
6243,0.3390726062320179,0
6244,0.33387287126237036,0
6245,0.3440457304634377,0
6246,0.36679895402925616,0
6247,0.3362468746724636,0
6248,0.3319507089513269,0
6249,0.33787264422925517,0
6250,0.3537934195682788,0
6251,0.33357404064518925,0
6252,0.33725647038369466,0
6253,0.3370386812141416,0
6254,0.34555895690046756,0
6255,0.3351914203965813,0
6256,0.3467826752208589,0
6257,0.3373097110952206,0
6258,0.3331668401192651,0
6259,0.3488841012937273,0
6260,0.33454543842451134,0
6261,0.3870323526425437,0
6262,0.3461891392272234,0
6263,0.3375780224314376,0
6264,0.41947888715226156,0
6265,0.3512198176851225,0
6266,0.3531706800808045,0
6267,0.33618226541931134,0
6268,0.3348857967769905,0
6269,0.342807365788987,0
6270,0.3325464901307596,0
6271,0.3405476337410095,0
6272,0.33817412871029645,0
6273,0.342807365788987,0
6274,0.33840093172909536,0
6275,0.33614553861629953,0
6276,0.4096889078710636,0
6277,0.34286970783941395,0
6278,0.33807545533333744,0
6279,0.33762396583445436,0
6280,0.33666386280509014,0
6281,0.40310721809880473,0
6282,0.34786384369459883,0
6283,0.3352571243510534,0
6284,0.36837732569523046,0
6285,0.38197022954881155,0
6286,0.3494431014927743,0
6287,0.3729078044479588,0
6288,0.3357287302689778,0
6289,0.3334940702256918,0
6290,0.3348418190875773,0
6291,0.34237369209123736,0
6292,0.3516589500139472,0
6293,0.3438485825581929,0
6294,0.3513764573553191,0
6295,0.3517470011510832,0
6296,0.3378837034653461,0
6297,0.3446755448079305,0
6298,0.3533299874554507,0
6299,0.335084316249378,0
6300,0.3498623825857248,0
6301,0.35081941607992395,0
6302,0.3480202401596667,0
6303,0.3316929477062002,0
6304,0.36852918129458767,0
6305,0.3867965536650275,0
6306,0.33435292863498256,0
6307,0.350802956510131,0
6308,0.3805148841390401,0
6309,0.3372333727417813,0
6310,0.36201420138474266,0
6311,0.3343298044713405,0
6312,0.3443992099169889,0
6313,0.3451477440471292,0
6314,0.3365887154275046,0
6315,0.3330287570952167,0
6316,0.37399360844402973,0
6317,0.40424200365820034,0
6318,0.4131129997430836,0
6319,0.46260696339464724,0
6320,0.5213562818049228,1
6321,0.544095868311181,1
6322,0.49028154954592823,0
6323,0.4910260321669303,0
6324,0.4917943178536557,0
6325,0.5347361379042384,1
6326,0.4621417395621673,0
6327,0.44391862694781054,0
6328,0.4399106377720383,0
6329,0.4344800081421602,0
6330,0.4169275392857651,0
6331,0.387180196436883,0
6332,0.3820783951788698,0
6333,0.34952638016428644,0
6334,0.3647092785108241,0
6335,0.43985493932339553,0
6336,0.3561846619898998,0
6337,0.3544677384354313,0
6338,0.3736357710294692,0
6339,0.43518319213346773,0
6340,0.4251775076334689,0
6341,0.3705354438484321,0
6342,0.3673589718268596,0
6343,0.35891463765263526,0
6344,0.3775330741317487,0
6345,0.39685180338783543,0
6346,0.35213281029759347,0
6347,0.3482520423239298,0
6348,0.3501079763128685,0
6349,0.3604509969492204,0
6350,0.38601634660832956,0
6351,0.35018091226893544,0
6352,0.3592797370529453,0
6353,0.38904195295073835,0
6354,0.34439946935494226,0
6355,0.3779106974796997,0
6356,0.37773023857298793,0
6357,0.3696689358409202,0
6358,0.36940782112253,0
6359,0.3704623887183322,0
6360,0.34381413973281877,0
6361,0.366832190921579,0
6362,0.3451978857888539,0
6363,0.3499531247703393,0
6364,0.3454005574236073,0
6365,0.38844460153009924,0
6366,0.3552194151832951,0
6367,0.35155545880346395,0
6368,0.36045100048438444,0
6369,0.3412528457354441,0
6370,0.3500423955756456,0
6371,0.35366350122365336,0
6372,0.34949904800378345,0
6373,0.3521360413184739,0
6374,0.3751048833572723,0
6375,0.3801103856826883,0
6376,0.35178531298228255,0
6377,0.36269810933390756,0
6378,0.36346092085818965,0
6379,0.3529504480849326,0
6380,0.36248642773350853,0
6381,0.352534000638146,0
6382,0.3399355075395036,0
6383,0.34047273538059764,0
6384,0.3371471815325565,0
6385,0.3355166360032734,0
6386,0.37159795352622194,0
6387,0.34451053130872317,0
6388,0.43646199836842503,0
6389,0.3406566391454323,0
6390,0.35686153333675813,0
6391,0.33194346308645334,0
6392,0.3339901657003155,0
6393,0.3340886706279249,0
6394,0.3414953790166559,0
6395,0.33517742818417723,0
6396,0.3431234893816991,0
6397,0.3422818552620992,0
6398,0.34638027981744884,0
6399,0.34575065045046716,0
6400,0.3419322849434866,0
6401,0.40832447517909276,0
6402,0.3405608254031353,0
6403,0.33722431274172304,0
6404,0.34072478860145017,0
6405,0.33743795426531537,0
6406,0.34398403070361977,0
6407,0.35626481046468383,0
6408,0.3474909413179008,0
6409,0.3367231169719589,0
6410,0.34544032061330254,0
6411,0.3398336607294546,0
6412,0.3389925322909223,0
6413,0.35720682147752836,0
6414,0.3422677301537217,0
6415,0.3705117529423669,0
6416,0.4173841208312858,0
6417,0.41596232253263565,0
6418,0.33921216297783624,0
6419,0.3327537765360235,0
6420,0.334365879430687,0
6421,0.3464148895217273,0
6422,0.3370830925873464,0
6423,0.33559499616872296,0
6424,0.3908426946861173,0
6425,0.3783416369914321,0
6426,0.35483392559874355,0
6427,0.3457483789851684,0
6428,0.33556455776311206,0
6429,0.337078753666424,0
6430,0.33598794489974493,0
6431,0.4065100157872296,0
6432,0.4106961511985173,0
6433,0.33626750716887327,0
6434,0.3422260619663946,0
6435,0.3845451400522626,0
6436,0.35253789045099654,0
6437,0.38708703406915956,0
6438,0.36848579492608774,0
6439,0.3487608045487264,0
6440,0.33919341591918006,0
6441,0.3380962476071938,0
6442,0.337703589363828,0
6443,0.3389077566955877,0
6444,0.3464174822555321,0
6445,0.3364645885887989,0
6446,0.37388821362948227,0
6447,0.3350404295770091,0
6448,0.3422677301537217,0
6449,0.3394835543224631,0
6450,0.3331587005581457,0
6451,0.3335640097006809,0
6452,0.33697509213614574,0
6453,0.3361834241585714,0
6454,0.34049885549753606,0
6455,0.34345863572939894,0
6456,0.3907068903239382,0
6457,0.3490031051941619,0
6458,0.3440521545610069,0
6459,0.3612859665302137,0
6460,0.34904842184329615,0
6461,0.37053224012420816,0
6462,0.3671825158997143,0
6463,0.3775218477708937,0
6464,0.452319060162681,0
6465,0.338397825167502,0
6466,0.3410444362001806,0
6467,0.34171767992005603,0
6468,0.3380385143689063,0
6469,0.34898254760194647,0
6470,0.37244609784895666,0
6471,0.34684741675054404,0
6472,0.3412581552495136,0
6473,0.3548515096353503,0
6474,0.365953780507505,0
6475,0.34003453389863453,0
6476,0.35087315951997367,0
6477,0.3417609155565198,0
6478,0.3408895214808823,0
6479,0.36191787996017294,0
6480,0.3845668485160445,0
6481,0.34591857357231093,0
6482,0.3365378026463324,0
6483,0.3390287057488745,0
6484,0.3570337946303711,0
6485,0.37499448441482486,0
6486,0.33732022674168083,0
6487,0.34823856128129504,0
6488,0.34987105911980526,0
6489,0.3488427940069,0
6490,0.3380577906215604,0
6491,0.39205980637163623,0
6492,0.34695290953488783,0
6493,0.36436505942319475,0
6494,0.33647026124886115,0
6495,0.3390862247523876,0
6496,0.3548969704974653,0
6497,0.34967954427530856,0
6498,0.33573505001992154,0
6499,0.33885220287111345,0
6500,0.3525483085202109,0
6501,0.34992043419256247,0
6502,0.3445119611349179,0
6503,0.3504094502908509,0
6504,0.3347964584026698,0
6505,0.34117875816602466,0
6506,0.3505536643090184,0
6507,0.3529097999110764,0
6508,0.35267988911929354,0
6509,0.3482340308797203,0
6510,0.3515812393622688,0
6511,0.3564599498092891,0
6512,0.3550633735856266,0
6513,0.34909419923668805,0
6514,0.3645289492633959,0
6515,0.36867662105257964,0
6516,0.3487478500777776,0
6517,0.3450668225774428,0
6518,0.37097336989066926,0
6519,0.3390632406864699,0
6520,0.3709239898295512,0
6521,0.34676868174713793,0
6522,0.3451067930633057,0
6523,0.37749267856931185,0
6524,0.33904931334930427,0
6525,0.41592248302700363,0
6526,0.3584600465514722,0
6527,0.3488582510211236,0
6528,0.338978444192671,0
6529,0.34533731068417417,0
6530,0.3734879381327827,0
6531,0.3352078436795951,0
6532,0.3492512053531209,0
6533,0.34139926945303595,0
6534,0.35657377850204813,0
6535,0.36814544145093653,0
6536,0.3358810741449537,0
6537,0.3388928655086052,0
6538,0.34806094254349296,0
6539,0.33730456269889586,0
6540,0.342596442414023,0
6541,0.37450940800166543,0
6542,0.3570876837665184,0
6543,0.3396652373794861,0
6544,0.34465439675829557,0
6545,0.35325389160040366,0
6546,0.3435514418351128,0
6547,0.34753094037677357,0
6548,0.4006886387691257,0
6549,0.34051489264286644,0
6550,0.3570571118928362,0
6551,0.34321161375121306,0
6552,0.34686124426376663,0
6553,0.3357618759529211,0
6554,0.3335517919587269,0
6555,0.336286733742402,0
6556,0.3489133582364034,0
6557,0.350164960293805,0
6558,0.3362324677638743,0
6559,0.3396974517275806,0
6560,0.34067992294624083,0
6561,0.4349866113515471,0
6562,0.3467567024573254,0
6563,0.3362039148296618,0
6564,0.33684559529959995,0
6565,0.3396692627113778,0
6566,0.3454678638238052,0
6567,0.3462670943084118,0
6568,0.3377547486063932,0
6569,0.34136493491821296,0
6570,0.3513590170254999,0
6571,0.35387456970418507,0
6572,0.356501185246304,0
6573,0.36573979380404004,0
6574,0.3446610034691695,0
6575,0.3412982471153068,0
6576,0.35333687431377714,0
6577,0.34723416708174265,0
6578,0.4012083604598456,0
6579,0.33433872356178584,0
6580,0.4031801678305154,0
6581,0.3484413861922355,0
6582,0.3533991073126858,0
6583,0.3488088671709656,0
6584,0.3418966068467511,0
6585,0.34232047320304115,0
6586,0.3630251501839589,0
6587,0.3604333513114571,0
6588,0.43082341551606984,0
6589,0.3389623137261034,0
6590,0.34465904964039895,0
6591,0.33505944569527973,0
6592,0.33670108682721545,0
6593,0.3375516778572328,0
6594,0.34493232027022214,0
6595,0.33554805108060476,0
6596,0.3400042122896139,0
6597,0.341426532003175,0
6598,0.3588956911081625,0
6599,0.35073671311915133,0
6600,0.3385090947520891,0
6601,0.3384218111792273,0
6602,0.34271985250853504,0
6603,0.341376917043945,0
6604,0.3463484555966222,0
6605,0.3493504924547528,0
6606,0.36940002433087726,0
6607,0.3553954955443935,0
6608,0.3385803390614277,0
6609,0.34124503405032514,0
6610,0.33741874436291286,0
6611,0.33857981289718647,0
6612,0.34708656195396986,0
6613,0.3372971941044922,0
6614,0.34653886283570234,0
6615,0.3708160953464391,0
6616,0.3440638047884799,0
6617,0.34358257677256837,0
6618,0.34218553962426984,0
6619,0.34425540488665224,0
6620,0.3446587916967409,0
6621,0.3435630848937783,0
6622,0.33846909475752446,0
6623,0.34020321800622005,0
6624,0.36500603682047905,0
6625,0.3460204524312434,0
6626,0.3672725444136238,0
6627,0.3404124907439603,0
6628,0.3482066875167198,0
6629,0.42749179853960695,0
6630,0.3375852311497257,0
6631,0.374584025109984,0
6632,0.3583553247846233,0
6633,0.3347285151898146,0
6634,0.33829722970209897,0
6635,0.3371218929859777,0
6636,0.3362937290789334,0
6637,0.33328418877600474,0
6638,0.33556508949139835,0
6639,0.35324343169314176,0
6640,0.42561524775763904,0
6641,0.3623846066768529,0
6642,0.3618008267220015,0
6643,0.3654730219552305,0
6644,0.33968532540772034,0
6645,0.3530800287242054,0
6646,0.361081469547739,0
6647,0.35653118182598204,0
6648,0.34129613271388126,0
6649,0.34589705117885017,0
6650,0.36485702340959436,0
6651,0.3455606646988886,0
6652,0.3401963980917319,0
6653,0.3487606299072263,0
6654,0.34144102671735505,0
6655,0.3363111734093628,0
6656,0.4385466308130786,0
6657,0.3467841144443511,0
6658,0.33680888081125837,0
6659,0.4100577148024993,0
6660,0.34960124785900415,0
6661,0.3458555886497247,0
6662,0.3371580128210176,0
6663,0.3375540480162399,0
6664,0.3471452660908237,0
6665,0.3351121425495458,0
6666,0.36488147428521284,0
6667,0.34225233464282456,0
6668,0.33742479413340104,0
6669,0.33762919408099934,0
6670,0.3370090267804154,0
6671,0.36218664759749836,0
6672,0.35308792630446717,0
6673,0.36230276494319646,0
6674,0.345655233815116,0
6675,0.3363959224664987,0
6676,0.3445623062846145,0
6677,0.37038551118487323,0
6678,0.3838261100439913,0
6679,0.33915616005898475,0
6680,0.33993220713761024,0
6681,0.3492405029132808,0
6682,0.33938662693984367,0
6683,0.339631508059414,0
6684,0.34152076519121616,0
6685,0.3790201209470427,0
6686,0.36166256616916753,0
6687,0.3752016212096763,0
6688,0.3829977656673989,0
6689,0.3688470792192894,0
6690,0.35873495797408816,0
6691,0.34921142387405196,0
6692,0.3610735216758039,0
6693,0.33921529333607253,0
6694,0.3459747829159009,0
6695,0.33692321748482706,0
6696,0.35317132115401284,0
6697,0.3461660661662866,0
6698,0.3382460997215011,0
6699,0.34211784580189564,0
6700,0.34486576216685416,0
6701,0.34978676459329056,0
6702,0.343155770571716,0
6703,0.3590444232587472,0
6704,0.3370913717913895,0
6705,0.37646705699525124,0
6706,0.3568217390044241,0
6707,0.36106243134950644,0
6708,0.3559611814005499,0
6709,0.3607696944273313,0
6710,0.3499582413075922,0
6711,0.35017180377811247,0
6712,0.39007405495448716,0
6713,0.33753447034384143,0
6714,0.33368684313798785,0
6715,0.38244422193830013,0
6716,0.34846775877996816,0
6717,0.34452432332098987,0
6718,0.34365147340004876,0
6719,0.3372274057806073,0
6720,0.35894489328015733,0
6721,0.3667629828933252,0
6722,0.35493437561646823,0
6723,0.3581956742631256,0
6724,0.33914925283892233,0
6725,0.356732103875345,0
6726,0.3387668306185376,0
6727,0.36306220282652013,0
6728,0.38534752040679565,0
6729,0.33820627345115784,0
6730,0.3361051782658722,0
6731,0.36407569091663766,0
6732,0.3610164437737034,0
6733,0.3364460525386507,0
6734,0.3375735661138305,0
6735,0.3536778750616094,0
6736,0.39593734513110546,0
6737,0.3711845061579582,0
6738,0.3492880023817672,0
6739,0.34103481523172907,0
6740,0.33927272779092815,0
6741,0.41795957477454104,0
6742,0.3617287932958101,0
6743,0.4409447034791706,0
6744,0.34811421112428936,0
6745,0.35774729009258344,0
6746,0.36563757760171917,0
6747,0.3873054251291606,0
6748,0.3848869351258482,0
6749,0.4123567167504556,0
6750,0.39854400361313286,0
6751,0.40632251698490496,0
6752,0.40789391435800204,0
6753,0.4926652069236978,0
6754,0.47051128442647916,0
6755,0.4789365537514975,0
6756,0.4891144701209993,0
6757,0.5099369086453548,0
6758,0.5370263858588402,1
6759,0.49485603453833044,0
6760,0.5076071419874788,0
6761,0.5102464725076851,0
6762,0.5077288850365552,0
6763,0.48766404099662725,0
6764,0.4253334684003778,0
6765,0.36512246443965346,0
6766,0.37117012330849647,0
6767,0.3600115801179632,0
6768,0.36100607938632157,0
6769,0.3648837242372833,0
6770,0.3453446399574657,0
6771,0.3647941261566738,0
6772,0.3484007885012476,0
6773,0.35137777249254104,0
6774,0.34914847232438173,0
6775,0.3812125436002377,0
6776,0.3766312026176364,0
6777,0.360366064909368,0
6778,0.38043470284077285,0
6779,0.4353882034165069,0
6780,0.3465681446630825,0
6781,0.36153258105318936,0
6782,0.34993527836684263,0
6783,0.3523582102081921,0
6784,0.35469369171812937,0
6785,0.3730395363797488,0
6786,0.36604610046772923,0
6787,0.357074404236148,0
6788,0.3554929701729391,0
6789,0.3459517385302688,0
6790,0.35991676584313437,0
6791,0.36732236042819333,0
6792,0.3589511672790969,0
6793,0.37941684492058925,0
6794,0.3516661422200446,0
6795,0.3948913625582626,0
6796,0.37041717137498065,0
6797,0.3617156278089098,0
6798,0.4025022890342082,0
6799,0.3507414242702083,0
6800,0.3514527755176418,0
6801,0.3520635551683723,0
6802,0.36139846561621336,0
6803,0.3860858214512856,0
6804,0.40682709011772344,0
6805,0.3722278490135907,0
6806,0.3501370189456352,0
6807,0.3610995306136807,0
6808,0.3572650869500932,0
6809,0.3477078418344719,0
6810,0.39604391973248276,0
6811,0.36035913091727056,0
6812,0.35057133213934016,0
6813,0.34575911109720764,0
6814,0.4146175527040496,0
6815,0.390623302966785,0
6816,0.35092195872605525,0
6817,0.3439007290352465,0
6818,0.3410809822716848,0
6819,0.3358857826250996,0
6820,0.342282801220374,0
6821,0.4401690052392071,0
6822,0.36068038940856695,0
6823,0.3493644992086067,0
6824,0.3382622615744338,0
6825,0.33799843632623144,0
6826,0.4154158663520287,0
6827,0.35293173468363714,0
6828,0.34008776148505804,0
6829,0.33880296754113437,0
6830,0.364910072833582,0
6831,0.339663102808879,0
6832,0.3505347536294158,0
6833,0.3427120716313392,0
6834,0.37316807985136735,0
6835,0.3320909067884781,0
6836,0.35202587547068775,0
6837,0.3340693205157341,0
6838,0.33677774794295107,0
6839,0.3337335843386972,0
6840,0.33293578045241845,0
6841,0.35181451312459006,0
6842,0.34901955755853475,0
6843,0.3550542253971413,0
6844,0.39466301139105253,0
6845,0.4006922154234831,0
6846,0.3358379526243088,0
6847,0.3323149985427935,0
6848,0.3338047929572313,0
6849,0.33957626712345046,0
6850,0.3363929574218624,0
6851,0.36185885515145594,0
6852,0.3404789415306598,0
6853,0.33984634550226744,0
6854,0.3358461618720529,0
6855,0.3390550124335706,0
6856,0.34863405286640764,0
6857,0.33567097532471857,0
6858,0.4310886133773191,0
6859,0.34594837757378794,0
6860,0.34365353015925876,0
6861,0.37314192697168713,0
6862,0.3632283248662688,0
6863,0.37757378341731535,0
6864,0.3962296060602396,0
6865,0.34888355717667974,0
6866,0.3507679856405606,0
6867,0.34035492279170165,0
6868,0.4401768343219695,0
6869,0.3809779710156051,0
6870,0.3335758081907157,0
6871,0.3764502878830738,0
6872,0.34683554634459063,0
6873,0.33554324153330517,0
6874,0.38309101107851445,0
6875,0.4042666293312756,0
6876,0.3400738251828141,0
6877,0.33724032850789726,0
6878,0.3589246327803469,0
6879,0.33420866640500896,0
6880,0.3571724220353573,0
6881,0.3473247348513082,0
6882,0.33944497884549996,0
6883,0.3314957564108149,0
6884,0.3481080842405511,0
6885,0.34342587376388733,0
6886,0.3962640192245598,0
6887,0.38192931818224596,0
6888,0.3311101856736149,0
6889,0.3313564716422267,0
6890,0.33411841400589376,0
6891,0.3484080646812124,0
6892,0.3395269208831472,0
6893,0.33443562024233264,0
6894,0.3370593046074124,0
6895,0.33366413666736866,0
6896,0.35546733297384187,0
6897,0.3387715348073876,0
6898,0.3445691661776437,0
6899,0.33341331255691625,0
6900,0.33794111573543195,0
6901,0.3507226117834072,0
6902,0.3336570838796552,0
6903,0.3336837891797762,0
6904,0.3347872537664463,0
6905,0.3354036705295085,0
6906,0.38672510128300985,0
6907,0.3429849222215204,0
6908,0.3683071485428516,0
6909,0.3350671506550632,0
6910,0.36296573366285434,0
6911,0.3366920761364124,0
6912,0.3406642411875774,0
6913,0.38844230841528943,0
6914,0.3422205080968386,0
6915,0.3369813206552484,0
6916,0.35915175718882225,0
6917,0.3469065433321907,0
6918,0.3445311208105008,0
6919,0.33985644515537605,0
6920,0.34644220982429497,0
6921,0.3346887693600996,0
6922,0.34727933515026027,0
6923,0.3938478058916925,0
6924,0.3348732164852848,0
6925,0.3352498090023647,0
6926,0.33794741849938376,0
6927,0.3328515284177856,0
6928,0.33502750496900296,0
6929,0.33308422478412175,0
6930,0.3357072069236418,0
6931,0.3315117779740531,0
6932,0.3323676494353064,0
6933,0.3360508416227986,0
6934,0.33759766010517306,0
6935,0.33219008366076763,0
6936,0.3413759429002762,0
6937,0.3424929348130941,0
6938,0.7025076272790043,1
6939,0.5881719514359458,1
6940,0.6107273550951463,1
6941,0.6102269815811782,1
6942,0.6099444181732079,1
6943,0.6477486860910474,1
6944,0.6217273879512112,1
6945,0.6095651952193708,1
6946,0.6367826688878374,1
6947,0.5875043015953612,1
6948,0.3984635766008084,0
6949,0.3996023482644551,0
6950,0.4049617218602398,0
6951,0.41450809968471386,0
6952,0.39646430536723654,0
6953,0.4358496173370456,0
6954,0.3932393135174017,0
6955,0.3961258629119498,0
6956,0.4194146902783594,0
6957,0.3907244829397013,0
6958,0.39628672026288964,0
6959,0.4279998323745373,0
6960,0.41351909600732906,0
6961,0.4020780243747987,0
6962,0.3930157668825419,0
6963,0.4015542210160364,0
6964,0.3990791036849289,0
6965,0.40308007185841505,0
6966,0.39996835827421734,0
6967,0.3952584468946223,0
6968,0.4290888598284906,0
6969,0.40036363595269625,0
6970,0.39300872290918515,0
6971,0.4600583496930422,0
6972,0.4877838344885312,0
6973,0.40633978597990944,0
6974,0.4047856066304947,0
6975,0.4052026467322849,0
6976,0.4105481988337228,0
6977,0.4006506233810969,0
6978,0.4323929476852246,0
6979,0.40844241165066264,0
6980,0.4271840335533735,0
6981,0.41383217457878074,0
6982,0.4008265273173369,0
6983,0.4036859316451178,0
6984,0.39354479136514625,0
6985,0.39158564767325804,0
6986,0.41374717607041234,0
6987,0.3923766604081521,0
6988,0.4142281305432078,0
6989,0.4274524843785554,0
6990,0.4227966122355063,0
6991,0.4080459533460019,0
6992,0.3953211574651579,0
6993,0.4004169589387245,0
6994,0.39461096129662016,0
6995,0.3932411765090488,0
6996,0.40310437380885755,0
6997,0.4133142436989214,0
6998,0.4896460111551565,0
6999,0.3775825441370963,0
7000,0.3705579674448716,0
7001,0.3908270169596016,0
7002,0.3567164749852692,0
7003,0.3489825918664507,0
7004,0.35461090038903753,0
7005,0.35576556920765867,0
7006,0.338723542798385,0
7007,0.33623670127962535,0
7008,0.33952443314391195,0
7009,0.3352527428223532,0
7010,0.3406302315521956,0
7011,0.36029066932138915,0
7012,0.34367662913328345,0
7013,0.4023482770620243,0
7014,0.33616607956488526,0
7015,0.3432685597180124,0
7016,0.35850243276638744,0
7017,0.34402261425322495,0
7018,0.33418637857135847,0
7019,0.3412401886231545,0
7020,0.3333715924544722,0
7021,0.34334632795950903,0
7022,0.3374103002479641,0
7023,0.35356983908696377,0
7024,0.3355527730618015,0
7025,0.335531176391842,0
7026,0.4148250584327129,0
7027,0.3640412783871459,0
7028,0.33371800911182553,0
7029,0.33629510303715293,0
7030,0.35280526936073703,0
7031,0.33365153235681744,0
7032,0.336239488914708,0
7033,0.35506302550555036,0
7034,0.3378477192466784,0
7035,0.3345340023653924,0
7036,0.35575234286394053,0
7037,0.336498395180741,0
7038,0.35813831450417943,0
7039,0.3439623906829717,0
7040,0.3641727629204086,0
7041,0.33092248377533234,0
7042,0.3327248172848991,0
7043,0.332279187866972,0
7044,0.33667605963145336,0
7045,0.33801726088695516,0
7046,0.352847760190164,0
7047,0.3349817128032828,0
7048,0.36364825796662226,0
7049,0.3371495152525707,0
7050,0.34213059126522094,0
7051,0.33146795098584814,0
7052,0.3658744846169462,0
7053,0.3876953074111715,0
7054,0.3367449664856243,0
7055,0.3348156040360936,0
7056,0.342998394389032,0
7057,0.33663798524637234,0
7058,0.3357460113658772,0
7059,0.33265097421768697,0
7060,0.3341937995958778,0
7061,0.39136800752800177,0
7062,0.3460010416259784,0
7063,0.3374862623870563,0
7064,0.34807622075580835,0
7065,0.35216179177165297,0
7066,0.3821843798140364,0
7067,0.3530871923189844,0
7068,0.33331874042166093,0
7069,0.3340752142886565,0
7070,0.33480218750843693,0
7071,0.3393556120387163,0
7072,0.3466239196760618,0
7073,0.363635574018312,0
7074,0.7036063947318594,1
7075,0.661223377823507,1
7076,0.6875212399871345,1
7077,0.6966712522591831,1
7078,0.7130568633237514,1
7079,0.7177617035871798,1
7080,0.7239378762291865,1
7081,0.7337999514944755,1
7082,0.7377825521049586,1
7083,0.7426003194626339,1
7084,0.7508484085241305,1
7085,0.753137954085232,1
7086,0.6249287771741692,1
7087,0.44903527730301196,0
7088,0.45366880957066785,0
7089,0.45835417615260254,0
7090,0.4818491942785659,0
7091,0.47606270871581285,0
7092,0.44439812079448054,0
7093,0.45468033179882944,0
7094,0.4433354262159064,0
7095,0.4461784809994501,0
7096,0.5362171464686374,1
7097,0.4976992337367734,0
7098,0.4436103853110409,0
7099,0.45758270346316976,0
7100,0.45901778282239863,0
7101,0.44750077682293093,0
7102,0.44784147210607095,0
7103,0.45604280731373853,0
7104,0.4588723524980659,0
7105,0.48681724894011097,0
7106,0.44488971708926345,0
7107,0.450046478811616,0
7108,0.44469283955534405,0
7109,0.4444421789683544,0
7110,0.4625149818528994,0
7111,0.4473225580863776,0
7112,0.4544494171740585,0
7113,0.47943675182026413,0
7114,0.44881448676850016,0
7115,0.4493730134348427,0
7116,0.5334680010811863,1
7117,0.49637885008588506,0
7118,0.4502835970909649,0
7119,0.4558089492971267,0
7120,0.4450110446285034,0
7121,0.4665761931134317,0
7122,0.4567284112826317,0
7123,0.4475929677483488,0
7124,0.4477922443857636,0
7125,0.4547215778357632,0
7126,0.455058709230905,0
7127,0.4505791971775845,0
7128,0.5343381006589325,1
7129,0.47560899334336554,0
7130,0.46713429307691257,0
7131,0.47592622262331385,0
7132,0.47197147589205873,0
7133,0.45081385406753766,0
7134,0.43986920536460616,0
7135,0.46244565684140615,0
7136,0.42828893796623874,0
7137,0.42874697177428706,0
7138,0.39491353545178576,0
7139,0.38220572809727477,0
7140,0.39220395450269274,0
7141,0.36009405537729583,0
7142,0.35841978999549473,0
7143,0.407179569477916,0
7144,0.3513387177622331,0
7145,0.3616794977777622,0
7146,0.3359157955023948,0
7147,0.3421020035636072,0
7148,0.33473688796086665,0
7149,0.34054662376927525,0
7150,0.3527499139653794,0
7151,0.3361118931284308,0
7152,0.3387731955103196,0
7153,0.3431017201903896,0
7154,0.3360639627214616,0
7155,0.3338323900387344,0
7156,0.33555510822188267,0
7157,0.3377111988499077,0
7158,0.3691625656988263,0
7159,0.35889402430355327,0
7160,0.34021096351325925,0
7161,0.3532904054324184,0
7162,0.3399768232079593,0
7163,0.3542497097511851,0
7164,0.3519033508628176,0
7165,0.34576965383819247,0
7166,0.3473002832186424,0
7167,0.3351694236211256,0
7168,0.33555541928464955,0
7169,0.33564020651276744,0
7170,0.35116036207115614,0
7171,0.3345223786256698,0
7172,0.33679728181047053,0
7173,0.3390450223758577,0
7174,0.33873193641518934,0
7175,0.34711810758926015,0
7176,0.3355833599670674,0
7177,0.35690324874809987,0
7178,0.33560978762919896,0
7179,0.3705607984549537,0
7180,0.40343462468019947,0
7181,0.33769211086606216,0
7182,0.33893664614151964,0
7183,0.35938364700008685,0
7184,0.3424992356948288,0
7185,0.3778268409801303,0
7186,0.335325338980056,0
7187,0.3798825686830892,0
7188,0.3780584750416212,0
7189,0.34096855935268283,0
7190,0.34329152699856774,0
7191,0.34304183376607805,0
7192,0.3372476665748213,0
7193,0.3576848391835162,0
7194,0.33820430675776697,0
7195,0.34025037511212347,0
7196,0.3509981265602375,0
7197,0.3347231913937724,0
7198,0.33344067128815924,0
7199,0.33557527578607943,0
