timestamp,hr,acc,label,anomaly_type
2026-10-06 09:00:00,66.69,0.061,0,none
2026-10-06 09:00:01,66.74,0.086,0,none
2026-10-06 09:00:02,67.7,0.078,0,none
2026-10-06 09:00:03,67.31,0.063,0,none
2026-10-06 09:00:04,65.28,0.053,0,none
2026-10-06 09:00:05,66.06,0.117,0,none
2026-10-06 09:00:06,68.49,0.076,0,none
2026-10-06 09:00:07,67.24,0.073,0,none
2026-10-06 09:00:08,64.69,0.052,0,none
2026-10-06 09:00:09,66.38,0.103,0,none
2026-10-06 09:00:10,67.8,0.085,0,none
2026-10-06 09:00:11,68.01,0.077,0,none
2026-10-06 09:00:12,65.78,0.072,0,none
2026-10-06 09:00:13,66.38,0.071,0,none
2026-10-06 09:00:14,64.96,0.071,0,none
2026-10-06 09:00:15,64.6,0.072,0,none
2026-10-06 09:00:16,67.6,0.066,0,none
2026-10-06 09:00:17,68.15,0.055,0,none
2026-10-06 09:00:18,64.93,0.071,0,none
2026-10-06 09:00:19,65.22,0.09,0,none
2026-10-06 09:00:20,68.47,0.057,0,none
2026-10-06 09:00:21,68.02,0.085,0,none
2026-10-06 09:00:22,68.05,0.075,0,none
2026-10-06 09:00:23,64.05,0.091,0,none
2026-10-06 09:00:24,65.01,0.057,0,none
2026-10-06 09:00:25,65.12,0.056,0,none
2026-10-06 09:00:26,67.57,0.073,0,none
2026-10-06 09:00:27,68.43,0.109,0,none
2026-10-06 09:00:28,67.36,0.062,0,none
2026-10-06 09:00:29,66.56,0.082,0,none
2026-10-06 09:00:30,65.46,0.056,0,none
2026-10-06 09:00:31,68.51,0.064,0,none
2026-10-06 09:00:32,67.15,0.061,0,none
2026-10-06 09:00:33,63.86,0.07,0,none
2026-10-06 09:00:34,67.36,0.069,0,none
2026-10-06 09:00:35,66.62,0.061,0,none
2026-10-06 09:00:36,68.86,0.068,0,none
2026-10-06 09:00:37,69.0,0.057,0,none
2026-10-06 09:00:38,66.97,0.086,0,none
2026-10-06 09:00:39,66.28,0.064,0,none
2026-10-06 09:00:40,67.14,0.072,0,none
2026-10-06 09:00:41,68.63,0.143,0,none
2026-10-06 09:00:42,66.26,0.107,0,none
2026-10-06 09:00:43,65.56,0.052,0,none
2026-10-06 09:00:44,66.66,0.086,0,none
2026-10-06 09:00:45,65.44,0.124,0,none
2026-10-06 09:00:46,66.15,0.059,0,none
2026-10-06 09:00:47,68.1,0.065,0,none
2026-10-06 09:00:48,66.9,0.092,0,none
2026-10-06 09:00:49,65.91,0.079,0,none
2026-10-06 09:00:50,67.11,0.078,0,none
2026-10-06 09:00:51,69.48,0.07,0,none
2026-10-06 09:00:52,64.73,0.055,0,none
2026-10-06 09:00:53,67.0,0.057,0,none
2026-10-06 09:00:54,64.55,0.059,0,none
2026-10-06 09:00:55,67.52,0.089,0,none
2026-10-06 09:00:56,68.98,0.056,0,none
2026-10-06 09:00:57,66.84,0.083,0,none
2026-10-06 09:00:58,66.41,0.055,0,none
2026-10-06 09:00:59,65.69,0.079,0,none
2026-10-06 09:01:00,68.46,0.061,0,none
2026-10-06 09:01:01,67.54,0.053,0,none
2026-10-06 09:01:02,68.01,0.07,0,none
2026-10-06 09:01:03,66.81,0.076,0,none
2026-10-06 09:01:04,64.7,0.062,0,none
2026-10-06 09:01:05,108.97,0.105,1,spike
2026-10-06 09:01:06,109.37,0.062,1,spike
2026-10-06 09:01:07,111.27,0.07,1,spike
2026-10-06 09:01:08,106.36,0.069,1,spike
2026-10-06 09:01:09,108.32,0.063,1,spike
2026-10-06 09:01:10,109.39,0.08,1,spike
2026-10-06 09:01:11,69.3,0.051,0,none
2026-10-06 09:01:12,68.67,0.066,0,none
2026-10-06 09:01:13,65.18,0.074,0,none
2026-10-06 09:01:14,66.11,0.063,0,none
2026-10-06 09:01:15,65.57,0.062,0,none
2026-10-06 09:01:16,68.74,0.056,0,none
2026-10-06 09:01:17,68.46,0.055,0,none
2026-10-06 09:01:18,67.4,0.104,0,none
2026-10-06 09:01:19,64.77,0.061,0,none
2026-10-06 09:01:20,67.41,0.068,0,none
2026-10-06 09:01:21,69.0,0.062,0,none
2026-10-06 09:01:22,67.13,0.083,0,none
2026-10-06 09:01:23,66.46,0.081,0,none
2026-10-06 09:01:24,64.5,0.076,0,none
2026-10-06 09:01:25,67.52,0.101,0,none
2026-10-06 09:01:26,68.27,0.07,0,none
2026-10-06 09:01:27,65.88,0.091,0,none
2026-10-06 09:01:28,67.09,0.073,0,none
2026-10-06 09:01:29,65.35,0.052,0,none
2026-10-06 09:01:30,66.49,0.069,0,none
2026-10-06 09:01:31,69.82,0.06,0,none
2026-10-06 09:01:32,66.98,0.058,0,none
2026-10-06 09:01:33,67.29,0.076,0,none
2026-10-06 09:01:34,65.81,0.052,0,none
2026-10-06 09:01:35,67.75,0.1,0,none
2026-10-06 09:01:36,68.64,0.074,0,none
2026-10-06 09:01:37,66.78,0.095,0,none
2026-10-06 09:01:38,65.07,0.088,0,none
2026-10-06 09:01:39,65.15,0.095,0,none
2026-10-06 09:01:40,65.59,0.087,0,none
2026-10-06 09:01:41,68.35,0.07,0,none
2026-10-06 09:01:42,67.61,0.097,0,none
2026-10-06 09:01:43,67.28,0.079,0,none
2026-10-06 09:01:44,66.02,0.052,0,none
2026-10-06 09:01:45,68.69,0.08,0,none
2026-10-06 09:01:46,66.6,0.055,0,none
2026-10-06 09:01:47,68.47,0.076,0,none
2026-10-06 09:01:48,66.93,0.071,0,none
2026-10-06 09:01:49,65.48,0.085,0,none
2026-10-06 09:01:50,66.88,0.071,0,none
2026-10-06 09:01:51,68.03,0.064,0,none
2026-10-06 09:01:52,68.84,0.072,0,none
2026-10-06 09:01:53,64.24,0.062,0,none
2026-10-06 09:01:54,67.65,0.078,0,none
2026-10-06 09:01:55,66.08,0.059,0,none
2026-10-06 09:01:56,68.74,0.061,0,none
2026-10-06 09:01:57,68.57,0.055,0,none
2026-10-06 09:01:58,66.66,0.104,0,none
2026-10-06 09:01:59,64.46,0.061,0,none
2026-10-06 09:02:00,66.65,0.085,0,none
2026-10-06 09:02:01,69.36,0.085,0,none
2026-10-06 09:02:02,68.64,0.07,0,none
2026-10-06 09:02:03,66.96,0.109,0,none
2026-10-06 09:02:04,65.06,0.056,0,none
2026-10-06 09:02:05,66.14,0.054,0,none
2026-10-06 09:02:06,68.42,0.067,0,none
2026-10-06 09:02:07,67.66,0.067,0,none
2026-10-06 09:02:08,64.71,0.094,0,none
2026-10-06 09:02:09,66.28,0.064,0,none
2026-10-06 09:02:10,66.48,0.057,0,none
2026-10-06 09:02:11,67.78,0.095,0,none
2026-10-06 09:02:12,65.78,0.064,0,none
2026-10-06 09:02:13,66.87,0.097,0,none
2026-10-06 09:02:14,65.65,0.099,0,none
2026-10-06 09:02:15,66.86,0.092,0,none
2026-10-06 09:02:16,68.77,0.083,0,none
2026-10-06 09:02:17,67.84,0.085,0,none
2026-10-06 09:02:18,66.65,0.122,0,none
2026-10-06 09:02:19,66.61,0.07,0,none
2026-10-06 09:02:20,67.72,0.061,0,none
2026-10-06 09:02:21,67.87,0.112,0,none
2026-10-06 09:02:22,68.36,0.092,0,none
2026-10-06 09:02:23,64.13,0.08,0,none
2026-10-06 09:02:24,66.14,0.062,0,none
2026-10-06 09:02:25,68.05,0.098,0,none
2026-10-06 09:02:26,68.66,0.078,0,none
2026-10-06 09:02:27,68.31,0.09,0,none
2026-10-06 09:02:28,66.92,0.063,0,none
2026-10-06 09:02:29,66.1,0.063,0,none
2026-10-06 09:02:30,68.38,0.063,0,none
2026-10-06 09:02:31,68.86,0.106,0,none
2026-10-06 09:02:32,68.23,0.052,0,none
2026-10-06 09:02:33,66.71,0.081,0,none
2026-10-06 09:02:34,66.05,0.066,0,none
2026-10-06 09:02:35,65.6,0.123,0,none
2026-10-06 09:02:36,68.44,0.056,0,none
2026-10-06 09:02:37,69.67,0.061,0,none
2026-10-06 09:02:38,65.23,0.092,0,none
2026-10-06 09:02:39,66.38,0.079,0,none
2026-10-06 09:02:40,69.42,0.054,0,none
2026-10-06 09:02:41,69.16,0.068,0,none
2026-10-06 09:02:42,69.14,0.065,0,none
2026-10-06 09:02:43,65.68,0.057,0,none
2026-10-06 09:02:44,64.63,0.054,0,none
2026-10-06 09:02:45,66.39,0.082,0,none
2026-10-06 09:02:46,68.15,0.098,0,none
2026-10-06 09:02:47,70.14,0.058,0,none
2026-10-06 09:02:48,65.03,0.083,0,none
2026-10-06 09:02:49,65.73,0.063,0,none
2026-10-06 09:02:50,65.08,0.065,0,none
2026-10-06 09:02:51,67.66,0.08,0,none
2026-10-06 09:02:52,68.91,0.052,0,none
2026-10-06 09:02:53,65.88,0.059,0,none
2026-10-06 09:02:54,65.69,0.076,0,none
2026-10-06 09:02:55,67.93,0.077,0,none
2026-10-06 09:02:56,68.47,0.055,0,none
2026-10-06 09:02:57,67.02,0.065,0,none
2026-10-06 09:02:58,67.18,0.057,0,none
2026-10-06 09:02:59,65.98,0.061,0,none
2026-10-06 09:03:00,67.02,0.07,0,none
2026-10-06 09:03:01,69.47,0.102,0,none
2026-10-06 09:03:02,68.91,0.082,0,none
2026-10-06 09:03:03,65.66,0.072,0,none
2026-10-06 09:03:04,66.91,0.077,0,none
2026-10-06 09:03:05,66.76,0.127,0,none
2026-10-06 09:03:06,69.25,0.08,0,none
2026-10-06 09:03:07,66.72,0.08,0,none
2026-10-06 09:03:08,68.78,0.062,0,none
2026-10-06 09:03:09,66.94,0.076,0,none
2026-10-06 09:03:10,68.7,0.075,0,none
2026-10-06 09:03:11,67.84,0.059,0,none
2026-10-06 09:03:12,67.86,0.062,0,none
2026-10-06 09:03:13,64.37,0.052,0,none
2026-10-06 09:03:14,65.98,0.071,0,none
2026-10-06 09:03:15,68.55,0.065,0,none
2026-10-06 09:03:16,66.66,0.058,0,none
2026-10-06 09:03:17,69.53,0.062,0,none
2026-10-06 09:03:18,66.31,0.093,0,none
2026-10-06 09:03:19,64.53,0.085,0,none
2026-10-06 09:03:20,68.67,0.082,0,none
2026-10-06 09:03:21,69.83,0.089,0,none
2026-10-06 09:03:22,68.85,0.062,0,none
2026-10-06 09:03:23,67.3,0.052,0,none
2026-10-06 09:03:24,66.83,0.068,0,none
2026-10-06 09:03:25,66.13,0.052,0,none
2026-10-06 09:03:26,70.34,0.052,0,none
2026-10-06 09:03:27,68.05,0.054,0,none
2026-10-06 09:03:28,67.04,0.065,0,none
2026-10-06 09:03:29,66.57,0.086,0,none
2026-10-06 09:03:30,68.25,0.057,0,none
2026-10-06 09:03:31,67.28,0.082,0,none
2026-10-06 09:03:32,68.68,0.08,0,none
2026-10-06 09:03:33,65.17,0.102,0,none
2026-10-06 09:03:34,66.59,0.071,0,none
2026-10-06 09:03:35,68.73,0.078,0,none
2026-10-06 09:03:36,69.0,0.069,0,none
2026-10-06 09:03:37,67.29,0.094,0,none
2026-10-06 09:03:38,67.73,0.065,0,none
2026-10-06 09:03:39,66.08,0.053,0,none
2026-10-06 09:03:40,67.63,0.071,0,none
2026-10-06 09:03:41,66.0,0.088,0,none
2026-10-06 09:03:42,68.27,0.068,0,none
2026-10-06 09:03:43,64.22,0.078,0,none
2026-10-06 09:03:44,65.21,0.106,0,none
2026-10-06 09:03:45,65.28,0.084,0,none
2026-10-06 09:03:46,66.99,0.061,0,none
2026-10-06 09:03:47,67.35,0.064,0,none
2026-10-06 09:03:48,67.2,0.089,0,none
2026-10-06 09:03:49,65.67,0.078,0,none
2026-10-06 09:03:50,64.94,0.086,0,none
2026-10-06 09:03:51,68.55,0.06,0,none
2026-10-06 09:03:52,67.61,0.052,0,none
2026-10-06 09:03:53,68.61,0.087,0,none
2026-10-06 09:03:54,66.49,0.064,0,none
2026-10-06 09:03:55,68.65,0.051,0,none
2026-10-06 09:03:56,67.86,0.06,0,none
2026-10-06 09:03:57,68.1,0.083,0,none
2026-10-06 09:03:58,67.42,0.089,0,none
2026-10-06 09:03:59,65.55,0.062,0,none
2026-10-06 09:04:00,66.72,0.085,0,none
2026-10-06 09:04:01,69.4,0.082,0,none
2026-10-06 09:04:02,68.99,0.055,0,none
2026-10-06 09:04:03,66.8,0.097,0,none
2026-10-06 09:04:04,67.23,0.058,0,none
2026-10-06 09:04:05,67.93,0.084,0,none
2026-10-06 09:04:06,69.21,0.09,0,none
2026-10-06 09:04:07,68.76,0.052,0,none
2026-10-06 09:04:08,66.47,0.055,0,none
2026-10-06 09:04:09,66.47,0.06,1,dropout
2026-10-06 09:04:10,66.47,0.066,1,dropout
2026-10-06 09:04:11,66.47,0.05,1,dropout
2026-10-06 09:04:12,66.47,0.067,1,dropout
2026-10-06 09:04:13,66.47,0.079,1,dropout
2026-10-06 09:04:14,66.47,0.056,1,dropout
2026-10-06 09:04:15,66.47,0.091,1,dropout
2026-10-06 09:04:16,66.47,0.066,1,dropout
2026-10-06 09:04:17,66.47,0.061,1,dropout
2026-10-06 09:04:18,66.47,0.083,1,dropout
2026-10-06 09:04:19,66.47,0.084,1,dropout
2026-10-06 09:04:20,66.47,0.073,1,dropout
2026-10-06 09:04:21,66.47,0.098,1,dropout
2026-10-06 09:04:22,66.47,0.067,1,dropout
2026-10-06 09:04:23,66.47,0.076,1,dropout
2026-10-06 09:04:24,66.47,0.06,1,dropout
2026-10-06 09:04:25,66.47,0.07,1,dropout
2026-10-06 09:04:26,66.47,0.071,1,dropout
2026-10-06 09:04:27,66.47,0.073,1,dropout
2026-10-06 09:04:28,66.47,0.102,1,dropout
2026-10-06 09:04:29,66.47,0.067,1,dropout
2026-10-06 09:04:30,66.47,0.056,1,dropout
2026-10-06 09:04:31,66.47,0.065,1,dropout
2026-10-06 09:04:32,66.87,0.069,0,none
2026-10-06 09:04:33,66.61,0.061,0,none
2026-10-06 09:04:34,65.78,0.053,0,none
2026-10-06 09:04:35,67.76,0.076,0,none
2026-10-06 09:04:36,69.09,0.056,0,none
2026-10-06 09:04:37,68.99,0.085,0,none
2026-10-06 09:04:38,66.6,0.08,0,none
2026-10-06 09:04:39,66.62,0.068,0,none
2026-10-06 09:04:40,67.39,0.053,0,none
2026-10-06 09:04:41,69.33,0.096,0,none
2026-10-06 09:04:42,66.08,0.062,0,none
2026-10-06 09:04:43,65.64,0.058,0,none
2026-10-06 09:04:44,67.16,0.091,0,none
2026-10-06 09:04:45,69.22,0.115,0,none
2026-10-06 09:04:46,69.33,0.105,0,none
2026-10-06 09:04:47,67.18,0.068,0,none
2026-10-06 09:04:48,63.47,0.083,0,none
2026-10-06 09:04:49,67.74,0.091,0,none
2026-10-06 09:04:50,68.49,0.068,0,none
2026-10-06 09:04:51,68.61,0.084,0,none
2026-10-06 09:04:52,67.64,0.079,0,none
2026-10-06 09:04:53,66.48,0.06,0,none
2026-10-06 09:04:54,65.38,0.064,0,none
2026-10-06 09:04:55,65.91,0.056,0,none
2026-10-06 09:04:56,69.16,0.062,0,none
2026-10-06 09:04:57,68.4,0.068,0,none
2026-10-06 09:04:58,65.99,0.077,0,none
2026-10-06 09:04:59,67.13,0.061,0,none
2026-10-06 09:05:00,67.16,0.056,0,none
2026-10-06 09:05:01,68.47,0.09,0,none
2026-10-06 09:05:02,68.6,0.057,0,none
2026-10-06 09:05:03,64.47,0.077,0,none
2026-10-06 09:05:04,65.55,0.052,0,none
2026-10-06 09:05:05,65.98,0.062,0,none
2026-10-06 09:05:06,68.73,0.064,0,none
2026-10-06 09:05:07,67.36,0.09,0,none
2026-10-06 09:05:08,67.4,0.06,0,none
2026-10-06 09:05:09,66.48,0.051,0,none
2026-10-06 09:05:10,66.41,0.074,0,none
2026-10-06 09:05:11,67.46,0.051,0,none
2026-10-06 09:05:12,68.19,0.063,0,none
2026-10-06 09:05:13,66.65,0.077,0,none
2026-10-06 09:05:14,67.31,0.088,0,none
2026-10-06 09:05:15,67.34,0.07,0,none
2026-10-06 09:05:16,69.5,0.089,0,none
2026-10-06 09:05:17,69.69,0.063,0,none
2026-10-06 09:05:18,66.18,0.059,0,none
2026-10-06 09:05:19,67.74,0.095,0,none
2026-10-06 09:05:20,65.89,0.063,0,none
2026-10-06 09:05:21,68.91,0.086,0,none
2026-10-06 09:05:22,69.55,0.074,0,none
2026-10-06 09:05:23,69.25,0.078,0,none
2026-10-06 09:05:24,66.31,0.077,0,none
2026-10-06 09:05:25,66.15,0.069,0,none
2026-10-06 09:05:26,67.75,0.051,0,none
2026-10-06 09:05:27,67.9,0.062,0,none
2026-10-06 09:05:28,66.69,0.094,0,none
2026-10-06 09:05:29,66.05,0.105,0,none
2026-10-06 09:05:30,67.08,0.066,0,none
2026-10-06 09:05:31,67.67,0.081,0,none
2026-10-06 09:05:32,66.4,0.054,0,none
2026-10-06 09:05:33,66.57,0.055,0,none
2026-10-06 09:05:34,67.74,0.065,0,none
2026-10-06 09:05:35,67.29,0.079,0,none
2026-10-06 09:05:36,70.38,0.069,0,none
2026-10-06 09:05:37,69.67,0.06,0,none
2026-10-06 09:05:38,66.6,0.07,0,none
2026-10-06 09:05:39,65.86,0.067,0,none
2026-10-06 09:05:40,67.84,0.073,0,none
2026-10-06 09:05:41,67.12,0.064,0,none
2026-10-06 09:05:42,68.29,0.05,0,none
2026-10-06 09:05:43,66.09,0.124,0,none
2026-10-06 09:05:44,67.95,0.081,0,none
2026-10-06 09:05:45,68.55,0.062,0,none
2026-10-06 09:05:46,69.49,0.058,0,none
2026-10-06 09:05:47,68.44,0.063,0,none
2026-10-06 09:05:48,66.53,0.081,0,none
2026-10-06 09:05:49,65.65,0.091,0,none
2026-10-06 09:05:50,67.93,0.106,0,none
2026-10-06 09:05:51,69.77,0.095,0,none
2026-10-06 09:05:52,67.41,0.05,0,none
2026-10-06 09:05:53,66.93,0.107,0,none
2026-10-06 09:05:54,65.63,0.072,0,none
2026-10-06 09:05:55,67.08,0.108,0,none
2026-10-06 09:05:56,68.89,0.117,0,none
2026-10-06 09:05:57,69.8,0.064,0,none
2026-10-06 09:05:58,66.26,0.068,0,none
2026-10-06 09:05:59,67.7,0.1,0,none
2026-10-06 09:06:00,67.05,0.054,0,none
2026-10-06 09:06:01,67.8,0.066,0,none
2026-10-06 09:06:02,66.05,0.065,0,none
2026-10-06 09:06:03,65.24,0.094,0,none
2026-10-06 09:06:04,66.19,0.056,0,none
2026-10-06 09:06:05,67.16,0.088,0,none
2026-10-06 09:06:06,68.15,0.073,0,none
2026-10-06 09:06:07,67.82,0.126,0,none
2026-10-06 09:06:08,64.89,0.083,0,none
2026-10-06 09:06:09,66.67,0.067,0,none
2026-10-06 09:06:10,67.73,0.098,0,none
2026-10-06 09:06:11,68.26,0.069,0,none
2026-10-06 09:06:12,68.53,0.05,0,none
2026-10-06 09:06:13,66.64,0.059,0,none
2026-10-06 09:06:14,65.71,0.07,0,none
2026-10-06 09:06:15,67.32,0.057,0,none
2026-10-06 09:06:16,68.58,0.05,0,none
2026-10-06 09:06:17,67.0,0.08,0,none
2026-10-06 09:06:18,66.83,0.05,0,none
2026-10-06 09:06:19,66.18,0.067,0,none
2026-10-06 09:06:20,68.02,0.053,0,none
2026-10-06 09:06:21,67.09,0.053,0,none
2026-10-06 09:06:22,67.64,0.051,0,none
2026-10-06 09:06:23,66.32,0.052,0,none
2026-10-06 09:06:24,66.73,0.07,0,none
2026-10-06 09:06:25,67.61,0.058,0,none
2026-10-06 09:06:26,69.42,0.092,0,none
2026-10-06 09:06:27,68.66,0.075,0,none
2026-10-06 09:06:28,67.39,0.055,0,none
2026-10-06 09:06:29,66.8,0.082,0,none
2026-10-06 09:06:30,68.45,0.084,0,none
2026-10-06 09:06:31,69.04,0.077,0,none
2026-10-06 09:06:32,67.23,0.053,0,none
2026-10-06 09:06:33,67.43,0.056,0,none
2026-10-06 09:06:34,66.45,0.102,0,none
2026-10-06 09:06:35,67.12,0.056,0,none
2026-10-06 09:06:36,68.41,0.082,0,none
2026-10-06 09:06:37,68.22,0.054,0,none
2026-10-06 09:06:38,120.42,0.074,1,spike
2026-10-06 09:06:39,118.33,0.074,1,spike
2026-10-06 09:06:40,120.99,0.056,1,spike
2026-10-06 09:06:41,121.37,0.057,1,spike
2026-10-06 09:06:42,122.7,0.071,1,spike
2026-10-06 09:06:43,118.42,0.057,1,spike
2026-10-06 09:06:44,119.13,0.108,1,spike
2026-10-06 09:06:45,122.41,0.061,1,spike
2026-10-06 09:06:46,121.39,0.096,1,spike
2026-10-06 09:06:47,120.52,0.055,1,spike
2026-10-06 09:06:48,68.42,0.081,0,none
2026-10-06 09:06:49,65.58,0.054,0,none
2026-10-06 09:06:50,66.14,0.056,0,none
2026-10-06 09:06:51,68.14,0.055,0,none
2026-10-06 09:06:52,68.04,0.093,0,none
2026-10-06 09:06:53,67.73,0.064,0,none
2026-10-06 09:06:54,65.48,0.058,0,none
2026-10-06 09:06:55,66.15,0.065,0,none
2026-10-06 09:06:56,68.55,0.053,0,none
2026-10-06 09:06:57,68.12,0.084,0,none
2026-10-06 09:06:58,66.62,0.08,0,none
2026-10-06 09:06:59,66.71,0.086,0,none
2026-10-06 09:07:00,66.41,0.102,0,none
2026-10-06 09:07:01,67.27,0.101,0,none
2026-10-06 09:07:02,67.81,0.05,0,none
2026-10-06 09:07:03,65.97,0.051,0,none
2026-10-06 09:07:04,65.39,0.082,0,none
2026-10-06 09:07:05,68.06,0.073,0,none
2026-10-06 09:07:06,68.24,0.088,0,none
2026-10-06 09:07:07,68.18,0.081,0,none
2026-10-06 09:07:08,66.52,0.071,0,none
2026-10-06 09:07:09,65.68,0.059,0,none
2026-10-06 09:07:10,66.93,0.055,0,none
2026-10-06 09:07:11,69.36,0.094,0,none
2026-10-06 09:07:12,67.01,0.066,0,none
2026-10-06 09:07:13,68.29,0.074,0,none
2026-10-06 09:07:14,67.17,0.055,0,none
2026-10-06 09:07:15,67.55,0.067,0,none
2026-10-06 09:07:16,69.09,0.065,0,none
2026-10-06 09:07:17,67.97,0.083,0,none
2026-10-06 09:07:18,67.18,0.075,0,none
2026-10-06 09:07:19,66.78,0.083,0,none
2026-10-06 09:07:20,67.39,0.052,0,none
2026-10-06 09:07:21,68.26,0.06,0,none
2026-10-06 09:07:22,66.69,0.068,0,none
2026-10-06 09:07:23,64.92,0.072,0,none
2026-10-06 09:07:24,65.96,0.069,0,none
2026-10-06 09:07:25,66.33,0.072,0,none
2026-10-06 09:07:26,70.45,0.053,0,none
2026-10-06 09:07:27,67.73,0.077,0,none
2026-10-06 09:07:28,68.74,0.105,0,none
2026-10-06 09:07:29,65.77,0.055,0,none
2026-10-06 09:07:30,67.39,0.051,0,none
2026-10-06 09:07:31,67.81,0.083,0,none
2026-10-06 09:07:32,66.43,0.107,0,none
2026-10-06 09:07:33,65.21,0.073,0,none
2026-10-06 09:07:34,65.45,0.078,0,none
2026-10-06 09:07:35,66.77,0.087,0,none
2026-10-06 09:07:36,66.9,0.063,0,none
2026-10-06 09:07:37,68.6,0.081,0,none
2026-10-06 09:07:38,67.42,0.056,0,none
2026-10-06 09:07:39,65.67,0.078,0,none
2026-10-06 09:07:40,67.09,0.056,0,none
2026-10-06 09:07:41,68.8,0.052,0,none
2026-10-06 09:07:42,68.0,0.071,0,none
2026-10-06 09:07:43,65.91,0.074,0,none
2026-10-06 09:07:44,66.23,0.075,0,none
2026-10-06 09:07:45,67.6,0.064,0,none
2026-10-06 09:07:46,68.11,0.075,0,none
2026-10-06 09:07:47,68.34,0.08,0,none
2026-10-06 09:07:48,67.64,0.069,0,none
2026-10-06 09:07:49,65.39,0.087,0,none
2026-10-06 09:07:50,65.03,0.076,0,none
2026-10-06 09:07:51,67.28,0.093,0,none
2026-10-06 09:07:52,66.17,0.073,0,none
2026-10-06 09:07:53,65.51,0.054,0,none
2026-10-06 09:07:54,65.03,0.06,0,none
2026-10-06 09:07:55,67.29,0.059,0,none
2026-10-06 09:07:56,69.35,0.067,0,none
2026-10-06 09:07:57,70.44,0.065,0,none
2026-10-06 09:07:58,67.24,0.068,0,none
2026-10-06 09:07:59,67.26,0.088,0,none
2026-10-06 09:08:00,65.91,0.055,0,none
2026-10-06 09:08:01,66.18,0.052,0,none
2026-10-06 09:08:02,67.4,0.061,0,none
2026-10-06 09:08:03,66.04,0.074,0,none
2026-10-06 09:08:04,66.61,0.093,0,none
2026-10-06 09:08:05,68.38,0.072,0,none
2026-10-06 09:08:06,66.88,0.066,0,none
2026-10-06 09:08:07,68.76,0.095,0,none
2026-10-06 09:08:08,65.83,0.067,0,none
2026-10-06 09:08:09,65.8,0.065,0,none
2026-10-06 09:08:10,67.51,0.067,0,none
2026-10-06 09:08:11,69.03,0.058,0,none
2026-10-06 09:08:12,67.55,0.076,0,none
2026-10-06 09:08:13,64.35,0.066,0,none
2026-10-06 09:08:14,64.58,0.067,0,none
2026-10-06 09:08:15,66.91,0.053,0,none
2026-10-06 09:08:16,67.85,0.081,0,none
2026-10-06 09:08:17,66.36,0.061,0,none
2026-10-06 09:08:18,65.58,0.06,0,none
2026-10-06 09:08:19,65.2,0.077,0,none
2026-10-06 09:08:20,69.06,0.065,0,none
2026-10-06 09:08:21,68.13,0.058,0,none
2026-10-06 09:08:22,67.33,0.058,0,none
2026-10-06 09:08:23,66.03,0.087,0,none
2026-10-06 09:08:24,64.67,0.072,0,none
2026-10-06 09:08:25,66.41,0.058,0,none
2026-10-06 09:08:26,68.14,0.106,0,none
2026-10-06 09:08:27,66.2,0.092,0,none
2026-10-06 09:08:28,64.97,0.089,0,none
2026-10-06 09:08:29,65.68,0.054,0,none
2026-10-06 09:08:30,68.63,0.056,0,none
2026-10-06 09:08:31,67.45,0.057,0,none
2026-10-06 09:08:32,66.67,0.052,0,none
2026-10-06 09:08:33,65.5,0.112,0,none
2026-10-06 09:08:34,64.08,0.073,0,none
2026-10-06 09:08:35,65.96,0.083,0,none
2026-10-06 09:08:36,68.59,0.103,0,none
2026-10-06 09:08:37,67.01,0.105,0,none
2026-10-06 09:08:38,65.76,0.079,0,none
2026-10-06 09:08:39,65.12,0.052,0,none
2026-10-06 09:08:40,67.4,0.054,0,none
2026-10-06 09:08:41,67.21,0.056,0,none
2026-10-06 09:08:42,69.6,0.103,0,none
2026-10-06 09:08:43,66.81,0.085,0,none
2026-10-06 09:08:44,66.34,0.091,0,none
2026-10-06 09:08:45,68.05,0.076,0,none
2026-10-06 09:08:46,66.28,0.107,0,none
2026-10-06 09:08:47,68.91,0.092,0,none
2026-10-06 09:08:48,63.39,0.056,0,none
2026-10-06 09:08:49,67.25,0.062,0,none
2026-10-06 09:08:50,65.33,0.062,0,none
2026-10-06 09:08:51,66.12,0.071,0,none
2026-10-06 09:08:52,68.17,0.096,0,none
2026-10-06 09:08:53,66.71,0.105,0,none
2026-10-06 09:08:54,66.31,0.051,0,none
2026-10-06 09:08:55,66.39,0.095,0,none
2026-10-06 09:08:56,67.61,0.091,0,none
2026-10-06 09:08:57,67.88,0.078,0,none
2026-10-06 09:08:58,65.39,0.058,0,none
2026-10-06 09:08:59,65.28,0.117,0,none
2026-10-06 09:09:00,66.08,0.078,0,none
2026-10-06 09:09:01,68.32,0.121,0,none
2026-10-06 09:09:02,66.89,0.098,0,none
2026-10-06 09:09:03,66.49,0.08,0,none
2026-10-06 09:09:04,65.85,0.089,0,none
2026-10-06 09:09:05,65.99,0.079,0,none
2026-10-06 09:09:06,66.51,0.101,0,none
2026-10-06 09:09:07,68.03,0.056,0,none
2026-10-06 09:09:08,66.22,0.053,0,none
2026-10-06 09:09:09,67.61,0.075,0,none
2026-10-06 09:09:10,67.09,0.095,0,none
2026-10-06 09:09:11,69.61,0.094,1,drift
2026-10-06 09:09:12,68.8,0.093,1,drift
2026-10-06 09:09:13,66.37,0.053,1,drift
2026-10-06 09:09:14,64.73,0.075,1,drift
2026-10-06 09:09:15,67.45,0.099,1,drift
2026-10-06 09:09:16,67.58,0.054,1,drift
2026-10-06 09:09:17,68.37,0.1,1,drift
2026-10-06 09:09:18,65.69,0.097,1,drift
2026-10-06 09:09:19,67.08,0.102,1,drift
2026-10-06 09:09:20,68.2,0.061,1,drift
2026-10-06 09:09:21,69.34,0.076,1,drift
2026-10-06 09:09:22,68.04,0.062,1,drift
2026-10-06 09:09:23,66.82,0.1,1,drift
2026-10-06 09:09:24,65.93,0.065,1,drift
2026-10-06 09:09:25,68.14,0.058,1,drift
2026-10-06 09:09:26,68.56,0.082,1,drift
2026-10-06 09:09:27,70.04,0.056,1,drift
2026-10-06 09:09:28,68.15,0.088,1,drift
2026-10-06 09:09:29,67.45,0.059,1,drift
2026-10-06 09:09:30,68.0,0.082,1,drift
2026-10-06 09:09:31,68.69,0.092,1,drift
2026-10-06 09:09:32,67.68,0.064,1,drift
2026-10-06 09:09:33,67.94,0.108,1,drift
2026-10-06 09:09:34,67.51,0.055,1,drift
2026-10-06 09:09:35,69.29,0.055,1,drift
2026-10-06 09:09:36,70.04,0.101,1,drift
2026-10-06 09:09:37,68.99,0.073,1,drift
2026-10-06 09:09:38,67.32,0.089,1,drift
2026-10-06 09:09:39,66.02,0.083,1,drift
2026-10-06 09:09:40,68.54,0.088,1,drift
2026-10-06 09:09:41,68.87,0.097,1,drift
2026-10-06 09:09:42,68.52,0.053,1,drift
2026-10-06 09:09:43,66.26,0.052,1,drift
2026-10-06 09:09:44,66.83,0.104,1,drift
2026-10-06 09:09:45,68.29,0.055,1,drift
2026-10-06 09:09:46,69.74,0.081,1,drift
2026-10-06 09:09:47,69.3,0.075,1,drift
2026-10-06 09:09:48,65.24,0.06,1,drift
2026-10-06 09:09:49,65.74,0.051,1,drift
2026-10-06 09:09:50,66.25,0.06,1,drift
2026-10-06 09:09:51,70.16,0.055,1,drift
2026-10-06 09:09:52,70.97,0.056,1,drift
2026-10-06 09:09:53,68.32,0.055,1,drift
2026-10-06 09:09:54,68.42,0.052,1,drift
2026-10-06 09:09:55,68.86,0.071,1,drift
2026-10-06 09:09:56,68.86,0.065,1,drift
2026-10-06 09:09:57,70.35,0.063,1,drift
2026-10-06 09:09:58,67.89,0.094,1,drift
2026-10-06 09:09:59,67.2,0.06,1,drift
2026-10-06 09:10:00,68.47,0.103,1,drift
2026-10-06 09:10:01,69.84,0.105,1,drift
2026-10-06 09:10:02,69.81,0.113,1,drift
2026-10-06 09:10:03,70.29,0.067,1,drift
2026-10-06 09:10:04,67.95,0.088,1,drift
2026-10-06 09:10:05,69.57,0.083,1,drift
2026-10-06 09:10:06,70.22,0.083,1,drift
2026-10-06 09:10:07,69.69,0.069,1,drift
2026-10-06 09:10:08,67.45,0.096,1,drift
2026-10-06 09:10:09,67.99,0.059,1,drift
2026-10-06 09:10:10,69.66,0.065,1,drift
2026-10-06 09:10:11,70.8,0.091,1,drift
2026-10-06 09:10:12,70.32,0.074,1,drift
2026-10-06 09:10:13,70.03,0.069,1,drift
2026-10-06 09:10:14,68.42,0.057,1,drift
2026-10-06 09:10:15,69.39,0.134,1,drift
2026-10-06 09:10:16,71.26,0.06,1,drift
2026-10-06 09:10:17,70.46,0.078,1,drift
2026-10-06 09:10:18,69.74,0.095,1,drift
2026-10-06 09:10:19,67.6,0.054,1,drift
2026-10-06 09:10:20,70.42,0.054,1,drift
2026-10-06 09:10:21,72.66,0.103,1,drift
2026-10-06 09:10:22,69.55,0.06,1,drift
2026-10-06 09:10:23,72.19,0.084,1,drift
2026-10-06 09:10:24,69.79,0.083,1,drift
2026-10-06 09:10:25,70.18,0.057,1,drift
2026-10-06 09:10:26,71.52,0.079,1,drift
2026-10-06 09:10:27,69.69,0.055,1,drift
2026-10-06 09:10:28,71.4,0.077,1,drift
2026-10-06 09:10:29,69.92,0.113,1,drift
2026-10-06 09:10:30,70.23,0.1,1,drift
2026-10-06 09:10:31,72.06,0.086,1,drift
2026-10-06 09:10:32,70.71,0.069,1,drift
2026-10-06 09:10:33,70.25,0.094,1,drift
2026-10-06 09:10:34,68.33,0.08,1,drift
2026-10-06 09:10:35,70.2,0.071,1,drift
2026-10-06 09:10:36,71.87,0.076,1,drift
2026-10-06 09:10:37,70.85,0.061,1,drift
2026-10-06 09:10:38,71.08,0.051,1,drift
2026-10-06 09:10:39,69.43,0.07,1,drift
2026-10-06 09:10:40,71.18,0.124,1,drift
2026-10-06 09:10:41,72.26,0.054,1,drift
2026-10-06 09:10:42,72.65,0.054,1,drift
2026-10-06 09:10:43,71.92,0.084,1,drift
2026-10-06 09:10:44,69.82,0.098,1,drift
2026-10-06 09:10:45,70.35,0.057,1,drift
2026-10-06 09:10:46,71.55,0.051,1,drift
2026-10-06 09:10:47,73.5,0.078,1,drift
2026-10-06 09:10:48,70.76,0.088,1,drift
2026-10-06 09:10:49,72.39,0.076,1,drift
2026-10-06 09:10:50,71.03,0.097,1,drift
2026-10-06 09:10:51,72.26,0.069,1,drift
2026-10-06 09:10:52,71.29,0.107,1,drift
2026-10-06 09:10:53,70.0,0.098,1,drift
2026-10-06 09:10:54,71.59,0.091,1,drift
2026-10-06 09:10:55,68.56,0.063,1,drift
2026-10-06 09:10:56,73.03,0.06,1,drift
2026-10-06 09:10:57,72.18,0.087,1,drift
2026-10-06 09:10:58,71.27,0.072,1,drift
2026-10-06 09:10:59,70.69,0.055,1,drift
2026-10-06 09:11:00,70.6,0.094,1,drift
2026-10-06 09:11:01,75.02,0.069,1,drift
2026-10-06 09:11:02,72.39,0.09,1,drift
2026-10-06 09:11:03,71.22,0.059,1,drift
2026-10-06 09:11:04,70.65,0.058,1,drift
2026-10-06 09:11:05,73.73,0.117,1,drift
2026-10-06 09:11:06,73.17,0.059,1,drift
2026-10-06 09:11:07,73.21,0.083,1,drift
2026-10-06 09:11:08,70.78,0.078,1,drift
2026-10-06 09:11:09,73.47,0.081,1,drift
2026-10-06 09:11:10,73.59,0.082,1,drift
2026-10-06 09:11:11,73.18,0.117,1,drift
2026-10-06 09:11:12,73.3,0.067,1,drift
2026-10-06 09:11:13,70.86,0.051,1,drift
2026-10-06 09:11:14,71.57,0.055,1,drift
2026-10-06 09:11:15,72.71,0.084,1,drift
2026-10-06 09:11:16,74.93,0.08,1,drift
2026-10-06 09:11:17,72.74,0.056,1,drift
2026-10-06 09:11:18,73.18,0.058,1,drift
2026-10-06 09:11:19,71.29,0.054,1,drift
2026-10-06 09:11:20,73.1,0.103,1,drift
2026-10-06 09:11:21,75.18,0.067,1,drift
2026-10-06 09:11:22,74.67,0.09,1,drift
2026-10-06 09:11:23,71.05,0.069,1,drift
2026-10-06 09:11:24,70.99,0.082,1,drift
2026-10-06 09:11:25,71.73,0.068,1,drift
2026-10-06 09:11:26,74.1,0.059,1,drift
2026-10-06 09:11:27,73.41,0.071,1,drift
2026-10-06 09:11:28,72.48,0.07,1,drift
2026-10-06 09:11:29,71.88,0.085,1,drift
2026-10-06 09:11:30,73.52,0.055,1,drift
2026-10-06 09:11:31,73.96,0.124,1,drift
2026-10-06 09:11:32,72.95,0.11,1,drift
2026-10-06 09:11:33,74.3,0.058,1,drift
2026-10-06 09:11:34,72.37,0.067,1,drift
2026-10-06 09:11:35,73.49,0.065,1,drift
2026-10-06 09:11:36,74.28,0.091,1,drift
2026-10-06 09:11:37,75.06,0.068,1,drift
2026-10-06 09:11:38,73.32,0.084,1,drift
2026-10-06 09:11:39,72.28,0.057,1,drift
2026-10-06 09:11:40,73.09,0.063,1,drift
2026-10-06 09:11:41,73.83,0.061,1,drift
2026-10-06 09:11:42,74.13,0.064,1,drift
2026-10-06 09:11:43,72.24,0.073,1,drift
2026-10-06 09:11:44,71.33,0.06,1,drift
2026-10-06 09:11:45,75.0,0.101,1,drift
2026-10-06 09:11:46,76.45,0.096,1,drift
2026-10-06 09:11:47,74.79,0.087,1,drift
2026-10-06 09:11:48,73.1,0.065,1,drift
2026-10-06 09:11:49,73.63,0.063,1,drift
2026-10-06 09:11:50,73.58,0.113,1,drift
2026-10-06 09:11:51,75.35,0.065,1,drift
2026-10-06 09:11:52,76.33,0.064,1,drift
2026-10-06 09:11:53,75.51,0.063,1,drift
2026-10-06 09:11:54,74.49,0.083,1,drift
2026-10-06 09:11:55,73.95,0.063,1,drift
2026-10-06 09:11:56,73.96,0.053,1,drift
2026-10-06 09:11:57,76.54,0.1,1,drift
2026-10-06 09:11:58,71.93,0.091,1,drift
2026-10-06 09:11:59,72.69,0.076,1,drift
2026-10-06 09:12:00,75.55,0.102,1,drift
2026-10-06 09:12:01,76.26,0.053,1,drift
2026-10-06 09:12:02,74.85,0.061,1,drift
2026-10-06 09:12:03,74.81,0.112,1,drift
2026-10-06 09:12:04,74.71,0.053,1,drift
2026-10-06 09:12:05,75.28,0.051,1,drift
2026-10-06 09:12:06,74.69,0.05,1,drift
2026-10-06 09:12:07,75.03,0.08,1,drift
2026-10-06 09:12:08,75.13,0.087,1,drift
2026-10-06 09:12:09,72.53,0.052,1,drift
2026-10-06 09:12:10,75.32,0.074,1,drift
2026-10-06 09:12:11,73.88,0.089,1,drift
2026-10-06 09:12:12,77.03,0.078,1,drift
2026-10-06 09:12:13,72.75,0.057,1,drift
2026-10-06 09:12:14,73.4,0.096,1,drift
2026-10-06 09:12:15,75.23,0.097,1,drift
2026-10-06 09:12:16,74.19,0.054,1,drift
2026-10-06 09:12:17,77.05,0.061,1,drift
2026-10-06 09:12:18,76.25,0.094,1,drift
2026-10-06 09:12:19,76.48,0.077,1,drift
2026-10-06 09:12:20,76.01,0.057,1,drift
2026-10-06 09:12:21,76.22,0.08,1,drift
2026-10-06 09:12:22,75.82,0.085,1,drift
2026-10-06 09:12:23,75.29,0.088,1,drift
2026-10-06 09:12:24,74.43,0.055,1,drift
2026-10-06 09:12:25,76.38,0.077,1,drift
2026-10-06 09:12:26,75.7,0.118,1,drift
2026-10-06 09:12:27,75.98,0.056,1,drift
2026-10-06 09:12:28,77.53,0.052,1,drift
2026-10-06 09:12:29,75.79,0.062,1,drift
2026-10-06 09:12:30,76.14,0.076,1,drift
2026-10-06 09:12:31,77.5,0.088,1,drift
2026-10-06 09:12:32,77.45,0.067,1,drift
2026-10-06 09:12:33,74.09,0.089,1,drift
2026-10-06 09:12:34,75.23,0.058,1,drift
2026-10-06 09:12:35,77.38,0.087,1,drift
2026-10-06 09:12:36,77.35,0.064,1,drift
2026-10-06 09:12:37,76.5,0.091,1,drift
2026-10-06 09:12:38,75.0,0.09,1,drift
2026-10-06 09:12:39,76.31,0.051,1,drift
2026-10-06 09:12:40,74.95,0.065,1,drift
2026-10-06 09:12:41,78.09,0.096,1,drift
2026-10-06 09:12:42,75.59,0.056,1,drift
2026-10-06 09:12:43,75.74,0.077,1,drift
2026-10-06 09:12:44,74.97,0.075,1,drift
2026-10-06 09:12:45,77.27,0.069,1,drift
2026-10-06 09:12:46,77.65,0.09,1,drift
2026-10-06 09:12:47,76.97,0.064,1,drift
2026-10-06 09:12:48,75.57,0.058,1,drift
2026-10-06 09:12:49,75.3,0.081,1,drift
2026-10-06 09:12:50,75.06,0.084,1,drift
2026-10-06 09:12:51,78.88,0.113,1,drift
2026-10-06 09:12:52,76.94,0.068,1,drift
2026-10-06 09:12:53,74.74,0.1,1,drift
2026-10-06 09:12:54,75.05,0.093,1,drift
2026-10-06 09:12:55,75.78,0.07,1,drift
2026-10-06 09:12:56,78.33,0.063,1,drift
2026-10-06 09:12:57,76.8,0.112,1,drift
2026-10-06 09:12:58,78.07,0.062,1,drift
2026-10-06 09:12:59,76.05,0.096,1,drift
2026-10-06 09:13:00,77.78,0.103,1,drift
2026-10-06 09:13:01,81.05,0.068,1,drift
2026-10-06 09:13:02,78.26,0.053,1,drift
2026-10-06 09:13:03,77.75,0.066,1,drift
2026-10-06 09:13:04,75.3,0.053,1,drift
2026-10-06 09:13:05,78.78,0.096,1,drift
2026-10-06 09:13:06,78.96,0.07,1,drift
2026-10-06 09:13:07,76.84,0.082,1,drift
2026-10-06 09:13:08,76.33,0.114,1,drift
2026-10-06 09:13:09,78.59,0.056,1,drift
2026-10-06 09:13:10,75.95,0.078,1,drift
2026-10-06 09:13:11,78.71,0.088,1,drift
2026-10-06 09:13:12,78.12,0.068,1,drift
2026-10-06 09:13:13,76.54,0.103,1,drift
2026-10-06 09:13:14,76.94,0.07,1,drift
2026-10-06 09:13:15,78.75,0.059,1,drift
2026-10-06 09:13:16,79.5,0.05,1,drift
2026-10-06 09:13:17,77.74,0.078,1,drift
2026-10-06 09:13:18,80.8,0.078,1,drift
2026-10-06 09:13:19,77.53,0.051,1,drift
2026-10-06 09:13:20,76.53,0.052,1,drift
2026-10-06 09:13:21,78.92,0.114,1,drift
2026-10-06 09:13:22,78.54,0.057,1,drift
2026-10-06 09:13:23,78.28,0.1,1,drift
2026-10-06 09:13:24,77.82,0.054,1,drift
2026-10-06 09:13:25,77.4,0.061,1,drift
2026-10-06 09:13:26,80.3,0.067,1,drift
2026-10-06 09:13:27,79.03,0.115,1,drift
2026-10-06 09:13:28,77.51,0.058,1,drift
2026-10-06 09:13:29,77.76,0.063,1,drift
2026-10-06 09:13:30,78.06,0.08,1,drift
2026-10-06 09:13:31,81.01,0.087,1,drift
2026-10-06 09:13:32,78.45,0.051,1,drift
2026-10-06 09:13:33,78.76,0.071,1,drift
2026-10-06 09:13:34,77.17,0.054,1,drift
2026-10-06 09:13:35,78.71,0.069,1,drift
2026-10-06 09:13:36,80.39,0.06,1,drift
2026-10-06 09:13:37,80.03,0.079,1,drift
2026-10-06 09:13:38,76.17,0.051,1,drift
2026-10-06 09:13:39,76.96,0.055,1,drift
2026-10-06 09:13:40,79.77,0.053,1,drift
2026-10-06 09:13:41,83.16,0.064,1,drift
2026-10-06 09:13:42,78.76,0.089,1,drift
2026-10-06 09:13:43,77.25,0.06,1,drift
2026-10-06 09:13:44,78.02,0.051,1,drift
2026-10-06 09:13:45,80.41,0.076,1,drift
2026-10-06 09:13:46,80.27,0.069,1,drift
2026-10-06 09:13:47,79.42,0.068,1,drift
2026-10-06 09:13:48,78.85,0.083,1,drift
2026-10-06 09:13:49,80.23,0.064,1,drift
2026-10-06 09:13:50,78.75,0.059,1,drift
2026-10-06 09:13:51,79.58,0.077,1,drift
2026-10-06 09:13:52,79.32,0.075,1,drift
2026-10-06 09:13:53,78.22,0.058,1,drift
2026-10-06 09:13:54,80.02,0.068,1,drift
2026-10-06 09:13:55,81.72,0.058,1,drift
2026-10-06 09:13:56,81.08,0.062,1,drift
2026-10-06 09:13:57,79.85,0.071,1,drift
2026-10-06 09:13:58,79.32,0.064,1,drift
2026-10-06 09:13:59,79.88,0.105,1,drift
2026-10-06 09:14:00,79.08,0.079,1,drift
2026-10-06 09:14:01,79.49,0.092,1,drift
2026-10-06 09:14:02,80.9,0.062,1,drift
2026-10-06 09:14:03,80.47,0.051,1,drift
2026-10-06 09:14:04,79.06,0.064,1,drift
2026-10-06 09:14:05,80.5,0.064,1,drift
2026-10-06 09:14:06,81.76,0.092,1,drift
2026-10-06 09:14:07,81.42,0.069,1,drift
2026-10-06 09:14:08,77.91,0.082,1,drift
2026-10-06 09:14:09,80.61,0.077,1,drift
2026-10-06 09:14:10,80.29,0.063,1,drift
2026-10-06 09:14:11,67.15,0.068,0,none
2026-10-06 09:14:12,67.87,0.07,0,none
2026-10-06 09:14:13,65.67,0.09,0,none
2026-10-06 09:14:14,64.24,0.08,0,none
2026-10-06 09:14:15,66.64,0.069,0,none
2026-10-06 09:14:16,67.76,0.055,0,none
2026-10-06 09:14:17,66.58,0.07,0,none
2026-10-06 09:14:18,65.85,0.051,0,none
2026-10-06 09:14:19,64.94,0.081,0,none
2026-10-06 09:14:20,66.19,0.101,0,none
2026-10-06 09:14:21,64.12,0.063,0,none
2026-10-06 09:14:22,66.39,0.062,0,none
2026-10-06 09:14:23,67.2,0.084,0,none
2026-10-06 09:14:24,63.68,0.053,0,none
2026-10-06 09:14:25,65.81,0.096,0,none
2026-10-06 09:14:26,66.66,0.067,0,none
2026-10-06 09:14:27,66.99,0.054,0,none
2026-10-06 09:14:28,64.58,0.067,0,none
2026-10-06 09:14:29,62.93,0.055,0,none
2026-10-06 09:14:30,67.14,0.07,0,none
2026-10-06 09:14:31,66.29,0.053,0,none
2026-10-06 09:14:32,66.15,0.076,0,none
2026-10-06 09:14:33,64.29,0.087,0,none
2026-10-06 09:14:34,64.85,0.063,0,none
2026-10-06 09:14:35,66.46,0.094,0,none
2026-10-06 09:14:36,66.75,0.063,0,none
2026-10-06 09:14:37,67.7,0.058,0,none
2026-10-06 09:14:38,64.26,0.073,0,none
2026-10-06 09:14:39,64.78,0.087,0,none
2026-10-06 09:14:40,64.17,0.069,0,none
2026-10-06 09:14:41,65.83,0.057,0,none
2026-10-06 09:14:42,66.3,0.095,0,none
2026-10-06 09:14:43,66.43,0.084,0,none
2026-10-06 09:14:44,65.96,0.056,0,none
2026-10-06 09:14:45,65.66,0.099,0,none
2026-10-06 09:14:46,65.78,0.054,0,none
2026-10-06 09:14:47,66.97,0.072,0,none
2026-10-06 09:14:48,63.07,0.064,0,none
2026-10-06 09:14:49,63.99,0.065,0,none
2026-10-06 09:14:50,64.43,0.051,0,none
2026-10-06 09:14:51,68.04,0.071,0,none
2026-10-06 09:14:52,66.79,0.054,0,none
2026-10-06 09:14:53,64.31,0.084,0,none
2026-10-06 09:14:54,65.17,0.056,0,none
2026-10-06 09:14:55,66.85,0.086,0,none
2026-10-06 09:14:56,66.79,0.089,0,none
2026-10-06 09:14:57,65.56,0.079,0,none
2026-10-06 09:14:58,63.92,0.087,0,none
2026-10-06 09:14:59,64.07,0.085,0,none
2026-10-06 09:15:00,66.67,0.06,0,none
2026-10-06 09:15:01,65.84,0.084,0,none
2026-10-06 09:15:02,66.18,0.056,0,none
2026-10-06 09:15:03,66.16,0.069,0,none
2026-10-06 09:15:04,64.86,0.053,0,none
2026-10-06 09:15:05,64.83,0.051,0,none
2026-10-06 09:15:06,66.55,0.051,0,none
2026-10-06 09:15:07,67.78,0.115,0,none
2026-10-06 09:15:08,63.84,0.063,0,none
2026-10-06 09:15:09,65.71,0.07,0,none
2026-10-06 09:15:10,65.76,0.085,0,none
2026-10-06 09:15:11,66.53,0.069,0,none
2026-10-06 09:15:12,64.59,0.068,0,none
2026-10-06 09:15:13,67.27,0.055,0,none
2026-10-06 09:15:14,64.63,0.059,0,none
2026-10-06 09:15:15,64.84,0.058,0,none
2026-10-06 09:15:16,64.67,0.064,0,none
2026-10-06 09:15:17,66.53,0.075,0,none
2026-10-06 09:15:18,64.04,0.071,0,none
2026-10-06 09:15:19,62.31,0.101,0,none
2026-10-06 09:15:20,65.49,0.084,0,none
2026-10-06 09:15:21,66.56,0.067,0,none
2026-10-06 09:15:22,65.54,0.06,0,none
2026-10-06 09:15:23,64.83,0.061,0,none
2026-10-06 09:15:24,64.99,0.062,0,none
2026-10-06 09:15:25,63.66,0.063,0,none
2026-10-06 09:15:26,67.34,0.064,0,none
2026-10-06 09:15:27,65.84,0.058,0,none
2026-10-06 09:15:28,64.68,0.053,0,none
2026-10-06 09:15:29,64.55,0.065,0,none
2026-10-06 09:15:30,65.98,0.079,0,none
2026-10-06 09:15:31,66.73,0.094,0,none
2026-10-06 09:15:32,64.85,0.09,0,none
2026-10-06 09:15:33,66.02,0.094,0,none
2026-10-06 09:15:34,62.9,0.085,0,none
2026-10-06 09:15:35,64.51,0.051,0,none
2026-10-06 09:15:36,68.61,0.054,0,none
2026-10-06 09:15:37,65.61,0.066,0,none
2026-10-06 09:15:38,66.41,0.054,0,none
2026-10-06 09:15:39,65.44,0.076,0,none
2026-10-06 09:15:40,64.86,0.052,0,none
2026-10-06 09:15:41,64.85,0.122,0,none
2026-10-06 09:15:42,66.6,0.06,0,none
2026-10-06 09:15:43,64.23,0.08,0,none
2026-10-06 09:15:44,63.59,0.075,0,none
2026-10-06 09:15:45,66.41,0.05,0,none
2026-10-06 09:15:46,66.5,0.113,0,none
2026-10-06 09:15:47,66.01,0.073,0,none
2026-10-06 09:15:48,64.3,0.104,0,none
2026-10-06 09:15:49,65.16,0.082,0,none
2026-10-06 09:15:50,65.67,0.067,0,none
2026-10-06 09:15:51,66.15,0.078,0,none
2026-10-06 09:15:52,66.03,0.069,0,none
2026-10-06 09:15:53,64.42,0.095,0,none
2026-10-06 09:15:54,64.7,0.056,0,none
2026-10-06 09:15:55,64.2,0.108,0,none
2026-10-06 09:15:56,65.9,0.067,0,none
2026-10-06 09:15:57,66.26,0.078,0,none
2026-10-06 09:15:58,62.88,0.058,0,none
2026-10-06 09:15:59,61.88,0.081,0,none
2026-10-06 09:16:00,63.47,0.081,0,none
2026-10-06 09:16:01,66.02,0.068,0,none
2026-10-06 09:16:02,66.27,0.088,0,none
2026-10-06 09:16:03,64.31,0.067,0,none
2026-10-06 09:16:04,64.76,0.057,0,none
2026-10-06 09:16:05,65.76,0.066,0,none
2026-10-06 09:16:06,63.89,0.097,0,none
2026-10-06 09:16:07,66.38,0.069,0,none
2026-10-06 09:16:08,64.35,0.052,0,none
2026-10-06 09:16:09,65.76,0.075,0,none
2026-10-06 09:16:10,63.79,0.061,0,none
2026-10-06 09:16:11,66.16,0.064,0,none
2026-10-06 09:16:12,66.59,0.069,0,none
2026-10-06 09:16:13,64.6,0.073,0,none
2026-10-06 09:16:14,64.3,0.067,0,none
2026-10-06 09:16:15,64.06,0.05,0,none
2026-10-06 09:16:16,65.66,0.056,0,none
2026-10-06 09:16:17,64.89,0.088,0,none
2026-10-06 09:16:18,64.18,0.064,0,none
2026-10-06 09:16:19,63.45,0.101,0,none
2026-10-06 09:16:20,64.47,0.073,0,none
2026-10-06 09:16:21,67.37,0.07,0,none
2026-10-06 09:16:22,66.4,0.068,0,none
2026-10-06 09:16:23,65.65,0.083,0,none
2026-10-06 09:16:24,64.78,0.053,0,none
2026-10-06 09:16:25,63.36,0.119,0,none
2026-10-06 09:16:26,66.17,0.053,0,none
2026-10-06 09:16:27,67.04,0.056,0,none
2026-10-06 09:16:28,65.36,0.109,0,none
2026-10-06 09:16:29,62.96,0.078,0,none
2026-10-06 09:16:30,66.82,0.104,0,none
2026-10-06 09:16:31,66.82,0.095,0,none
2026-10-06 09:16:32,66.41,0.096,0,none
2026-10-06 09:16:33,65.52,0.068,0,none
2026-10-06 09:16:34,62.61,0.086,0,none
2026-10-06 09:16:35,66.0,0.089,0,none
2026-10-06 09:16:36,65.18,0.061,0,none
2026-10-06 09:16:37,65.67,0.104,0,none
2026-10-06 09:16:38,65.83,0.083,0,none
2026-10-06 09:16:39,64.37,0.063,0,none
2026-10-06 09:16:40,65.65,0.054,0,none
2026-10-06 09:16:41,66.19,0.07,0,none
2026-10-06 09:16:42,66.11,0.057,0,none
2026-10-06 09:16:43,66.02,0.059,0,none
2026-10-06 09:16:44,62.97,0.05,0,none
2026-10-06 09:16:45,66.97,0.058,0,none
2026-10-06 09:16:46,66.38,0.069,0,none
2026-10-06 09:16:47,66.34,0.053,0,none
2026-10-06 09:16:48,65.51,0.06,0,none
2026-10-06 09:16:49,63.98,0.052,0,none
2026-10-06 09:16:50,66.12,0.097,0,none
2026-10-06 09:16:51,65.71,0.082,0,none
2026-10-06 09:16:52,65.47,0.064,0,none
2026-10-06 09:16:53,63.58,0.055,0,none
2026-10-06 09:16:54,64.95,0.075,0,none
2026-10-06 09:16:55,66.01,0.081,0,none
2026-10-06 09:16:56,66.87,0.135,0,none
2026-10-06 09:16:57,65.58,0.079,0,none
2026-10-06 09:16:58,65.05,0.07,0,none
2026-10-06 09:16:59,62.81,0.088,0,none
2026-10-06 09:17:00,64.6,0.066,0,none
2026-10-06 09:17:01,66.48,0.076,0,none
2026-10-06 09:17:02,66.35,0.085,0,none
2026-10-06 09:17:03,64.18,0.065,0,none
2026-10-06 09:17:04,63.36,0.062,0,none
2026-10-06 09:17:05,64.56,0.086,0,none
2026-10-06 09:17:06,65.74,0.053,0,none
2026-10-06 09:17:07,65.31,0.067,0,none
2026-10-06 09:17:08,64.89,0.06,0,none
2026-10-06 09:17:09,61.37,0.092,0,none
2026-10-06 09:17:10,64.64,0.079,0,none
2026-10-06 09:17:11,66.51,0.056,0,none
2026-10-06 09:17:12,65.12,0.127,0,none
2026-10-06 09:17:13,62.84,0.059,0,none
2026-10-06 09:17:14,65.24,0.103,0,none
2026-10-06 09:17:15,65.4,0.053,0,none
2026-10-06 09:17:16,67.05,0.053,0,none
2026-10-06 09:17:17,65.39,0.062,0,none
2026-10-06 09:17:18,63.39,0.075,0,none
2026-10-06 09:17:19,64.14,0.065,0,none
2026-10-06 09:17:20,65.02,0.093,0,none
2026-10-06 09:17:21,65.78,0.073,0,none
2026-10-06 09:17:22,67.59,0.067,0,none
2026-10-06 09:17:23,65.43,0.089,0,none
2026-10-06 09:17:24,63.26,0.07,0,none
2026-10-06 09:17:25,64.57,0.064,0,none
2026-10-06 09:17:26,65.82,0.054,0,none
2026-10-06 09:17:27,67.03,0.077,0,none
2026-10-06 09:17:28,63.87,0.082,0,none
2026-10-06 09:17:29,63.72,0.067,0,none
2026-10-06 09:17:30,65.13,0.088,0,none
2026-10-06 09:17:31,66.96,0.05,0,none
2026-10-06 09:17:32,66.73,0.087,0,none
2026-10-06 09:17:33,63.59,0.057,0,none
2026-10-06 09:17:34,64.73,0.075,0,none
2026-10-06 09:17:35,64.62,0.092,0,none
2026-10-06 09:17:36,64.99,0.069,0,none
2026-10-06 09:17:37,64.48,0.067,0,none
2026-10-06 09:17:38,64.05,0.066,0,none
2026-10-06 09:17:39,64.56,0.056,0,none
2026-10-06 09:17:40,65.47,0.085,0,none
2026-10-06 09:17:41,65.07,0.07,0,none
2026-10-06 09:17:42,63.66,0.068,0,none
2026-10-06 09:17:43,65.83,0.093,0,none
2026-10-06 09:17:44,62.83,0.077,0,none
2026-10-06 09:17:45,63.16,0.069,0,none
2026-10-06 09:17:46,64.19,0.068,0,none
2026-10-06 09:17:47,66.23,0.05,0,none
2026-10-06 09:17:48,63.08,0.066,0,none
2026-10-06 09:17:49,64.05,0.06,0,none
2026-10-06 09:17:50,65.23,0.098,0,none
2026-10-06 09:17:51,67.85,0.069,0,none
2026-10-06 09:17:52,65.63,0.097,0,none
2026-10-06 09:17:53,64.7,0.052,0,none
2026-10-06 09:17:54,66.47,0.069,0,none
2026-10-06 09:17:55,63.53,0.089,0,none
2026-10-06 09:17:56,66.59,0.132,0,none
2026-10-06 09:17:57,64.71,0.059,0,none
2026-10-06 09:17:58,64.11,0.078,0,none
2026-10-06 09:17:59,61.91,0.06,0,none
2026-10-06 09:18:00,65.43,0.064,0,none
2026-10-06 09:18:01,65.01,0.091,0,none
2026-10-06 09:18:02,65.23,0.069,0,none
2026-10-06 09:18:03,65.07,0.054,0,none
2026-10-06 09:18:04,63.8,0.053,0,none
2026-10-06 09:18:05,64.96,0.099,0,none
2026-10-06 09:18:06,66.22,0.094,0,none
2026-10-06 09:18:07,67.37,0.087,0,none
2026-10-06 09:18:08,64.92,0.075,0,none
2026-10-06 09:18:09,64.23,0.092,0,none
2026-10-06 09:18:10,65.04,0.095,0,none
2026-10-06 09:18:11,65.02,1.179,0,none
2026-10-06 09:18:12,65.59,0.927,0,none
2026-10-06 09:18:13,67.82,1.1,0,none
2026-10-06 09:18:14,68.8,1.084,0,none
2026-10-06 09:18:15,70.65,0.9,0,none
2026-10-06 09:18:16,73.93,0.857,0,none
2026-10-06 09:18:17,75.52,1.168,0,none
2026-10-06 09:18:18,74.37,1.032,0,none
2026-10-06 09:18:19,75.81,0.993,0,none
2026-10-06 09:18:20,77.13,0.843,0,none
2026-10-06 09:18:21,81.37,1.126,0,none
2026-10-06 09:18:22,81.65,0.881,0,none
2026-10-06 09:18:23,80.56,1.014,0,none
2026-10-06 09:18:24,83.42,1.052,0,none
2026-10-06 09:18:25,87.33,0.975,0,none
2026-10-06 09:18:26,87.11,0.926,0,none
2026-10-06 09:18:27,88.95,0.956,0,none
2026-10-06 09:18:28,89.76,0.982,0,none
2026-10-06 09:18:29,90.73,0.993,0,none
2026-10-06 09:18:30,92.5,0.944,0,none
2026-10-06 09:18:31,97.54,0.937,0,none
2026-10-06 09:18:32,95.2,0.942,0,none
2026-10-06 09:18:33,93.49,0.998,0,none
2026-10-06 09:18:34,91.63,0.766,0,none
2026-10-06 09:18:35,91.34,1.092,0,none
2026-10-06 09:18:36,96.59,0.915,0,none
2026-10-06 09:18:37,93.8,1.056,0,none
2026-10-06 09:18:38,92.88,0.841,0,none
2026-10-06 09:18:39,92.35,1.0,0,none
2026-10-06 09:18:40,94.07,1.072,0,none
2026-10-06 09:18:41,93.62,0.913,0,none
2026-10-06 09:18:42,95.75,0.978,0,none
2026-10-06 09:18:43,93.85,1.062,0,none
2026-10-06 09:18:44,92.84,1.177,0,none
2026-10-06 09:18:45,94.3,0.912,0,none
2026-10-06 09:18:46,96.42,0.938,0,none
2026-10-06 09:18:47,96.03,0.979,0,none
2026-10-06 09:18:48,91.85,0.975,0,none
2026-10-06 09:18:49,92.28,0.968,0,none
2026-10-06 09:18:50,94.5,1.092,0,none
2026-10-06 09:18:51,94.49,0.948,0,none
2026-10-06 09:18:52,94.1,0.994,0,none
2026-10-06 09:18:53,92.3,1.059,0,none
2026-10-06 09:18:54,93.23,1.098,0,none
2026-10-06 09:18:55,93.91,0.967,0,none
2026-10-06 09:18:56,94.46,0.863,0,none
2026-10-06 09:18:57,94.3,1.016,0,none
2026-10-06 09:18:58,94.16,1.021,0,none
2026-10-06 09:18:59,92.61,1.025,0,none
2026-10-06 09:19:00,93.39,0.91,0,none
2026-10-06 09:19:01,93.37,1.011,0,none
2026-10-06 09:19:02,94.2,0.905,0,none
2026-10-06 09:19:03,93.3,0.944,0,none
2026-10-06 09:19:04,93.58,0.888,0,none
2026-10-06 09:19:05,95.33,0.987,0,none
2026-10-06 09:19:06,93.76,1.017,0,none
2026-10-06 09:19:07,95.11,0.961,0,none
2026-10-06 09:19:08,92.35,1.125,0,none
2026-10-06 09:19:09,93.27,1.014,0,none
2026-10-06 09:19:10,94.24,0.971,0,none
2026-10-06 09:19:11,96.27,0.877,0,none
2026-10-06 09:19:12,95.86,1.012,0,none
2026-10-06 09:19:13,92.11,0.979,0,none
2026-10-06 09:19:14,91.33,0.834,0,none
2026-10-06 09:19:15,94.41,0.932,0,none
2026-10-06 09:19:16,95.14,0.98,0,none
2026-10-06 09:19:17,95.39,0.846,0,none
2026-10-06 09:19:18,93.14,1.155,0,none
2026-10-06 09:19:19,93.54,0.887,0,none
2026-10-06 09:19:20,94.01,1.108,0,none
2026-10-06 09:19:21,94.17,0.979,0,none
2026-10-06 09:19:22,94.74,1.04,0,none
2026-10-06 09:19:23,93.55,0.934,0,none
2026-10-06 09:19:24,92.05,1.025,0,none
2026-10-06 09:19:25,93.45,0.982,0,none
2026-10-06 09:19:26,95.46,1.028,0,none
2026-10-06 09:19:27,94.43,0.938,0,none
2026-10-06 09:19:28,94.33,1.067,0,none
2026-10-06 09:19:29,92.3,1.066,0,none
2026-10-06 09:19:30,92.86,1.137,0,none
2026-10-06 09:19:31,95.56,1.143,0,none
2026-10-06 09:19:32,95.48,1.052,0,none
2026-10-06 09:19:33,92.86,0.962,0,none
2026-10-06 09:19:34,93.26,0.859,0,none
2026-10-06 09:19:35,94.7,1.036,0,none
2026-10-06 09:19:36,95.83,1.111,0,none
2026-10-06 09:19:37,95.35,1.044,0,none
2026-10-06 09:19:38,93.09,1.05,0,none
2026-10-06 09:19:39,94.92,1.165,0,none
2026-10-06 09:19:40,94.77,0.881,0,none
2026-10-06 09:19:41,95.35,0.847,0,none
2026-10-06 09:19:42,98.06,1.04,0,none
2026-10-06 09:19:43,93.83,0.771,0,none
2026-10-06 09:19:44,90.77,1.084,0,none
2026-10-06 09:19:45,94.85,1.139,0,none
2026-10-06 09:19:46,95.12,1.114,0,none
2026-10-06 09:19:47,92.87,1.033,0,none
2026-10-06 09:19:48,93.84,1.072,0,none
2026-10-06 09:19:49,92.22,0.997,0,none
2026-10-06 09:19:50,93.21,0.926,0,none
2026-10-06 09:19:51,96.24,0.956,0,none
2026-10-06 09:19:52,94.81,0.952,0,none
2026-10-06 09:19:53,91.76,0.982,0,none
2026-10-06 09:19:54,92.17,1.263,0,none
2026-10-06 09:19:55,94.48,0.986,0,none
2026-10-06 09:19:56,94.54,1.054,0,none
2026-10-06 09:19:57,95.12,1.021,0,none
2026-10-06 09:19:58,93.66,0.964,0,none
2026-10-06 09:19:59,92.9,1.004,0,none
2026-10-06 09:20:00,94.74,1.099,0,none
2026-10-06 09:20:01,94.9,1.013,0,none
2026-10-06 09:20:02,94.34,1.036,0,none
2026-10-06 09:20:03,93.1,0.878,0,none
2026-10-06 09:20:04,93.35,1.035,0,none
2026-10-06 09:20:05,92.81,0.785,0,none
2026-10-06 09:20:06,94.51,0.899,0,none
2026-10-06 09:20:07,93.19,1.286,0,none
2026-10-06 09:20:08,93.92,1.029,0,none
2026-10-06 09:20:09,92.3,0.937,0,none
2026-10-06 09:20:10,95.58,0.872,0,none
2026-10-06 09:20:11,94.82,1.027,0,none
2026-10-06 09:20:12,94.27,1.059,0,none
2026-10-06 09:20:13,94.64,0.877,0,none
2026-10-06 09:20:14,92.87,0.978,0,none
2026-10-06 09:20:15,95.38,0.94,0,none
2026-10-06 09:20:16,95.67,1.026,0,none
2026-10-06 09:20:17,93.34,1.142,0,none
2026-10-06 09:20:18,90.87,1.072,0,none
2026-10-06 09:20:19,92.19,0.799,0,none
2026-10-06 09:20:20,94.61,0.974,0,none
2026-10-06 09:20:21,95.68,0.867,0,none
2026-10-06 09:20:22,95.05,0.885,0,none
2026-10-06 09:20:23,95.27,0.861,0,none
2026-10-06 09:20:24,92.6,1.005,0,none
2026-10-06 09:20:25,95.42,0.985,0,none
2026-10-06 09:20:26,96.66,0.939,0,none
2026-10-06 09:20:27,94.34,0.997,0,none
2026-10-06 09:20:28,92.76,0.85,0,none
2026-10-06 09:20:29,91.96,1.166,0,none
2026-10-06 09:20:30,93.79,1.06,0,none
2026-10-06 09:20:31,95.23,0.869,0,none
2026-10-06 09:20:32,95.46,1.093,0,none
2026-10-06 09:20:33,93.38,1.04,0,none
2026-10-06 09:20:34,93.16,0.9,0,none
2026-10-06 09:20:35,95.69,1.024,0,none
2026-10-06 09:20:36,93.74,1.097,0,none
2026-10-06 09:20:37,93.15,0.891,0,none
2026-10-06 09:20:38,92.6,1.158,0,none
2026-10-06 09:20:39,92.14,1.227,0,none
2026-10-06 09:20:40,93.96,1.161,0,none
2026-10-06 09:20:41,94.78,1.211,0,none
2026-10-06 09:20:42,95.32,1.072,0,none
2026-10-06 09:20:43,93.09,1.015,0,none
2026-10-06 09:20:44,92.35,0.939,0,none
2026-10-06 09:20:45,92.77,0.772,0,none
2026-10-06 09:20:46,95.57,1.031,0,none
2026-10-06 09:20:47,94.84,0.759,0,none
2026-10-06 09:20:48,91.91,1.094,0,none
2026-10-06 09:20:49,91.75,1.075,0,none
2026-10-06 09:20:50,95.82,1.154,0,none
2026-10-06 09:20:51,94.3,1.073,0,none
2026-10-06 09:20:52,96.0,1.012,0,none
2026-10-06 09:20:53,93.81,0.896,0,none
2026-10-06 09:20:54,94.77,1.137,0,none
2026-10-06 09:20:55,93.36,0.971,0,none
2026-10-06 09:20:56,96.27,1.068,0,none
2026-10-06 09:20:57,95.0,0.908,0,none
2026-10-06 09:20:58,94.02,1.102,0,none
2026-10-06 09:20:59,93.57,1.008,0,none
2026-10-06 09:21:00,94.23,1.11,0,none
2026-10-06 09:21:01,96.08,0.944,0,none
2026-10-06 09:21:02,94.29,0.856,0,none
2026-10-06 09:21:03,93.0,1.024,0,none
2026-10-06 09:21:04,94.1,0.815,0,none
2026-10-06 09:21:05,96.8,0.982,0,none
2026-10-06 09:21:06,96.43,1.034,0,none
2026-10-06 09:21:07,92.88,1.067,0,none
2026-10-06 09:21:08,94.75,1.019,0,none
2026-10-06 09:21:09,92.23,0.921,0,none
2026-10-06 09:21:10,93.02,1.157,0,none
2026-10-06 09:21:11,95.58,1.245,0,none
2026-10-06 09:21:12,93.87,0.985,0,none
2026-10-06 09:21:13,92.87,0.891,0,none
2026-10-06 09:21:14,92.63,0.961,0,none
2026-10-06 09:21:15,93.45,0.924,0,none
2026-10-06 09:21:16,95.65,1.077,0,none
2026-10-06 09:21:17,93.65,1.065,0,none
2026-10-06 09:21:18,93.72,0.978,0,none
2026-10-06 09:21:19,93.1,0.929,0,none
2026-10-06 09:21:20,94.73,0.987,0,none
2026-10-06 09:21:21,94.71,1.062,0,none
2026-10-06 09:21:22,94.96,0.976,0,none
2026-10-06 09:21:23,93.95,1.056,0,none
2026-10-06 09:21:24,91.88,0.902,0,none
2026-10-06 09:21:25,93.53,0.93,0,none
2026-10-06 09:21:26,95.85,0.836,0,none
2026-10-06 09:21:27,96.0,0.887,0,none
2026-10-06 09:21:28,95.82,1.011,0,none
2026-10-06 09:21:29,92.75,0.884,0,none
2026-10-06 09:21:30,93.77,0.941,0,none
2026-10-06 09:21:31,97.09,1.112,0,none
2026-10-06 09:21:32,95.63,1.031,0,none
2026-10-06 09:21:33,92.28,1.182,0,none
2026-10-06 09:21:34,94.15,0.875,0,none
2026-10-06 09:21:35,94.52,0.934,0,none
2026-10-06 09:21:36,93.32,1.074,0,none
2026-10-06 09:21:37,95.45,1.045,0,none
2026-10-06 09:21:38,93.72,0.984,0,none
2026-10-06 09:21:39,93.17,0.968,0,none
2026-10-06 09:21:40,94.97,0.939,0,none
2026-10-06 09:21:41,94.31,1.071,0,none
2026-10-06 09:21:42,94.24,0.861,0,none
2026-10-06 09:21:43,95.22,1.122,0,none
2026-10-06 09:21:44,92.13,0.918,0,none
2026-10-06 09:21:45,93.41,1.018,0,none
2026-10-06 09:21:46,94.93,1.077,0,none
2026-10-06 09:21:47,94.78,0.97,0,none
2026-10-06 09:21:48,93.44,0.967,0,none
2026-10-06 09:21:49,92.82,0.927,0,none
2026-10-06 09:21:50,93.69,0.998,0,none
2026-10-06 09:21:51,95.66,0.749,0,none
2026-10-06 09:21:52,95.27,1.008,0,none
2026-10-06 09:21:53,92.21,0.965,0,none
2026-10-06 09:21:54,92.67,1.196,0,none
2026-10-06 09:21:55,94.49,0.94,0,none
2026-10-06 09:21:56,95.78,1.196,0,none
2026-10-06 09:21:57,96.05,0.909,0,none
2026-10-06 09:21:58,93.74,0.924,0,none
2026-10-06 09:21:59,93.11,1.081,0,none
2026-10-06 09:22:00,94.65,1.021,0,none
2026-10-06 09:22:01,95.25,0.965,0,none
2026-10-06 09:22:02,95.29,0.977,0,none
2026-10-06 09:22:03,93.53,1.114,0,none
2026-10-06 09:22:04,92.73,0.915,0,none
2026-10-06 09:22:05,93.33,0.865,0,none
2026-10-06 09:22:06,95.27,1.044,0,none
2026-10-06 09:22:07,94.1,1.081,0,none
2026-10-06 09:22:08,92.47,0.855,0,none
2026-10-06 09:22:09,92.53,1.063,0,none
2026-10-06 09:22:10,94.0,0.976,0,none
2026-10-06 09:22:11,95.27,0.998,0,none
2026-10-06 09:22:12,94.85,0.75,0,none
2026-10-06 09:22:13,92.92,0.859,0,none
2026-10-06 09:22:14,94.04,1.028,0,none
2026-10-06 09:22:15,93.77,1.044,0,none
2026-10-06 09:22:16,95.68,1.067,0,none
2026-10-06 09:22:17,94.4,1.015,0,none
2026-10-06 09:22:18,93.06,1.012,0,none
2026-10-06 09:22:19,93.74,1.078,0,none
2026-10-06 09:22:20,95.15,0.894,0,none
2026-10-06 09:22:21,95.24,0.865,0,none
2026-10-06 09:22:22,96.26,1.166,0,none
2026-10-06 09:22:23,92.05,1.196,0,none
2026-10-06 09:22:24,91.04,0.892,0,none
2026-10-06 09:22:25,95.76,1.201,0,none
2026-10-06 09:22:26,96.64,1.012,0,none
2026-10-06 09:22:27,93.78,0.913,0,none
2026-10-06 09:22:28,92.3,0.988,0,none
2026-10-06 09:22:29,94.19,1.058,0,none
2026-10-06 09:22:30,94.9,1.059,0,none
2026-10-06 09:22:31,94.54,1.001,0,none
2026-10-06 09:22:32,95.47,1.114,0,none
2026-10-06 09:22:33,93.81,1.076,0,none
2026-10-06 09:22:34,93.74,0.999,0,none
2026-10-06 09:22:35,92.45,1.118,0,none
2026-10-06 09:22:36,94.39,1.114,0,none
2026-10-06 09:22:37,95.88,0.832,0,none
2026-10-06 09:22:38,94.19,1.105,0,none
2026-10-06 09:22:39,94.04,1.128,0,none
2026-10-06 09:22:40,95.22,1.056,0,none
2026-10-06 09:22:41,94.36,0.835,0,none
2026-10-06 09:22:42,94.34,1.118,0,none
2026-10-06 09:22:43,93.53,0.969,0,none
2026-10-06 09:22:44,92.77,0.979,0,none
2026-10-06 09:22:45,92.84,0.817,0,none
2026-10-06 09:22:46,95.04,0.926,0,none
2026-10-06 09:22:47,94.28,0.966,0,none
2026-10-06 09:22:48,93.85,0.987,0,none
2026-10-06 09:22:49,91.68,1.156,0,none
2026-10-06 09:22:50,94.52,0.907,0,none
2026-10-06 09:22:51,94.72,1.066,0,none
2026-10-06 09:22:52,95.19,0.945,0,none
2026-10-06 09:22:53,92.65,1.124,0,none
2026-10-06 09:22:54,93.43,0.947,0,none
2026-10-06 09:22:55,92.57,1.083,0,none
2026-10-06 09:22:56,91.78,1.013,0,none
2026-10-06 09:22:57,89.6,1.222,0,none
2026-10-06 09:22:58,88.69,1.036,0,none
2026-10-06 09:22:59,86.03,0.871,0,none
2026-10-06 09:23:00,84.48,1.125,0,none
2026-10-06 09:23:01,84.15,1.123,0,none
2026-10-06 09:23:02,83.34,1.002,0,none
2026-10-06 09:23:03,79.31,1.128,0,none
2026-10-06 09:23:04,78.59,0.753,0,none
2026-10-06 09:23:05,77.81,0.958,0,none
2026-10-06 09:23:06,78.75,0.853,0,none
2026-10-06 09:23:07,73.86,0.996,0,none
2026-10-06 09:23:08,74.38,1.039,0,none
2026-10-06 09:23:09,69.04,1.079,0,none
2026-10-06 09:23:10,70.69,1.012,0,none
2026-10-06 09:23:11,69.93,0.952,0,none
2026-10-06 09:23:12,67.83,0.929,0,none
2026-10-06 09:23:13,65.02,0.998,0,none
2026-10-06 09:23:14,63.89,0.108,0,none
2026-10-06 09:23:15,67.02,0.093,0,none
2026-10-06 09:23:16,66.18,0.063,0,none
2026-10-06 09:23:17,64.89,0.079,0,none
2026-10-06 09:23:18,63.76,0.079,0,none
2026-10-06 09:23:19,65.87,0.089,0,none
2026-10-06 09:23:20,65.41,0.091,0,none
2026-10-06 09:23:21,66.27,0.091,0,none
2026-10-06 09:23:22,65.06,0.066,0,none
2026-10-06 09:23:23,64.7,0.072,0,none
2026-10-06 09:23:24,64.97,0.136,0,none
2026-10-06 09:23:25,63.43,0.063,0,none
2026-10-06 09:23:26,65.16,0.081,0,none
2026-10-06 09:23:27,67.46,0.09,0,none
2026-10-06 09:23:28,65.03,0.103,0,none
2026-10-06 09:23:29,61.93,0.088,0,none
2026-10-06 09:23:30,64.38,0.086,0,none
2026-10-06 09:23:31,65.35,0.085,0,none
2026-10-06 09:23:32,64.96,0.081,0,none
2026-10-06 09:23:33,63.59,0.065,0,none
2026-10-06 09:23:34,61.97,0.062,0,none
2026-10-06 09:23:35,64.49,0.074,0,none
2026-10-06 09:23:36,64.78,0.055,0,none
2026-10-06 09:23:37,65.65,0.063,0,none
2026-10-06 09:23:38,65.66,0.053,0,none
2026-10-06 09:23:39,62.57,0.083,0,none
2026-10-06 09:23:40,65.05,0.052,0,none
2026-10-06 09:23:41,65.91,0.055,0,none
2026-10-06 09:23:42,65.63,0.074,0,none
2026-10-06 09:23:43,65.7,0.057,0,none
2026-10-06 09:23:44,64.15,0.05,0,none
2026-10-06 09:23:45,63.16,0.074,0,none
2026-10-06 09:23:46,65.91,0.055,0,none
2026-10-06 09:23:47,67.18,0.079,0,none
2026-10-06 09:23:48,64.01,0.083,0,none
2026-10-06 09:23:49,65.62,0.07,0,none
2026-10-06 09:23:50,65.78,0.097,0,none
2026-10-06 09:23:51,66.97,0.101,0,none
2026-10-06 09:23:52,64.54,0.075,0,none
2026-10-06 09:23:53,63.84,0.085,0,none
2026-10-06 09:23:54,62.78,0.124,0,none
2026-10-06 09:23:55,64.68,0.058,0,none
2026-10-06 09:23:56,67.99,0.069,0,none
2026-10-06 09:23:57,66.77,0.066,0,none
2026-10-06 09:23:58,65.19,0.066,0,none
2026-10-06 09:23:59,66.76,0.052,0,none
2026-10-06 09:24:00,63.72,0.109,0,none
2026-10-06 09:24:01,64.9,0.121,0,none
2026-10-06 09:24:02,65.5,0.052,0,none
2026-10-06 09:24:03,64.19,0.063,0,none
2026-10-06 09:24:04,62.49,0.079,0,none
2026-10-06 09:24:05,66.47,0.058,0,none
2026-10-06 09:24:06,66.85,0.071,0,none
2026-10-06 09:24:07,66.33,0.06,0,none
2026-10-06 09:24:08,64.75,0.09,0,none
2026-10-06 09:24:09,62.67,0.067,0,none
2026-10-06 09:24:10,64.25,0.082,0,none
2026-10-06 09:24:11,64.94,0.058,0,none
2026-10-06 09:24:12,67.93,0.078,0,none
2026-10-06 09:24:13,64.46,0.056,0,none
2026-10-06 09:24:14,66.02,0.064,0,none
2026-10-06 09:24:15,66.08,0.077,0,none
2026-10-06 09:24:16,66.36,0.079,0,none
2026-10-06 09:24:17,64.96,0.081,0,none
2026-10-06 09:24:18,64.85,0.054,0,none
2026-10-06 09:24:19,64.01,0.063,0,none
2026-10-06 09:24:20,64.59,0.126,0,none
2026-10-06 09:24:21,65.89,0.051,0,none
2026-10-06 09:24:22,65.71,0.061,0,none
2026-10-06 09:24:23,64.53,0.078,0,none
2026-10-06 09:24:24,63.07,0.088,0,none
2026-10-06 09:24:25,65.22,0.054,0,none
2026-10-06 09:24:26,66.06,0.105,0,none
2026-10-06 09:24:27,65.48,0.08,0,none
2026-10-06 09:24:28,67.29,0.129,0,none
2026-10-06 09:24:29,63.6,0.074,0,none
2026-10-06 09:24:30,65.16,0.078,0,none
2026-10-06 09:24:31,66.42,0.069,0,none
2026-10-06 09:24:32,67.35,0.064,0,none
2026-10-06 09:24:33,65.92,0.065,0,none
2026-10-06 09:24:34,63.5,0.097,0,none
2026-10-06 09:24:35,66.13,0.061,0,none
2026-10-06 09:24:36,65.91,0.081,0,none
2026-10-06 09:24:37,66.04,0.063,0,none
2026-10-06 09:24:38,65.93,0.089,0,none
2026-10-06 09:24:39,64.69,0.053,0,none
2026-10-06 09:24:40,64.33,0.067,0,none
2026-10-06 09:24:41,67.16,0.062,0,none
2026-10-06 09:24:42,67.61,0.082,0,none
2026-10-06 09:24:43,65.23,0.051,0,none
2026-10-06 09:24:44,65.17,0.063,0,none
2026-10-06 09:24:45,66.25,0.053,0,none
2026-10-06 09:24:46,65.23,0.068,0,none
2026-10-06 09:24:47,64.48,0.065,0,none
2026-10-06 09:24:48,63.11,0.073,0,none
2026-10-06 09:24:49,63.99,0.058,0,none
2026-10-06 09:24:50,65.36,0.053,0,none
2026-10-06 09:24:51,65.11,0.058,0,none
2026-10-06 09:24:52,65.15,0.069,0,none
2026-10-06 09:24:53,63.21,0.073,0,none
2026-10-06 09:24:54,63.41,0.051,0,none
2026-10-06 09:24:55,64.49,0.054,0,none
2026-10-06 09:24:56,65.8,0.086,0,none
2026-10-06 09:24:57,65.96,0.063,0,none
2026-10-06 09:24:58,63.5,0.073,0,none
2026-10-06 09:24:59,63.4,0.072,0,none
2026-10-06 09:25:00,67.35,0.083,0,none
2026-10-06 09:25:01,65.11,0.08,0,none
2026-10-06 09:25:02,66.95,0.104,0,none
2026-10-06 09:25:03,63.15,0.067,0,none
2026-10-06 09:25:04,65.01,0.056,0,none
2026-10-06 09:25:05,66.72,0.08,0,none
2026-10-06 09:25:06,65.4,0.08,0,none
2026-10-06 09:25:07,65.19,0.088,0,none
2026-10-06 09:25:08,63.09,0.063,0,none
2026-10-06 09:25:09,63.71,0.051,0,none
2026-10-06 09:25:10,65.21,0.062,0,none
2026-10-06 09:25:11,67.58,0.09,0,none
2026-10-06 09:25:12,65.18,0.056,0,none
2026-10-06 09:25:13,64.98,0.068,0,none
2026-10-06 09:25:14,63.31,0.064,0,none
2026-10-06 09:25:15,64.85,0.085,0,none
2026-10-06 09:25:16,67.52,0.067,0,none
2026-10-06 09:25:17,114.42,0.094,1,spike
2026-10-06 09:25:18,112.33,0.059,1,spike
2026-10-06 09:25:19,110.96,0.084,1,spike
2026-10-06 09:25:20,114.26,0.062,1,spike
2026-10-06 09:25:21,67.01,0.069,0,none
2026-10-06 09:25:22,65.47,0.088,0,none
2026-10-06 09:25:23,63.7,0.088,0,none
2026-10-06 09:25:24,61.24,0.088,0,none
2026-10-06 09:25:25,65.69,0.116,0,none
2026-10-06 09:25:26,65.86,0.08,0,none
2026-10-06 09:25:27,65.51,0.097,0,none
2026-10-06 09:25:28,65.27,0.075,0,none
2026-10-06 09:25:29,64.92,0.055,0,none
2026-10-06 09:25:30,64.67,0.062,0,none
2026-10-06 09:25:31,66.31,0.094,0,none
2026-10-06 09:25:32,65.16,0.138,0,none
2026-10-06 09:25:33,63.6,0.05,0,none
2026-10-06 09:25:34,64.39,0.079,0,none
2026-10-06 09:25:35,65.03,0.059,0,none
2026-10-06 09:25:36,66.78,0.128,0,none
2026-10-06 09:25:37,65.45,0.067,0,none
2026-10-06 09:25:38,65.0,0.067,0,none
2026-10-06 09:25:39,63.88,0.092,0,none
2026-10-06 09:25:40,65.95,0.083,0,none
2026-10-06 09:25:41,65.52,0.057,0,none
2026-10-06 09:25:42,66.44,0.101,0,none
2026-10-06 09:25:43,65.6,0.056,0,none
2026-10-06 09:25:44,64.07,0.059,0,none
2026-10-06 09:25:45,65.83,0.055,0,none
2026-10-06 09:25:46,66.28,0.057,0,none
2026-10-06 09:25:47,66.06,0.056,0,none
2026-10-06 09:25:48,65.78,0.053,0,none
2026-10-06 09:25:49,63.82,0.084,0,none
2026-10-06 09:25:50,66.65,0.079,0,none
2026-10-06 09:25:51,66.84,0.12,0,none
2026-10-06 09:25:52,65.37,0.067,0,none
2026-10-06 09:25:53,66.68,0.057,0,none
2026-10-06 09:25:54,64.21,0.058,0,none
2026-10-06 09:25:55,65.4,0.062,0,none
2026-10-06 09:25:56,66.23,0.063,0,none
2026-10-06 09:25:57,66.65,0.1,0,none
2026-10-06 09:25:58,64.74,0.063,0,none
2026-10-06 09:25:59,63.96,0.082,0,none
2026-10-06 09:26:00,65.77,0.074,0,none
2026-10-06 09:26:01,64.45,0.139,0,none
2026-10-06 09:26:02,67.12,0.091,0,none
2026-10-06 09:26:03,64.83,0.108,0,none
2026-10-06 09:26:04,64.19,0.066,0,none
2026-10-06 09:26:05,66.42,0.067,0,none
2026-10-06 09:26:06,68.19,0.072,0,none
2026-10-06 09:26:07,67.51,0.061,0,none
2026-10-06 09:26:08,65.54,0.094,0,none
2026-10-06 09:26:09,63.69,0.051,0,none
2026-10-06 09:26:10,65.82,0.067,0,none
2026-10-06 09:26:11,64.28,0.091,0,none
2026-10-06 09:26:12,65.92,0.054,0,none
2026-10-06 09:26:13,64.27,0.079,0,none
2026-10-06 09:26:14,66.2,0.058,0,none
2026-10-06 09:26:15,66.24,0.061,0,none
2026-10-06 09:26:16,68.15,0.058,0,none
2026-10-06 09:26:17,66.64,0.051,0,none
2026-10-06 09:26:18,64.93,0.082,0,none
2026-10-06 09:26:19,63.45,0.077,0,none
2026-10-06 09:26:20,67.62,0.052,0,none
2026-10-06 09:26:21,67.07,0.069,0,none
2026-10-06 09:26:22,64.98,0.09,0,none
2026-10-06 09:26:23,65.59,0.077,0,none
2026-10-06 09:26:24,63.28,0.137,0,none
2026-10-06 09:26:25,65.13,0.054,0,none
2026-10-06 09:26:26,67.45,0.069,0,none
2026-10-06 09:26:27,65.87,0.06,0,none
2026-10-06 09:26:28,63.39,0.076,0,none
2026-10-06 09:26:29,63.35,0.101,0,none
2026-10-06 09:26:30,64.22,0.079,0,none
2026-10-06 09:26:31,65.77,0.054,0,none
2026-10-06 09:26:32,67.22,0.051,0,none
2026-10-06 09:26:33,65.02,0.085,0,none
2026-10-06 09:26:34,64.11,0.108,0,none
2026-10-06 09:26:35,65.62,0.087,0,none
2026-10-06 09:26:36,65.0,0.067,0,none
2026-10-06 09:26:37,66.19,0.053,0,none
2026-10-06 09:26:38,63.56,0.056,0,none
2026-10-06 09:26:39,63.87,0.104,0,none
2026-10-06 09:26:40,66.74,0.067,0,none
2026-10-06 09:26:41,68.23,0.061,0,none
2026-10-06 09:26:42,66.42,0.068,0,none
2026-10-06 09:26:43,65.57,0.05,0,none
2026-10-06 09:26:44,63.89,0.095,0,none
2026-10-06 09:26:45,65.16,0.055,0,none
2026-10-06 09:26:46,66.67,0.062,0,none
2026-10-06 09:26:47,66.98,0.101,0,none
2026-10-06 09:26:48,63.68,0.052,0,none
2026-10-06 09:26:49,65.32,0.064,0,none
2026-10-06 09:26:50,66.96,0.079,0,none
2026-10-06 09:26:51,66.29,0.068,0,none
2026-10-06 09:26:52,66.31,0.062,0,none
2026-10-06 09:26:53,63.46,0.075,0,none
2026-10-06 09:26:54,65.8,0.106,0,none
2026-10-06 09:26:55,64.1,0.097,0,none
2026-10-06 09:26:56,66.1,0.065,0,none
2026-10-06 09:26:57,67.05,0.103,0,none
2026-10-06 09:26:58,64.31,0.083,0,none
2026-10-06 09:26:59,64.16,0.061,0,none
2026-10-06 09:27:00,63.44,0.062,0,none
2026-10-06 09:27:01,66.02,0.1,0,none
2026-10-06 09:27:02,64.95,0.1,0,none
2026-10-06 09:27:03,64.87,0.097,0,none
2026-10-06 09:27:04,62.65,0.079,0,none
2026-10-06 09:27:05,63.09,0.078,0,none
2026-10-06 09:27:06,66.6,0.088,0,none
2026-10-06 09:27:07,65.63,0.079,0,none
2026-10-06 09:27:08,64.4,0.056,0,none
2026-10-06 09:27:09,64.1,0.107,0,none
2026-10-06 09:27:10,67.05,0.087,0,none
2026-10-06 09:27:11,65.49,0.079,0,none
2026-10-06 09:27:12,65.89,0.072,0,none
2026-10-06 09:27:13,64.85,0.077,0,none
2026-10-06 09:27:14,64.31,0.059,0,none
2026-10-06 09:27:15,65.06,0.116,0,none
2026-10-06 09:27:16,65.68,0.079,0,none
2026-10-06 09:27:17,66.67,0.099,0,none
2026-10-06 09:27:18,65.12,0.064,0,none
2026-10-06 09:27:19,64.57,0.064,0,none
2026-10-06 09:27:20,66.34,0.079,0,none
2026-10-06 09:27:21,66.8,0.081,0,none
2026-10-06 09:27:22,65.2,0.072,0,none
2026-10-06 09:27:23,63.59,0.054,0,none
2026-10-06 09:27:24,65.22,0.115,0,none
2026-10-06 09:27:25,64.83,0.09,0,none
2026-10-06 09:27:26,67.47,0.064,0,none
2026-10-06 09:27:27,66.76,0.113,0,none
2026-10-06 09:27:28,64.74,0.062,0,none
2026-10-06 09:27:29,65.65,0.061,0,none
2026-10-06 09:27:30,66.15,0.103,1,drift
2026-10-06 09:27:31,66.35,0.086,1,drift
2026-10-06 09:27:32,65.42,0.133,1,drift
2026-10-06 09:27:33,64.66,0.088,1,drift
2026-10-06 09:27:34,63.42,0.07,1,drift
2026-10-06 09:27:35,67.76,0.052,1,drift
2026-10-06 09:27:36,66.55,0.071,1,drift
2026-10-06 09:27:37,66.58,0.079,1,drift
2026-10-06 09:27:38,64.21,0.058,1,drift
2026-10-06 09:27:39,63.48,0.082,1,drift
2026-10-06 09:27:40,65.79,0.053,1,drift
2026-10-06 09:27:41,66.72,0.075,1,drift
2026-10-06 09:27:42,64.59,0.102,1,drift
2026-10-06 09:27:43,64.34,0.067,1,drift
2026-10-06 09:27:44,64.5,0.07,1,drift
2026-10-06 09:27:45,67.42,0.07,1,drift
2026-10-06 09:27:46,65.26,0.08,1,drift
2026-10-06 09:27:47,66.92,0.075,1,drift
2026-10-06 09:27:48,66.61,0.081,1,drift
2026-10-06 09:27:49,64.53,0.05,1,drift
2026-10-06 09:27:50,66.34,0.086,1,drift
2026-10-06 09:27:51,68.14,0.067,1,drift
2026-10-06 09:27:52,67.04,0.06,1,drift
2026-10-06 09:27:53,67.24,0.061,1,drift
2026-10-06 09:27:54,65.6,0.076,1,drift
2026-10-06 09:27:55,66.71,0.067,1,drift
2026-10-06 09:27:56,67.83,0.074,1,drift
2026-10-06 09:27:57,68.37,0.099,1,drift
2026-10-06 09:27:58,65.43,0.08,1,drift
2026-10-06 09:27:59,66.61,0.051,1,drift
2026-10-06 09:28:00,67.42,0.087,1,drift
2026-10-06 09:28:01,66.48,0.091,1,drift
2026-10-06 09:28:02,67.05,0.066,1,drift
2026-10-06 09:28:03,66.66,0.068,1,drift
2026-10-06 09:28:04,66.01,0.072,1,drift
2026-10-06 09:28:05,69.45,0.066,1,drift
2026-10-06 09:28:06,67.13,0.095,1,drift
2026-10-06 09:28:07,68.47,0.084,1,drift
2026-10-06 09:28:08,68.04,0.088,1,drift
2026-10-06 09:28:09,63.55,0.052,1,drift
2026-10-06 09:28:10,67.53,0.076,1,drift
2026-10-06 09:28:11,68.01,0.07,1,drift
2026-10-06 09:28:12,69.4,0.052,1,drift
2026-10-06 09:28:13,67.25,0.071,1,drift
2026-10-06 09:28:14,68.96,0.063,1,drift
2026-10-06 09:28:15,66.84,0.062,1,drift
2026-10-06 09:28:16,65.98,0.095,1,drift
2026-10-06 09:28:17,69.62,0.069,1,drift
2026-10-06 09:28:18,66.36,0.055,1,drift
2026-10-06 09:28:19,66.73,0.062,1,drift
2026-10-06 09:28:20,68.95,0.072,1,drift
2026-10-06 09:28:21,70.71,0.075,1,drift
2026-10-06 09:28:22,68.03,0.076,1,drift
2026-10-06 09:28:23,68.73,0.062,1,drift
2026-10-06 09:28:24,65.72,0.086,1,drift
2026-10-06 09:28:25,68.29,0.052,1,drift
2026-10-06 09:28:26,68.74,0.084,1,drift
2026-10-06 09:28:27,67.96,0.069,1,drift
2026-10-06 09:28:28,66.41,0.086,1,drift
2026-10-06 09:28:29,67.03,0.069,1,drift
2026-10-06 09:28:30,69.34,0.087,1,drift
2026-10-06 09:28:31,69.47,0.076,1,drift
2026-10-06 09:28:32,69.71,0.069,1,drift
2026-10-06 09:28:33,67.68,0.06,1,drift
2026-10-06 09:28:34,67.43,0.077,1,drift
2026-10-06 09:28:35,68.3,0.114,1,drift
2026-10-06 09:28:36,70.04,0.087,1,drift
2026-10-06 09:28:37,68.81,0.092,1,drift
2026-10-06 09:28:38,69.5,0.074,1,drift
2026-10-06 09:28:39,67.4,0.071,1,drift
2026-10-06 09:28:40,68.52,0.057,1,drift
2026-10-06 09:28:41,67.99,0.061,1,drift
2026-10-06 09:28:42,70.92,0.053,1,drift
2026-10-06 09:28:43,67.65,0.052,1,drift
2026-10-06 09:28:44,68.1,0.074,1,drift
2026-10-06 09:28:45,70.61,0.083,1,drift
2026-10-06 09:28:46,69.0,0.065,1,drift
2026-10-06 09:28:47,70.47,0.091,1,drift
2026-10-06 09:28:48,68.88,0.095,1,drift
2026-10-06 09:28:49,68.91,0.074,1,drift
2026-10-06 09:28:50,68.32,0.084,1,drift
2026-10-06 09:28:51,71.33,0.085,1,drift
2026-10-06 09:28:52,70.27,0.087,1,drift
2026-10-06 09:28:53,67.2,0.057,1,drift
2026-10-06 09:28:54,66.7,0.053,1,drift
2026-10-06 09:28:55,69.7,0.055,1,drift
2026-10-06 09:28:56,70.4,0.069,1,drift
2026-10-06 09:28:57,68.76,0.084,1,drift
2026-10-06 09:28:58,67.65,0.07,1,drift
2026-10-06 09:28:59,66.77,0.053,1,drift
2026-10-06 09:29:00,69.93,0.078,1,drift
2026-10-06 09:29:01,71.63,0.05,1,drift
2026-10-06 09:29:02,69.49,0.078,1,drift
2026-10-06 09:29:03,70.92,0.072,1,drift
2026-10-06 09:29:04,69.16,0.065,1,drift
2026-10-06 09:29:05,71.44,0.097,1,drift
2026-10-06 09:29:06,71.74,0.054,1,drift
2026-10-06 09:29:07,70.67,0.077,1,drift
2026-10-06 09:29:08,69.97,0.056,1,drift
2026-10-06 09:29:09,71.21,0.102,1,drift
2026-10-06 09:29:10,69.55,0.072,1,drift
2026-10-06 09:29:11,71.8,0.053,1,drift
2026-10-06 09:29:12,70.28,0.071,1,drift
2026-10-06 09:29:13,70.26,0.075,1,drift
2026-10-06 09:29:14,69.53,0.077,1,drift
2026-10-06 09:29:15,72.13,0.055,1,drift
2026-10-06 09:29:16,71.18,0.105,1,drift
2026-10-06 09:29:17,69.72,0.051,1,drift
2026-10-06 09:29:18,69.97,0.106,1,drift
2026-10-06 09:29:19,69.42,0.064,1,drift
2026-10-06 09:29:20,69.54,0.089,1,drift
2026-10-06 09:29:21,71.89,0.052,1,drift
2026-10-06 09:29:22,72.99,0.064,1,drift
2026-10-06 09:29:23,71.28,0.107,1,drift
2026-10-06 09:29:24,70.53,0.055,1,drift
2026-10-06 09:29:25,72.57,0.064,1,drift
2026-10-06 09:29:26,72.14,0.072,1,drift
2026-10-06 09:29:27,72.71,0.09,1,drift
2026-10-06 09:29:28,69.82,0.076,1,drift
2026-10-06 09:29:29,70.06,0.073,1,drift
2026-10-06 09:29:30,72.21,0.068,1,drift
2026-10-06 09:29:31,73.9,0.052,1,drift
2026-10-06 09:29:32,71.43,0.085,1,drift
2026-10-06 09:29:33,70.24,0.089,1,drift
2026-10-06 09:29:34,69.32,0.116,1,drift
2026-10-06 09:29:35,73.76,0.088,1,drift
2026-10-06 09:29:36,71.28,0.057,1,drift
2026-10-06 09:29:37,70.18,0.055,1,drift
2026-10-06 09:29:38,71.92,0.085,1,drift
2026-10-06 09:29:39,70.68,0.071,1,drift
2026-10-06 09:29:40,70.09,0.068,1,drift
2026-10-06 09:29:41,72.78,0.062,1,drift
2026-10-06 09:29:42,73.78,0.064,1,drift
2026-10-06 09:29:43,70.07,0.13,1,drift
2026-10-06 09:29:44,69.97,0.099,1,drift
2026-10-06 09:29:45,71.73,0.113,1,drift
2026-10-06 09:29:46,72.78,0.053,1,drift
2026-10-06 09:29:47,72.62,0.069,1,drift
2026-10-06 09:29:48,70.14,0.083,1,drift
2026-10-06 09:29:49,70.57,0.103,1,drift
2026-10-06 09:29:50,71.33,0.094,1,drift
2026-10-06 09:29:51,71.57,0.066,1,drift
2026-10-06 09:29:52,74.07,0.098,1,drift
2026-10-06 09:29:53,69.55,0.066,1,drift
2026-10-06 09:29:54,70.91,0.053,1,drift
2026-10-06 09:29:55,71.88,0.058,1,drift
2026-10-06 09:29:56,74.08,0.05,1,drift
2026-10-06 09:29:57,73.49,0.065,1,drift
2026-10-06 09:29:58,72.04,0.073,1,drift
2026-10-06 09:29:59,71.96,0.057,1,drift
2026-10-06 09:30:00,73.66,0.06,1,drift
2026-10-06 09:30:01,74.41,0.071,1,drift
2026-10-06 09:30:02,71.59,0.064,1,drift
2026-10-06 09:30:03,73.41,0.062,1,drift
2026-10-06 09:30:04,73.08,0.094,1,drift
2026-10-06 09:30:05,74.23,0.068,1,drift
2026-10-06 09:30:06,71.71,0.064,1,drift
2026-10-06 09:30:07,75.81,0.054,1,drift
2026-10-06 09:30:08,72.12,0.078,1,drift
2026-10-06 09:30:09,72.3,0.108,1,drift
2026-10-06 09:30:10,74.02,0.09,1,drift
2026-10-06 09:30:11,72.19,0.081,1,drift
2026-10-06 09:30:12,74.05,0.089,1,drift
2026-10-06 09:30:13,72.1,0.053,1,drift
2026-10-06 09:30:14,70.47,0.068,1,drift
2026-10-06 09:30:15,74.19,0.05,1,drift
2026-10-06 09:30:16,74.44,0.08,1,drift
2026-10-06 09:30:17,74.25,0.067,1,drift
2026-10-06 09:30:18,72.57,0.058,1,drift
2026-10-06 09:30:19,71.16,0.099,1,drift
2026-10-06 09:30:20,72.88,0.062,1,drift
2026-10-06 09:30:21,74.97,0.057,1,drift
2026-10-06 09:30:22,75.82,0.059,1,drift
2026-10-06 09:30:23,73.59,0.094,1,drift
2026-10-06 09:30:24,74.77,0.11,1,drift
2026-10-06 09:30:25,72.84,0.066,1,drift
2026-10-06 09:30:26,75.09,0.069,1,drift
2026-10-06 09:30:27,74.36,0.11,1,drift
2026-10-06 09:30:28,72.11,0.071,1,drift
2026-10-06 09:30:29,73.29,0.081,1,drift
2026-10-06 09:30:30,75.02,0.089,1,drift
2026-10-06 09:30:31,75.64,0.083,1,drift
2026-10-06 09:30:32,76.58,0.085,1,drift
2026-10-06 09:30:33,75.01,0.057,1,drift
2026-10-06 09:30:34,73.27,0.087,1,drift
2026-10-06 09:30:35,73.52,0.084,1,drift
2026-10-06 09:30:36,75.84,0.089,1,drift
2026-10-06 09:30:37,75.45,0.063,1,drift
2026-10-06 09:30:38,75.34,0.056,1,drift
2026-10-06 09:30:39,72.49,0.117,1,drift
2026-10-06 09:30:40,74.29,0.059,1,drift
2026-10-06 09:30:41,75.13,0.103,1,drift
2026-10-06 09:30:42,75.48,0.065,1,drift
2026-10-06 09:30:43,74.52,0.066,1,drift
2026-10-06 09:30:44,73.54,0.088,1,drift
2026-10-06 09:30:45,75.28,0.102,1,drift
2026-10-06 09:30:46,75.96,0.096,1,drift
2026-10-06 09:30:47,75.43,0.109,1,drift
2026-10-06 09:30:48,75.56,0.072,1,drift
2026-10-06 09:30:49,74.42,0.055,1,drift
2026-10-06 09:30:50,72.63,0.074,1,drift
2026-10-06 09:30:51,76.41,0.099,1,drift
2026-10-06 09:30:52,75.52,0.059,1,drift
2026-10-06 09:30:53,76.43,0.12,1,drift
2026-10-06 09:30:54,74.27,0.108,1,drift
2026-10-06 09:30:55,75.3,0.083,1,drift
2026-10-06 09:30:56,77.03,0.062,1,drift
2026-10-06 09:30:57,76.04,0.074,1,drift
2026-10-06 09:30:58,74.3,0.059,1,drift
2026-10-06 09:30:59,74.81,0.09,1,drift
2026-10-06 09:31:00,77.01,0.105,1,drift
2026-10-06 09:31:01,78.55,0.064,1,drift
2026-10-06 09:31:02,76.32,0.078,1,drift
2026-10-06 09:31:03,75.21,0.057,1,drift
2026-10-06 09:31:04,75.24,0.117,1,drift
2026-10-06 09:31:05,77.44,0.056,1,drift
2026-10-06 09:31:06,77.21,0.052,1,drift
2026-10-06 09:31:07,75.27,0.071,1,drift
2026-10-06 09:31:08,75.74,0.053,1,drift
2026-10-06 09:31:09,74.18,0.12,1,drift
2026-10-06 09:31:10,76.61,0.072,1,drift
2026-10-06 09:31:11,79.03,0.061,1,drift
2026-10-06 09:31:12,77.76,0.052,1,drift
2026-10-06 09:31:13,74.16,0.062,1,drift
2026-10-06 09:31:14,74.26,0.087,1,drift
2026-10-06 09:31:15,76.01,0.098,1,drift
2026-10-06 09:31:16,77.37,0.089,1,drift
2026-10-06 09:31:17,77.02,0.117,1,drift
2026-10-06 09:31:18,76.9,0.064,1,drift
2026-10-06 09:31:19,75.52,0.054,1,drift
2026-10-06 09:31:20,76.38,0.108,1,drift
2026-10-06 09:31:21,77.3,0.059,1,drift
2026-10-06 09:31:22,75.64,0.089,1,drift
2026-10-06 09:31:23,76.52,0.112,1,drift
2026-10-06 09:31:24,75.21,0.083,1,drift
2026-10-06 09:31:25,75.12,0.05,1,drift
2026-10-06 09:31:26,78.5,0.072,1,drift
2026-10-06 09:31:27,77.73,0.065,1,drift
2026-10-06 09:31:28,76.59,0.072,1,drift
2026-10-06 09:31:29,74.86,0.05,1,drift
2026-10-06 09:31:30,76.55,0.092,1,drift
2026-10-06 09:31:31,79.56,0.064,1,drift
2026-10-06 09:31:32,77.07,0.089,1,drift
2026-10-06 09:31:33,77.97,0.073,1,drift
2026-10-06 09:31:34,75.48,0.072,1,drift
2026-10-06 09:31:35,76.83,0.08,1,drift
2026-10-06 09:31:36,78.33,0.091,1,drift
2026-10-06 09:31:37,76.62,0.057,1,drift
2026-10-06 09:31:38,76.94,0.059,1,drift
2026-10-06 09:31:39,77.17,0.064,1,drift
2026-10-06 09:31:40,76.99,0.096,1,drift
2026-10-06 09:31:41,79.65,0.051,1,drift
2026-10-06 09:31:42,78.46,0.101,1,drift
2026-10-06 09:31:43,75.27,0.076,1,drift
2026-10-06 09:31:44,78.35,0.052,1,drift
2026-10-06 09:31:45,77.0,0.063,1,drift
2026-10-06 09:31:46,75.88,0.073,1,drift
2026-10-06 09:31:47,78.31,0.053,1,drift
2026-10-06 09:31:48,75.71,0.073,1,drift
2026-10-06 09:31:49,79.23,0.061,1,drift
2026-10-06 09:31:50,77.71,0.081,1,drift
2026-10-06 09:31:51,81.1,0.065,1,drift
2026-10-06 09:31:52,78.72,0.068,1,drift
2026-10-06 09:31:53,77.48,0.072,1,drift
2026-10-06 09:31:54,76.1,0.051,1,drift
2026-10-06 09:31:55,78.0,0.053,1,drift
2026-10-06 09:31:56,79.48,0.055,1,drift
2026-10-06 09:31:57,79.76,0.098,1,drift
2026-10-06 09:31:58,76.34,0.088,1,drift
2026-10-06 09:31:59,78.6,0.069,1,drift
2026-10-06 09:32:00,79.1,0.092,1,drift
2026-10-06 09:32:01,79.68,0.102,1,drift
2026-10-06 09:32:02,79.65,0.076,1,drift
2026-10-06 09:32:03,77.52,0.081,1,drift
2026-10-06 09:32:04,76.15,0.058,1,drift
2026-10-06 09:32:05,78.79,0.066,1,drift
2026-10-06 09:32:06,80.55,0.068,1,drift
2026-10-06 09:32:07,78.53,0.088,1,drift
2026-10-06 09:32:08,77.22,0.054,1,drift
2026-10-06 09:32:09,77.98,0.05,1,drift
2026-10-06 09:32:10,78.07,0.056,1,drift
2026-10-06 09:32:11,81.06,0.075,1,drift
2026-10-06 09:32:12,77.17,0.059,1,drift
2026-10-06 09:32:13,75.46,0.09,1,drift
2026-10-06 09:32:14,77.4,0.062,1,drift
2026-10-06 09:32:15,77.93,0.064,1,drift
2026-10-06 09:32:16,80.17,0.084,1,drift
2026-10-06 09:32:17,81.15,0.063,1,drift
2026-10-06 09:32:18,77.22,0.083,1,drift
2026-10-06 09:32:19,77.34,0.101,1,drift
2026-10-06 09:32:20,79.73,0.058,1,drift
2026-10-06 09:32:21,79.62,0.08,1,drift
2026-10-06 09:32:22,81.19,0.062,1,drift
2026-10-06 09:32:23,78.72,0.072,1,drift
2026-10-06 09:32:24,79.05,0.05,1,drift
2026-10-06 09:32:25,80.02,0.103,1,drift
2026-10-06 09:32:26,79.82,0.064,1,drift
2026-10-06 09:32:27,79.39,0.072,1,drift
2026-10-06 09:32:28,79.54,0.053,1,drift
2026-10-06 09:32:29,80.17,0.122,1,drift
2026-10-06 09:32:30,65.69,0.081,0,none
2026-10-06 09:32:31,64.85,0.061,0,none
2026-10-06 09:32:32,64.76,0.072,0,none
2026-10-06 09:32:33,62.96,0.074,0,none
2026-10-06 09:32:34,63.64,0.104,0,none
2026-10-06 09:32:35,65.1,0.088,0,none
2026-10-06 09:32:36,65.12,0.074,0,none
2026-10-06 09:32:37,65.0,0.097,0,none
2026-10-06 09:32:38,63.58,0.067,0,none
2026-10-06 09:32:39,65.18,0.085,0,none
2026-10-06 09:32:40,63.44,0.096,0,none
2026-10-06 09:32:41,68.3,0.077,0,none
2026-10-06 09:32:42,63.79,0.077,0,none
2026-10-06 09:32:43,64.42,0.105,0,none
2026-10-06 09:32:44,62.55,0.127,0,none
2026-10-06 09:32:45,65.31,0.055,0,none
2026-10-06 09:32:46,67.04,0.07,0,none
2026-10-06 09:32:47,65.1,0.072,0,none
2026-10-06 09:32:48,63.01,0.076,0,none
2026-10-06 09:32:49,62.94,0.094,0,none
2026-10-06 09:32:50,65.07,0.073,0,none
2026-10-06 09:32:51,66.84,0.081,0,none
2026-10-06 09:32:52,64.48,0.069,0,none
2026-10-06 09:32:53,63.99,0.103,0,none
2026-10-06 09:32:54,63.24,0.088,0,none
2026-10-06 09:32:55,63.7,0.054,0,none
2026-10-06 09:32:56,64.75,0.085,0,none
2026-10-06 09:32:57,64.57,0.066,0,none
2026-10-06 09:32:58,64.75,0.069,0,none
2026-10-06 09:32:59,62.86,0.104,0,none
2026-10-06 09:33:00,64.53,0.067,0,none
2026-10-06 09:33:01,64.56,0.069,0,none
2026-10-06 09:33:02,65.21,0.072,0,none
2026-10-06 09:33:03,64.45,0.107,0,none
2026-10-06 09:33:04,63.06,0.096,0,none
2026-10-06 09:33:05,65.57,0.054,0,none
2026-10-06 09:33:06,65.54,0.086,0,none
2026-10-06 09:33:07,66.8,0.076,0,none
2026-10-06 09:33:08,65.52,0.081,0,none
2026-10-06 09:33:09,63.81,0.11,0,none
2026-10-06 09:33:10,63.31,0.056,0,none
2026-10-06 09:33:11,66.2,0.056,0,none
2026-10-06 09:33:12,64.9,0.083,0,none
2026-10-06 09:33:13,62.39,0.075,0,none
2026-10-06 09:33:14,64.02,0.066,0,none
2026-10-06 09:33:15,64.94,0.055,0,none
2026-10-06 09:33:16,67.36,0.058,0,none
2026-10-06 09:33:17,66.41,0.056,0,none
2026-10-06 09:33:18,63.34,0.061,0,none
2026-10-06 09:33:19,63.74,0.057,0,none
2026-10-06 09:33:20,66.33,0.073,0,none
2026-10-06 09:33:21,65.12,0.067,0,none
2026-10-06 09:33:22,65.46,0.052,0,none
2026-10-06 09:33:23,64.38,0.059,0,none
2026-10-06 09:33:24,62.28,0.071,0,none
2026-10-06 09:33:25,65.84,0.086,0,none
2026-10-06 09:33:26,66.46,0.054,0,none
2026-10-06 09:33:27,67.12,0.095,0,none
2026-10-06 09:33:28,63.64,0.06,0,none
2026-10-06 09:33:29,64.26,0.089,0,none
2026-10-06 09:33:30,65.83,0.053,0,none
2026-10-06 09:33:31,66.97,0.07,0,none
2026-10-06 09:33:32,65.2,0.068,0,none
2026-10-06 09:33:33,63.24,0.111,0,none
2026-10-06 09:33:34,65.03,0.058,0,none
2026-10-06 09:33:35,62.78,0.062,0,none
2026-10-06 09:33:36,63.71,0.072,0,none
2026-10-06 09:33:37,63.69,0.063,0,none
2026-10-06 09:33:38,64.19,0.097,0,none
2026-10-06 09:33:39,63.99,0.071,0,none
2026-10-06 09:33:40,64.48,0.056,0,none
2026-10-06 09:33:41,66.03,0.074,0,none
2026-10-06 09:33:42,64.15,0.092,0,none
2026-10-06 09:33:43,63.76,0.054,0,none
2026-10-06 09:33:44,63.39,0.052,0,none
2026-10-06 09:33:45,64.09,0.093,0,none
2026-10-06 09:33:46,66.39,0.096,0,none
2026-10-06 09:33:47,65.9,0.065,0,none
2026-10-06 09:33:48,64.33,0.052,0,none
2026-10-06 09:33:49,62.36,0.101,0,none
2026-10-06 09:33:50,65.31,0.091,0,none
2026-10-06 09:33:51,65.21,0.061,0,none
2026-10-06 09:33:52,63.57,0.077,0,none
2026-10-06 09:33:53,64.19,0.083,0,none
2026-10-06 09:33:54,62.84,0.092,0,none
2026-10-06 09:33:55,65.27,0.051,0,none
2026-10-06 09:33:56,65.7,0.054,0,none
2026-10-06 09:33:57,64.77,0.058,0,none
2026-10-06 09:33:58,63.41,0.089,0,none
2026-10-06 09:33:59,64.24,0.055,0,none
2026-10-06 09:34:00,65.2,0.069,0,none
2026-10-06 09:34:01,66.37,0.058,0,none
2026-10-06 09:34:02,64.38,0.068,0,none
2026-10-06 09:34:03,65.57,0.062,0,none
2026-10-06 09:34:04,63.86,0.057,0,none
2026-10-06 09:34:05,63.8,0.066,0,none
2026-10-06 09:34:06,65.3,0.068,0,none
2026-10-06 09:34:07,63.92,0.073,0,none
2026-10-06 09:34:08,64.97,0.064,0,none
2026-10-06 09:34:09,64.79,0.072,0,none
2026-10-06 09:34:10,64.47,0.07,0,none
2026-10-06 09:34:11,65.23,0.053,0,none
2026-10-06 09:34:12,62.98,0.051,0,none
2026-10-06 09:34:13,63.6,0.072,0,none
2026-10-06 09:34:14,63.13,0.082,0,none
2026-10-06 09:34:15,64.18,0.054,0,none
2026-10-06 09:34:16,66.47,0.053,0,none
2026-10-06 09:34:17,65.24,0.05,0,none
2026-10-06 09:34:18,64.09,0.099,0,none
2026-10-06 09:34:19,65.18,0.094,0,none
2026-10-06 09:34:20,62.8,0.06,0,none
2026-10-06 09:34:21,64.74,0.058,0,none
2026-10-06 09:34:22,65.67,0.081,0,none
2026-10-06 09:34:23,64.51,0.083,0,none
2026-10-06 09:34:24,60.89,0.072,0,none
2026-10-06 09:34:25,62.39,0.051,0,none
2026-10-06 09:34:26,66.03,0.113,0,none
2026-10-06 09:34:27,65.08,0.064,0,none
2026-10-06 09:34:28,61.6,0.07,0,none
2026-10-06 09:34:29,63.91,0.1,0,none
2026-10-06 09:34:30,63.14,0.073,0,none
2026-10-06 09:34:31,65.4,0.06,0,none
2026-10-06 09:34:32,64.6,0.067,0,none
2026-10-06 09:34:33,62.25,0.065,0,none
2026-10-06 09:34:34,63.2,0.067,0,none
2026-10-06 09:34:35,64.02,0.119,0,none
2026-10-06 09:34:36,65.65,0.053,0,none
2026-10-06 09:34:37,64.65,0.055,0,none
2026-10-06 09:34:38,62.87,0.061,0,none
2026-10-06 09:34:39,63.96,0.078,0,none
2026-10-06 09:34:40,63.81,0.055,0,none
2026-10-06 09:34:41,64.72,0.095,0,none
2026-10-06 09:34:42,66.02,0.07,0,none
2026-10-06 09:34:43,62.24,0.076,0,none
2026-10-06 09:34:44,62.93,0.062,0,none
2026-10-06 09:34:45,64.48,0.067,0,none
2026-10-06 09:34:46,64.85,0.084,0,none
2026-10-06 09:34:47,65.28,0.06,0,none
2026-10-06 09:34:48,61.38,0.067,0,none
2026-10-06 09:34:49,64.02,0.062,0,none
2026-10-06 09:34:50,64.12,0.056,0,none
2026-10-06 09:34:51,64.99,0.059,0,none
2026-10-06 09:34:52,65.87,0.06,0,none
2026-10-06 09:34:53,62.79,0.077,0,none
2026-10-06 09:34:54,62.31,0.06,0,none
2026-10-06 09:34:55,64.44,0.054,0,none
2026-10-06 09:34:56,65.89,0.107,0,none
2026-10-06 09:34:57,64.95,0.055,0,none
2026-10-06 09:34:58,62.77,0.055,0,none
2026-10-06 09:34:59,62.38,0.059,0,none
2026-10-06 09:35:00,63.44,0.069,0,none
2026-10-06 09:35:01,64.98,0.058,0,none
2026-10-06 09:35:02,64.21,0.092,0,none
2026-10-06 09:35:03,64.47,0.107,0,none
2026-10-06 09:35:04,62.28,0.054,0,none
2026-10-06 09:35:05,64.19,0.061,0,none
2026-10-06 09:35:06,65.61,0.071,0,none
2026-10-06 09:35:07,64.3,0.062,0,none
2026-10-06 09:35:08,62.7,0.089,0,none
2026-10-06 09:35:09,61.93,0.057,0,none
2026-10-06 09:35:10,63.28,0.056,0,none
2026-10-06 09:35:11,63.53,0.079,0,none
2026-10-06 09:35:12,64.22,0.091,0,none
2026-10-06 09:35:13,63.47,0.101,0,none
2026-10-06 09:35:14,63.39,0.055,0,none
2026-10-06 09:35:15,64.5,0.064,0,none
2026-10-06 09:35:16,65.39,0.053,0,none
2026-10-06 09:35:17,64.09,0.075,0,none
2026-10-06 09:35:18,64.25,0.096,0,none
2026-10-06 09:35:19,63.82,0.059,0,none
2026-10-06 09:35:20,63.1,0.085,0,none
2026-10-06 09:35:21,64.24,0.083,0,none
2026-10-06 09:35:22,63.35,0.053,0,none
2026-10-06 09:35:23,63.8,0.053,0,none
2026-10-06 09:35:24,62.52,0.085,0,none
2026-10-06 09:35:25,62.46,0.077,0,none
2026-10-06 09:35:26,64.47,0.079,0,none
2026-10-06 09:35:27,65.74,0.062,0,none
2026-10-06 09:35:28,63.0,0.065,0,none
2026-10-06 09:35:29,62.3,0.059,0,none
2026-10-06 09:35:30,63.3,0.063,0,none
2026-10-06 09:35:31,63.45,0.066,0,none
2026-10-06 09:35:32,64.34,0.103,0,none
2026-10-06 09:35:33,64.13,0.066,0,none
2026-10-06 09:35:34,62.12,0.068,0,none
2026-10-06 09:35:35,66.47,0.07,0,none
2026-10-06 09:35:36,65.94,0.069,0,none
2026-10-06 09:35:37,62.85,0.054,0,none
2026-10-06 09:35:38,64.54,0.072,0,none
2026-10-06 09:35:39,61.0,0.106,0,none
2026-10-06 09:35:40,64.09,0.094,0,none
2026-10-06 09:35:41,65.69,0.052,0,none
2026-10-06 09:35:42,63.56,0.115,0,none
2026-10-06 09:35:43,62.63,0.067,0,none
2026-10-06 09:35:44,61.58,0.073,0,none
2026-10-06 09:35:45,64.17,0.052,0,none
2026-10-06 09:35:46,64.07,0.083,0,none
2026-10-06 09:35:47,63.59,0.071,0,none
2026-10-06 09:35:48,61.39,0.105,0,none
2026-10-06 09:35:49,63.0,0.059,0,none
2026-10-06 09:35:50,66.53,0.078,0,none
2026-10-06 09:35:51,64.53,0.091,0,none
2026-10-06 09:35:52,63.56,0.059,0,none
2026-10-06 09:35:53,63.0,0.07,0,none
2026-10-06 09:35:54,63.73,0.058,0,none
2026-10-06 09:35:55,63.03,0.106,0,none
2026-10-06 09:35:56,65.0,0.067,0,none
2026-10-06 09:35:57,62.75,0.072,0,none
2026-10-06 09:35:58,64.06,0.064,0,none
2026-10-06 09:35:59,61.52,0.082,0,none
2026-10-06 09:36:00,64.17,0.086,0,none
2026-10-06 09:36:01,64.48,0.079,0,none
2026-10-06 09:36:02,63.76,0.054,0,none
2026-10-06 09:36:03,65.44,0.106,0,none
2026-10-06 09:36:04,62.97,0.083,0,none
2026-10-06 09:36:05,62.45,0.082,0,none
2026-10-06 09:36:06,64.48,0.101,0,none
2026-10-06 09:36:07,64.53,0.077,0,none
2026-10-06 09:36:08,64.23,0.105,0,none
2026-10-06 09:36:09,61.18,0.111,0,none
2026-10-06 09:36:10,62.48,0.071,0,none
2026-10-06 09:36:11,64.32,0.052,0,none
2026-10-06 09:36:12,63.93,0.099,0,none
2026-10-06 09:36:13,61.96,0.054,0,none
2026-10-06 09:36:14,0.0,0.102,1,dropout
2026-10-06 09:36:15,0.0,0.079,1,dropout
2026-10-06 09:36:16,0.0,0.051,1,dropout
2026-10-06 09:36:17,0.0,0.092,1,dropout
2026-10-06 09:36:18,0.0,0.081,1,dropout
2026-10-06 09:36:19,0.0,0.102,1,dropout
2026-10-06 09:36:20,0.0,0.061,1,dropout
2026-10-06 09:36:21,0.0,0.053,1,dropout
2026-10-06 09:36:22,0.0,0.059,1,dropout
2026-10-06 09:36:23,0.0,0.091,1,dropout
2026-10-06 09:36:24,0.0,0.069,1,dropout
2026-10-06 09:36:25,0.0,0.084,1,dropout
2026-10-06 09:36:26,0.0,0.085,1,dropout
2026-10-06 09:36:27,0.0,0.075,1,dropout
2026-10-06 09:36:28,0.0,0.095,1,dropout
2026-10-06 09:36:29,0.0,0.08,1,dropout
2026-10-06 09:36:30,0.0,0.066,1,dropout
2026-10-06 09:36:31,0.0,0.076,1,dropout
2026-10-06 09:36:32,0.0,0.057,1,dropout
2026-10-06 09:36:33,0.0,0.062,1,dropout
2026-10-06 09:36:34,0.0,0.065,1,dropout
2026-10-06 09:36:35,0.0,0.093,1,dropout
2026-10-06 09:36:36,0.0,0.067,1,dropout
2026-10-06 09:36:37,0.0,0.075,1,dropout
2026-10-06 09:36:38,0.0,0.104,1,dropout
2026-10-06 09:36:39,0.0,0.051,1,dropout
2026-10-06 09:36:40,64.39,0.084,0,none
2026-10-06 09:36:41,63.97,0.064,0,none
2026-10-06 09:36:42,65.01,0.051,0,none
2026-10-06 09:36:43,62.37,0.084,0,none
2026-10-06 09:36:44,62.72,0.056,0,none
2026-10-06 09:36:45,62.71,0.072,0,none
2026-10-06 09:36:46,64.07,0.073,0,none
2026-10-06 09:36:47,64.63,0.058,0,none
2026-10-06 09:36:48,62.96,0.087,0,none
2026-10-06 09:36:49,62.41,0.083,0,none
2026-10-06 09:36:50,63.46,0.077,0,none
2026-10-06 09:36:51,63.8,0.06,0,none
2026-10-06 09:36:52,64.3,0.07,0,none
2026-10-06 09:36:53,63.62,0.058,0,none
2026-10-06 09:36:54,62.44,0.061,0,none
2026-10-06 09:36:55,63.08,0.071,0,none
2026-10-06 09:36:56,64.11,0.106,0,none
2026-10-06 09:36:57,63.34,0.075,0,none
2026-10-06 09:36:58,61.94,0.093,0,none
2026-10-06 09:36:59,61.08,0.059,0,none
2026-10-06 09:37:00,64.23,0.092,0,none
2026-10-06 09:37:01,66.16,0.058,0,none
2026-10-06 09:37:02,63.98,0.068,0,none
2026-10-06 09:37:03,63.29,0.08,0,none
2026-10-06 09:37:04,61.43,0.095,0,none
2026-10-06 09:37:05,64.43,0.086,0,none
2026-10-06 09:37:06,64.06,0.069,0,none
2026-10-06 09:37:07,62.76,0.092,0,none
2026-10-06 09:37:08,61.98,0.051,0,none
2026-10-06 09:37:09,60.91,0.071,0,none
2026-10-06 09:37:10,61.23,0.094,0,none
2026-10-06 09:37:11,64.96,0.06,0,none
2026-10-06 09:37:12,64.99,0.096,0,none
2026-10-06 09:37:13,62.81,0.053,0,none
2026-10-06 09:37:14,61.49,0.087,0,none
2026-10-06 09:37:15,63.31,0.059,0,none
2026-10-06 09:37:16,63.54,0.073,0,none
2026-10-06 09:37:17,64.36,0.065,0,none
2026-10-06 09:37:18,63.73,0.088,0,none
2026-10-06 09:37:19,61.6,0.06,0,none
2026-10-06 09:37:20,64.47,0.064,0,none
2026-10-06 09:37:21,65.56,0.068,0,none
2026-10-06 09:37:22,63.75,0.078,0,none
2026-10-06 09:37:23,60.54,0.068,0,none
2026-10-06 09:37:24,61.5,0.057,0,none
2026-10-06 09:37:25,62.99,0.079,0,none
2026-10-06 09:37:26,63.58,0.098,0,none
2026-10-06 09:37:27,63.58,0.076,0,none
2026-10-06 09:37:28,61.35,0.059,0,none
2026-10-06 09:37:29,62.51,0.056,0,none
2026-10-06 09:37:30,61.84,0.101,0,none
2026-10-06 09:37:31,63.89,0.073,0,none
2026-10-06 09:37:32,65.0,0.068,0,none
2026-10-06 09:37:33,61.05,0.076,0,none
2026-10-06 09:37:34,62.43,0.064,0,none
2026-10-06 09:37:35,61.41,0.101,0,none
2026-10-06 09:37:36,65.66,0.058,0,none
2026-10-06 09:37:37,63.11,0.074,0,none
2026-10-06 09:37:38,61.07,0.069,0,none
2026-10-06 09:37:39,61.9,0.088,0,none
2026-10-06 09:37:40,64.91,0.071,0,none
2026-10-06 09:37:41,64.87,0.057,0,none
2026-10-06 09:37:42,66.57,0.102,0,none
2026-10-06 09:37:43,60.69,0.101,0,none
2026-10-06 09:37:44,61.55,0.073,0,none
2026-10-06 09:37:45,61.53,0.054,0,none
2026-10-06 09:37:46,63.95,0.109,0,none
2026-10-06 09:37:47,63.02,0.074,0,none
2026-10-06 09:37:48,62.55,0.101,0,none
2026-10-06 09:37:49,61.06,0.077,0,none
2026-10-06 09:37:50,64.88,0.078,0,none
2026-10-06 09:37:51,63.17,0.055,0,none
2026-10-06 09:37:52,63.41,0.073,0,none
2026-10-06 09:37:53,64.76,0.086,0,none
2026-10-06 09:37:54,62.19,0.057,0,none
2026-10-06 09:37:55,63.39,0.079,0,none
2026-10-06 09:37:56,64.53,0.086,0,none
2026-10-06 09:37:57,63.63,0.06,0,none
2026-10-06 09:37:58,61.7,0.073,0,none
2026-10-06 09:37:59,62.38,0.055,0,none
2026-10-06 09:38:00,61.27,0.061,0,none
2026-10-06 09:38:01,64.2,0.089,0,none
2026-10-06 09:38:02,64.22,0.079,0,none
2026-10-06 09:38:03,62.55,0.071,0,none
2026-10-06 09:38:04,60.58,0.089,0,none
2026-10-06 09:38:05,62.57,0.08,0,none
2026-10-06 09:38:06,65.1,0.065,0,none
2026-10-06 09:38:07,63.91,0.07,0,none
2026-10-06 09:38:08,60.25,0.071,0,none
2026-10-06 09:38:09,64.07,0.064,0,none
2026-10-06 09:38:10,63.46,0.104,0,none
2026-10-06 09:38:11,66.08,0.071,0,none
2026-10-06 09:38:12,62.44,0.073,0,none
2026-10-06 09:38:13,62.89,0.088,0,none
2026-10-06 09:38:14,61.37,0.077,0,none
2026-10-06 09:38:15,63.02,0.065,0,none
2026-10-06 09:38:16,64.01,0.095,0,none
2026-10-06 09:38:17,63.49,0.117,0,none
2026-10-06 09:38:18,62.02,0.061,0,none
2026-10-06 09:38:19,59.99,0.058,0,none
2026-10-06 09:38:20,62.99,0.063,0,none
2026-10-06 09:38:21,65.35,0.081,0,none
2026-10-06 09:38:22,64.42,0.091,0,none
2026-10-06 09:38:23,61.42,0.051,0,none
2026-10-06 09:38:24,63.59,0.082,0,none
2026-10-06 09:38:25,62.89,0.071,0,none
2026-10-06 09:38:26,64.54,0.055,0,none
2026-10-06 09:38:27,65.21,0.109,0,none
2026-10-06 09:38:28,62.54,0.097,0,none
2026-10-06 09:38:29,61.66,0.086,0,none
2026-10-06 09:38:30,62.61,0.076,0,none
2026-10-06 09:38:31,65.33,0.067,0,none
2026-10-06 09:38:32,63.07,0.072,0,none
2026-10-06 09:38:33,61.3,0.062,0,none
2026-10-06 09:38:34,62.8,0.06,0,none
2026-10-06 09:38:35,63.33,0.068,0,none
2026-10-06 09:38:36,64.45,0.052,0,none
2026-10-06 09:38:37,63.34,0.053,0,none
2026-10-06 09:38:38,62.62,0.066,0,none
2026-10-06 09:38:39,62.02,0.093,0,none
2026-10-06 09:38:40,62.07,0.123,0,none
2026-10-06 09:38:41,64.36,0.077,0,none
2026-10-06 09:38:42,64.05,0.072,0,none
2026-10-06 09:38:43,61.6,0.084,0,none
2026-10-06 09:38:44,62.26,0.064,0,none
2026-10-06 09:38:45,61.37,0.068,0,none
2026-10-06 09:38:46,65.4,0.07,0,none
2026-10-06 09:38:47,63.69,0.108,0,none
2026-10-06 09:38:48,61.68,0.061,0,none
2026-10-06 09:38:49,63.08,0.062,0,none
2026-10-06 09:38:50,63.07,0.051,0,none
2026-10-06 09:38:51,63.76,0.052,0,none
2026-10-06 09:38:52,64.63,0.051,0,none
2026-10-06 09:38:53,62.89,0.068,0,none
2026-10-06 09:38:54,62.1,0.078,0,none
2026-10-06 09:38:55,64.35,0.059,0,none
2026-10-06 09:38:56,63.95,0.061,0,none
2026-10-06 09:38:57,63.4,0.083,0,none
2026-10-06 09:38:58,61.64,0.059,0,none
2026-10-06 09:38:59,60.87,0.052,0,none
2026-10-06 09:39:00,64.2,0.072,0,none
2026-10-06 09:39:01,63.89,0.073,0,none
2026-10-06 09:39:02,62.85,0.102,0,none
2026-10-06 09:39:03,60.32,0.066,0,none
2026-10-06 09:39:04,62.02,0.107,0,none
2026-10-06 09:39:05,61.98,0.05,0,none
2026-10-06 09:39:06,62.99,0.062,0,none
2026-10-06 09:39:07,62.6,0.083,0,none
2026-10-06 09:39:08,61.79,0.114,0,none
2026-10-06 09:39:09,60.43,0.083,0,none
2026-10-06 09:39:10,61.91,0.056,0,none
2026-10-06 09:39:11,65.7,0.058,0,none
2026-10-06 09:39:12,62.89,0.063,0,none
2026-10-06 09:39:13,62.6,0.068,0,none
2026-10-06 09:39:14,62.09,0.11,0,none
2026-10-06 09:39:15,61.97,0.061,0,none
2026-10-06 09:39:16,64.43,0.088,0,none
2026-10-06 09:39:17,62.69,0.087,0,none
2026-10-06 09:39:18,62.38,0.059,0,none
2026-10-06 09:39:19,59.78,0.078,0,none
2026-10-06 09:39:20,63.63,0.06,0,none
2026-10-06 09:39:21,64.39,0.091,0,none
2026-10-06 09:39:22,65.02,0.068,0,none
2026-10-06 09:39:23,63.43,0.053,0,none
2026-10-06 09:39:24,60.54,0.058,0,none
2026-10-06 09:39:25,62.6,0.055,0,none
2026-10-06 09:39:26,64.39,0.07,0,none
2026-10-06 09:39:27,63.76,0.115,0,none
2026-10-06 09:39:28,62.33,0.064,0,none
2026-10-06 09:39:29,61.83,0.055,0,none
2026-10-06 09:39:30,63.79,0.123,0,none
2026-10-06 09:39:31,63.84,0.056,0,none
2026-10-06 09:39:32,64.02,0.062,0,none
2026-10-06 09:39:33,64.41,0.058,0,none
2026-10-06 09:39:34,61.42,0.06,0,none
2026-10-06 09:39:35,63.87,0.093,0,none
2026-10-06 09:39:36,66.25,0.054,0,none
2026-10-06 09:39:37,62.38,0.05,0,none
2026-10-06 09:39:38,60.05,0.063,0,none
2026-10-06 09:39:39,62.16,0.05,0,none
2026-10-06 09:39:40,63.1,0.062,0,none
2026-10-06 09:39:41,64.03,0.07,0,none
2026-10-06 09:39:42,63.18,0.062,0,none
2026-10-06 09:39:43,60.1,0.05,0,none
2026-10-06 09:39:44,59.64,0.057,0,none
2026-10-06 09:39:45,63.38,0.058,0,none
2026-10-06 09:39:46,62.67,0.06,0,none
2026-10-06 09:39:47,62.41,0.056,0,none
2026-10-06 09:39:48,60.69,0.084,0,none
2026-10-06 09:39:49,60.03,0.112,0,none
2026-10-06 09:39:50,61.96,0.064,0,none
2026-10-06 09:39:51,63.86,0.082,0,none
2026-10-06 09:39:52,62.14,0.071,0,none
2026-10-06 09:39:53,59.91,0.051,0,none
2026-10-06 09:39:54,61.86,0.112,0,none
2026-10-06 09:39:55,63.25,0.06,0,none
2026-10-06 09:39:56,62.64,0.069,0,none
2026-10-06 09:39:57,64.33,0.093,0,none
2026-10-06 09:39:58,61.25,0.072,0,none
2026-10-06 09:39:59,61.23,0.058,0,none
2026-10-06 09:40:00,61.36,0.061,0,none
2026-10-06 09:40:01,63.62,0.077,0,none
2026-10-06 09:40:02,62.73,0.099,0,none
2026-10-06 09:40:03,62.71,0.07,0,none
2026-10-06 09:40:04,61.67,0.09,0,none
2026-10-06 09:40:05,62.35,0.092,0,none
2026-10-06 09:40:06,63.23,0.094,0,none
2026-10-06 09:40:07,63.15,0.078,0,none
2026-10-06 09:40:08,61.85,0.061,0,none
2026-10-06 09:40:09,62.43,0.072,0,none
2026-10-06 09:40:10,60.57,0.056,0,none
2026-10-06 09:40:11,63.01,0.111,0,none
2026-10-06 09:40:12,63.2,0.056,0,none
2026-10-06 09:40:13,62.11,0.06,0,none
2026-10-06 09:40:14,60.13,0.075,0,none
2026-10-06 09:40:15,62.37,0.061,0,none
2026-10-06 09:40:16,63.59,0.058,0,none
2026-10-06 09:40:17,62.56,0.074,0,none
2026-10-06 09:40:18,60.34,0.054,0,none
2026-10-06 09:40:19,59.04,0.076,0,none
2026-10-06 09:40:20,63.18,0.081,0,none
2026-10-06 09:40:21,64.99,0.084,0,none
2026-10-06 09:40:22,63.35,0.101,0,none
2026-10-06 09:40:23,60.0,0.079,0,none
2026-10-06 09:40:24,59.79,0.077,0,none
2026-10-06 09:40:25,60.16,0.081,0,none
2026-10-06 09:40:26,65.2,0.111,0,none
2026-10-06 09:40:27,61.86,0.051,0,none
2026-10-06 09:40:28,63.13,0.087,0,none
2026-10-06 09:40:29,59.24,0.082,0,none
2026-10-06 09:40:30,61.15,0.052,0,none
2026-10-06 09:40:31,63.62,0.056,0,none
2026-10-06 09:40:32,62.85,0.076,0,none
2026-10-06 09:40:33,63.13,0.061,0,none
2026-10-06 09:40:34,61.85,0.059,0,none
2026-10-06 09:40:35,62.25,0.076,0,none
2026-10-06 09:40:36,63.04,0.067,0,none
2026-10-06 09:40:37,63.64,0.077,0,none
2026-10-06 09:40:38,60.38,0.088,0,none
2026-10-06 09:40:39,60.29,0.074,0,none
2026-10-06 09:40:40,63.5,0.075,0,none
2026-10-06 09:40:41,63.11,0.083,0,none
2026-10-06 09:40:42,60.58,0.104,0,none
2026-10-06 09:40:43,61.66,0.091,0,none
2026-10-06 09:40:44,61.24,0.067,0,none
2026-10-06 09:40:45,61.24,0.11,0,none
2026-10-06 09:40:46,64.91,0.052,0,none
2026-10-06 09:40:47,63.13,0.068,0,none
2026-10-06 09:40:48,61.15,0.085,0,none
2026-10-06 09:40:49,61.51,0.052,0,none
2026-10-06 09:40:50,61.05,0.081,0,none
2026-10-06 09:40:51,63.82,0.077,0,none
2026-10-06 09:40:52,63.05,0.102,0,none
2026-10-06 09:40:53,62.19,0.06,0,none
2026-10-06 09:40:54,59.45,0.071,0,none
2026-10-06 09:40:55,61.79,0.096,0,none
2026-10-06 09:40:56,62.16,0.057,0,none
2026-10-06 09:40:57,62.67,0.083,0,none
2026-10-06 09:40:58,61.13,0.081,0,none
2026-10-06 09:40:59,61.66,0.058,0,none
2026-10-06 09:41:00,63.2,0.136,0,none
2026-10-06 09:41:01,63.52,0.076,0,none
2026-10-06 09:41:02,63.17,0.105,0,none
2026-10-06 09:41:03,60.57,0.081,0,none
2026-10-06 09:41:04,59.01,0.055,0,none
2026-10-06 09:41:05,63.0,0.084,0,none
2026-10-06 09:41:06,59.99,0.057,0,none
2026-10-06 09:41:07,61.7,0.093,0,none
2026-10-06 09:41:08,63.64,0.063,1,drift
2026-10-06 09:41:09,61.61,0.061,1,drift
2026-10-06 09:41:10,60.8,0.068,1,drift
2026-10-06 09:41:11,64.09,0.059,1,drift
2026-10-06 09:41:12,63.79,0.067,1,drift
2026-10-06 09:41:13,63.72,0.102,1,drift
2026-10-06 09:41:14,61.23,0.1,1,drift
2026-10-06 09:41:15,63.17,0.067,1,drift
2026-10-06 09:41:16,64.7,0.099,1,drift
2026-10-06 09:41:17,61.37,0.084,1,drift
2026-10-06 09:41:18,62.03,0.074,1,drift
2026-10-06 09:41:19,60.19,0.096,1,drift
2026-10-06 09:41:20,62.79,0.052,1,drift
2026-10-06 09:41:21,61.95,0.069,1,drift
2026-10-06 09:41:22,63.72,0.055,1,drift
2026-10-06 09:41:23,61.8,0.088,1,drift
2026-10-06 09:41:24,61.17,0.097,1,drift
2026-10-06 09:41:25,61.34,0.055,1,drift
2026-10-06 09:41:26,64.16,0.066,1,drift
2026-10-06 09:41:27,62.43,0.072,1,drift
2026-10-06 09:41:28,61.0,0.062,1,drift
2026-10-06 09:41:29,62.86,0.06,1,drift
2026-10-06 09:41:30,61.62,0.096,1,drift
2026-10-06 09:41:31,63.99,0.054,1,drift
2026-10-06 09:41:32,63.79,0.106,1,drift
2026-10-06 09:41:33,63.09,0.09,1,drift
2026-10-06 09:41:34,61.81,0.063,1,drift
2026-10-06 09:41:35,62.58,0.061,1,drift
2026-10-06 09:41:36,66.2,0.057,1,drift
2026-10-06 09:41:37,63.03,0.069,1,drift
2026-10-06 09:41:38,61.31,0.082,1,drift
2026-10-06 09:41:39,62.61,0.108,1,drift
2026-10-06 09:41:40,61.43,0.062,1,drift
2026-10-06 09:41:41,65.59,0.059,1,drift
2026-10-06 09:41:42,62.83,0.075,1,drift
2026-10-06 09:41:43,63.23,0.058,1,drift
2026-10-06 09:41:44,60.93,0.09,1,drift
2026-10-06 09:41:45,62.61,0.102,1,drift
2026-10-06 09:41:46,64.16,0.095,1,drift
2026-10-06 09:41:47,64.24,0.059,1,drift
2026-10-06 09:41:48,64.74,0.076,1,drift
2026-10-06 09:41:49,63.7,0.06,1,drift
2026-10-06 09:41:50,64.62,0.102,1,drift
2026-10-06 09:41:51,62.63,0.08,1,drift
2026-10-06 09:41:52,65.98,0.065,1,drift
2026-10-06 09:41:53,63.18,0.094,1,drift
2026-10-06 09:41:54,63.81,0.109,1,drift
2026-10-06 09:41:55,64.31,0.088,1,drift
2026-10-06 09:41:56,66.57,0.059,1,drift
2026-10-06 09:41:57,64.28,0.063,1,drift
2026-10-06 09:41:58,63.79,0.078,1,drift
2026-10-06 09:41:59,62.47,0.074,1,drift
2026-10-06 09:42:00,63.37,0.057,1,drift
2026-10-06 09:42:01,64.44,0.114,1,drift
2026-10-06 09:42:02,63.86,0.057,1,drift
2026-10-06 09:42:03,64.64,0.071,1,drift
2026-10-06 09:42:04,64.29,0.058,1,drift
2026-10-06 09:42:05,65.47,0.057,1,drift
2026-10-06 09:42:06,64.51,0.051,1,drift
2026-10-06 09:42:07,64.81,0.068,1,drift
2026-10-06 09:42:08,64.67,0.054,1,drift
2026-10-06 09:42:09,63.76,0.066,1,drift
2026-10-06 09:42:10,65.71,0.072,1,drift
2026-10-06 09:42:11,66.22,0.102,1,drift
2026-10-06 09:42:12,65.56,0.077,1,drift
2026-10-06 09:42:13,64.3,0.088,1,drift
2026-10-06 09:42:14,62.34,0.117,1,drift
2026-10-06 09:42:15,63.64,0.051,1,drift
2026-10-06 09:42:16,66.82,0.063,1,drift
2026-10-06 09:42:17,65.56,0.054,1,drift
2026-10-06 09:42:18,63.15,0.079,1,drift
2026-10-06 09:42:19,62.62,0.053,1,drift
2026-10-06 09:42:20,63.44,0.068,1,drift
2026-10-06 09:42:21,66.18,0.087,1,drift
2026-10-06 09:42:22,67.44,0.082,1,drift
2026-10-06 09:42:23,63.46,0.066,1,drift
2026-10-06 09:42:24,64.81,0.077,1,drift
2026-10-06 09:42:25,65.25,0.066,1,drift
2026-10-06 09:42:26,66.24,0.057,1,drift
2026-10-06 09:42:27,66.78,0.053,1,drift
2026-10-06 09:42:28,64.04,0.059,1,drift
2026-10-06 09:42:29,63.7,0.101,1,drift
2026-10-06 09:42:30,65.12,0.066,1,drift
2026-10-06 09:42:31,66.63,0.087,1,drift
2026-10-06 09:42:32,65.77,0.05,1,drift
2026-10-06 09:42:33,65.05,0.06,1,drift
2026-10-06 09:42:34,63.17,0.104,1,drift
2026-10-06 09:42:35,64.26,0.06,1,drift
2026-10-06 09:42:36,66.11,0.127,1,drift
2026-10-06 09:42:37,65.64,0.057,1,drift
2026-10-06 09:42:38,65.92,0.083,1,drift
2026-10-06 09:42:39,64.37,0.096,1,drift
2026-10-06 09:42:40,66.49,0.061,1,drift
2026-10-06 09:42:41,67.84,0.057,1,drift
2026-10-06 09:42:42,65.14,0.098,1,drift
2026-10-06 09:42:43,66.29,0.05,1,drift
2026-10-06 09:42:44,64.39,0.057,1,drift
2026-10-06 09:42:45,65.34,0.06,1,drift
2026-10-06 09:42:46,66.46,0.099,1,drift
2026-10-06 09:42:47,66.74,0.054,1,drift
2026-10-06 09:42:48,66.84,0.054,1,drift
2026-10-06 09:42:49,67.05,0.06,1,drift
2026-10-06 09:42:50,67.17,0.061,1,drift
2026-10-06 09:42:51,69.28,0.053,1,drift
2026-10-06 09:42:52,65.74,0.064,1,drift
2026-10-06 09:42:53,64.07,0.086,1,drift
2026-10-06 09:42:54,64.55,0.081,1,drift
2026-10-06 09:42:55,68.7,0.059,1,drift
2026-10-06 09:42:56,69.83,0.071,1,drift
2026-10-06 09:42:57,69.74,0.08,1,drift
2026-10-06 09:42:58,66.51,0.069,1,drift
2026-10-06 09:42:59,64.72,0.052,1,drift
2026-10-06 09:43:00,67.57,0.064,1,drift
2026-10-06 09:43:01,67.43,0.094,1,drift
2026-10-06 09:43:02,66.37,0.053,1,drift
2026-10-06 09:43:03,67.33,0.063,1,drift
2026-10-06 09:43:04,65.58,0.095,1,drift
2026-10-06 09:43:05,68.93,0.07,1,drift
2026-10-06 09:43:06,65.98,0.051,1,drift
2026-10-06 09:43:07,67.18,0.061,1,drift
2026-10-06 09:43:08,65.43,0.056,1,drift
2026-10-06 09:43:09,64.18,0.074,1,drift
2026-10-06 09:43:10,66.99,0.064,1,drift
2026-10-06 09:43:11,67.77,0.082,1,drift
2026-10-06 09:43:12,67.6,0.068,1,drift
2026-10-06 09:43:13,67.27,0.079,1,drift
2026-10-06 09:43:14,66.06,0.053,1,drift
2026-10-06 09:43:15,69.1,0.078,1,drift
2026-10-06 09:43:16,70.4,0.058,1,drift
2026-10-06 09:43:17,68.17,0.085,1,drift
2026-10-06 09:43:18,68.11,0.08,1,drift
2026-10-06 09:43:19,66.11,0.088,1,drift
2026-10-06 09:43:20,66.32,0.056,1,drift
2026-10-06 09:43:21,68.79,0.085,1,drift
2026-10-06 09:43:22,67.95,0.08,1,drift
2026-10-06 09:43:23,67.25,0.083,1,drift
2026-10-06 09:43:24,66.46,0.078,1,drift
2026-10-06 09:43:25,67.76,0.079,1,drift
2026-10-06 09:43:26,69.66,0.083,1,drift
2026-10-06 09:43:27,69.36,0.054,1,drift
2026-10-06 09:43:28,68.01,0.052,1,drift
2026-10-06 09:43:29,67.61,0.117,1,drift
2026-10-06 09:43:30,66.86,0.062,1,drift
2026-10-06 09:43:31,69.01,0.061,1,drift
2026-10-06 09:43:32,69.91,0.085,1,drift
2026-10-06 09:43:33,67.73,0.07,1,drift
2026-10-06 09:43:34,67.22,0.061,1,drift
2026-10-06 09:43:35,67.73,0.083,1,drift
2026-10-06 09:43:36,70.26,0.087,1,drift
2026-10-06 09:43:37,70.62,0.067,1,drift
2026-10-06 09:43:38,68.1,0.055,1,drift
2026-10-06 09:43:39,68.16,0.13,1,drift
2026-10-06 09:43:40,68.85,0.051,1,drift
2026-10-06 09:43:41,68.95,0.105,1,drift
2026-10-06 09:43:42,69.76,0.071,1,drift
2026-10-06 09:43:43,69.64,0.05,1,drift
2026-10-06 09:43:44,67.96,0.076,1,drift
2026-10-06 09:43:45,69.94,0.053,1,drift
2026-10-06 09:43:46,70.3,0.078,1,drift
2026-10-06 09:43:47,68.68,0.058,1,drift
2026-10-06 09:43:48,69.31,0.073,1,drift
2026-10-06 09:43:49,68.86,0.07,1,drift
2026-10-06 09:43:50,69.27,0.089,1,drift
2026-10-06 09:43:51,71.7,0.051,1,drift
2026-10-06 09:43:52,71.39,0.055,1,drift
2026-10-06 09:43:53,71.08,0.053,1,drift
2026-10-06 09:43:54,66.71,0.078,1,drift
2026-10-06 09:43:55,70.74,0.078,1,drift
2026-10-06 09:43:56,72.08,0.086,1,drift
2026-10-06 09:43:57,69.7,0.074,1,drift
2026-10-06 09:43:58,68.45,0.06,1,drift
2026-10-06 09:43:59,68.03,0.061,1,drift
2026-10-06 09:44:00,69.21,0.082,1,drift
2026-10-06 09:44:01,71.83,0.065,1,drift
2026-10-06 09:44:02,69.94,0.069,1,drift
2026-10-06 09:44:03,72.01,0.112,1,drift
2026-10-06 09:44:04,67.44,0.1,1,drift
2026-10-06 09:44:05,69.83,0.05,1,drift
2026-10-06 09:44:06,69.62,0.056,1,drift
2026-10-06 09:44:07,69.64,0.057,1,drift
2026-10-06 09:44:08,68.41,0.063,1,drift
2026-10-06 09:44:09,67.41,0.079,1,drift
2026-10-06 09:44:10,71.79,0.079,1,drift
2026-10-06 09:44:11,72.32,0.053,1,drift
2026-10-06 09:44:12,71.67,0.054,1,drift
2026-10-06 09:44:13,68.25,0.075,1,drift
2026-10-06 09:44:14,68.29,0.103,1,drift
2026-10-06 09:44:15,70.04,0.054,1,drift
2026-10-06 09:44:16,69.4,0.073,1,drift
2026-10-06 09:44:17,72.41,0.081,1,drift
2026-10-06 09:44:18,69.62,0.055,1,drift
2026-10-06 09:44:19,70.55,0.058,1,drift
2026-10-06 09:44:20,70.82,0.087,1,drift
2026-10-06 09:44:21,72.38,0.084,1,drift
2026-10-06 09:44:22,71.44,0.077,1,drift
2026-10-06 09:44:23,72.03,0.064,1,drift
2026-10-06 09:44:24,69.73,0.052,1,drift
2026-10-06 09:44:25,71.85,0.05,1,drift
2026-10-06 09:44:26,72.63,0.054,1,drift
2026-10-06 09:44:27,71.68,0.094,1,drift
2026-10-06 09:44:28,70.84,0.053,1,drift
2026-10-06 09:44:29,69.98,0.072,1,drift
2026-10-06 09:44:30,71.55,0.08,1,drift
2026-10-06 09:44:31,71.94,0.065,1,drift
2026-10-06 09:44:32,72.23,0.059,1,drift
2026-10-06 09:44:33,70.66,0.057,1,drift
2026-10-06 09:44:34,71.78,0.087,1,drift
2026-10-06 09:44:35,72.77,0.118,1,drift
2026-10-06 09:44:36,73.93,0.053,1,drift
2026-10-06 09:44:37,70.89,0.101,1,drift
2026-10-06 09:44:38,68.99,0.068,1,drift
2026-10-06 09:44:39,70.34,0.097,1,drift
2026-10-06 09:44:40,71.23,0.054,1,drift
2026-10-06 09:44:41,73.11,0.084,1,drift
2026-10-06 09:44:42,73.11,0.061,1,drift
2026-10-06 09:44:43,71.0,0.058,1,drift
2026-10-06 09:44:44,70.32,0.114,1,drift
2026-10-06 09:44:45,72.8,0.054,1,drift
2026-10-06 09:44:46,75.15,0.103,1,drift
2026-10-06 09:44:47,73.54,0.086,1,drift
2026-10-06 09:44:48,71.38,0.101,1,drift
2026-10-06 09:44:49,70.13,0.051,1,drift
2026-10-06 09:44:50,71.84,0.095,1,drift
2026-10-06 09:44:51,72.8,0.118,1,drift
2026-10-06 09:44:52,71.71,0.067,1,drift
2026-10-06 09:44:53,71.28,0.08,1,drift
2026-10-06 09:44:54,72.18,0.085,1,drift
2026-10-06 09:44:55,74.01,0.085,1,drift
2026-10-06 09:44:56,72.77,0.052,1,drift
2026-10-06 09:44:57,74.65,0.069,1,drift
2026-10-06 09:44:58,74.0,0.102,1,drift
2026-10-06 09:44:59,70.58,0.092,1,drift
2026-10-06 09:45:00,72.86,0.07,1,drift
2026-10-06 09:45:01,74.34,0.071,1,drift
2026-10-06 09:45:02,74.67,0.05,1,drift
2026-10-06 09:45:03,71.47,0.077,1,drift
2026-10-06 09:45:04,71.51,0.068,1,drift
2026-10-06 09:45:05,72.24,0.069,1,drift
2026-10-06 09:45:06,73.89,0.055,1,drift
2026-10-06 09:45:07,73.36,0.094,1,drift
2026-10-06 09:45:08,73.19,0.078,1,drift
2026-10-06 09:45:09,71.87,0.116,1,drift
2026-10-06 09:45:10,72.17,0.067,1,drift
2026-10-06 09:45:11,73.39,0.058,1,drift
2026-10-06 09:45:12,73.76,0.058,1,drift
2026-10-06 09:45:13,70.33,0.052,1,drift
2026-10-06 09:45:14,72.77,0.074,1,drift
2026-10-06 09:45:15,73.08,0.113,1,drift
2026-10-06 09:45:16,74.0,0.062,1,drift
2026-10-06 09:45:17,73.29,0.12,1,drift
2026-10-06 09:45:18,71.76,0.084,1,drift
2026-10-06 09:45:19,72.18,0.07,1,drift
2026-10-06 09:45:20,73.29,0.095,1,drift
2026-10-06 09:45:21,75.3,0.056,1,drift
2026-10-06 09:45:22,74.56,0.076,1,drift
2026-10-06 09:45:23,71.96,0.071,1,drift
2026-10-06 09:45:24,70.54,0.095,1,drift
2026-10-06 09:45:25,73.04,0.082,1,drift
2026-10-06 09:45:26,75.22,0.051,1,drift
2026-10-06 09:45:27,74.01,0.061,1,drift
2026-10-06 09:45:28,72.46,0.053,1,drift
2026-10-06 09:45:29,71.15,0.076,1,drift
2026-10-06 09:45:30,74.02,0.063,1,drift
2026-10-06 09:45:31,75.56,0.067,1,drift
2026-10-06 09:45:32,73.92,0.067,1,drift
2026-10-06 09:45:33,75.24,0.073,1,drift
2026-10-06 09:45:34,72.39,0.078,1,drift
2026-10-06 09:45:35,75.57,0.062,1,drift
2026-10-06 09:45:36,75.27,0.057,1,drift
2026-10-06 09:45:37,76.22,0.097,1,drift
2026-10-06 09:45:38,72.78,0.087,1,drift
2026-10-06 09:45:39,75.17,0.059,1,drift
2026-10-06 09:45:40,74.43,0.06,1,drift
2026-10-06 09:45:41,74.25,0.073,1,drift
2026-10-06 09:45:42,75.5,0.056,1,drift
2026-10-06 09:45:43,76.66,0.077,1,drift
2026-10-06 09:45:44,73.42,0.06,1,drift
2026-10-06 09:45:45,74.03,0.063,1,drift
2026-10-06 09:45:46,76.84,0.106,1,drift
2026-10-06 09:45:47,74.8,0.074,1,drift
2026-10-06 09:45:48,75.03,0.103,1,drift
2026-10-06 09:45:49,73.53,0.075,1,drift
2026-10-06 09:45:50,75.78,0.064,1,drift
2026-10-06 09:45:51,76.27,0.06,1,drift
2026-10-06 09:45:52,74.77,0.073,1,drift
2026-10-06 09:45:53,72.8,0.053,1,drift
2026-10-06 09:45:54,73.92,0.057,1,drift
2026-10-06 09:45:55,76.57,0.052,1,drift
2026-10-06 09:45:56,77.04,0.059,1,drift
2026-10-06 09:45:57,76.59,0.064,1,drift
2026-10-06 09:45:58,74.2,0.054,1,drift
2026-10-06 09:45:59,72.84,0.058,1,drift
2026-10-06 09:46:00,76.05,0.07,1,drift
2026-10-06 09:46:01,77.74,0.057,1,drift
2026-10-06 09:46:02,74.86,0.06,1,drift
2026-10-06 09:46:03,75.67,0.054,1,drift
2026-10-06 09:46:04,74.0,0.083,1,drift
2026-10-06 09:46:05,76.77,0.058,1,drift
2026-10-06 09:46:06,75.07,0.067,1,drift
2026-10-06 09:46:07,76.86,0.055,1,drift
2026-10-06 09:46:08,61.01,0.081,0,none
2026-10-06 09:46:09,59.6,0.063,0,none
2026-10-06 09:46:10,60.61,0.074,0,none
2026-10-06 09:46:11,59.73,0.073,0,none
2026-10-06 09:46:12,61.39,0.099,0,none
2026-10-06 09:46:13,60.19,0.068,0,none
2026-10-06 09:46:14,59.25,0.075,0,none
2026-10-06 09:46:15,61.07,0.064,0,none
2026-10-06 09:46:16,61.86,0.098,0,none
2026-10-06 09:46:17,61.14,0.105,0,none
2026-10-06 09:46:18,60.35,0.064,0,none
2026-10-06 09:46:19,59.72,0.063,0,none
2026-10-06 09:46:20,61.49,0.058,0,none
2026-10-06 09:46:21,60.52,0.062,0,none
2026-10-06 09:46:22,63.68,0.054,0,none
2026-10-06 09:46:23,60.74,0.105,0,none
2026-10-06 09:46:24,57.98,0.076,0,none
2026-10-06 09:46:25,62.19,0.102,0,none
2026-10-06 09:46:26,60.67,0.071,0,none
2026-10-06 09:46:27,62.15,0.073,0,none
2026-10-06 09:46:28,59.24,0.07,0,none
2026-10-06 09:46:29,60.03,0.089,0,none
2026-10-06 09:46:30,62.05,0.081,0,none
2026-10-06 09:46:31,60.62,0.056,0,none
2026-10-06 09:46:32,60.13,0.059,0,none
2026-10-06 09:46:33,59.56,0.052,0,none
2026-10-06 09:46:34,60.43,0.057,0,none
2026-10-06 09:46:35,60.0,0.057,0,none
2026-10-06 09:46:36,62.42,0.1,0,none
2026-10-06 09:46:37,60.54,0.051,0,none
2026-10-06 09:46:38,60.83,0.124,0,none
2026-10-06 09:46:39,60.04,0.057,0,none
2026-10-06 09:46:40,59.81,0.081,0,none
2026-10-06 09:46:41,63.84,0.071,0,none
2026-10-06 09:46:42,62.33,0.074,0,none
2026-10-06 09:46:43,60.14,0.055,0,none
2026-10-06 09:46:44,57.53,0.078,0,none
2026-10-06 09:46:45,61.58,0.109,0,none
2026-10-06 09:46:46,63.2,0.056,0,none
2026-10-06 09:46:47,60.24,0.063,0,none
2026-10-06 09:46:48,58.7,0.083,0,none
2026-10-06 09:46:49,58.92,0.058,0,none
2026-10-06 09:46:50,60.03,0.059,0,none
2026-10-06 09:46:51,61.08,0.076,0,none
2026-10-06 09:46:52,60.83,0.077,0,none
2026-10-06 09:46:53,59.49,0.062,0,none
2026-10-06 09:46:54,60.05,0.079,0,none
2026-10-06 09:46:55,61.45,0.107,0,none
2026-10-06 09:46:56,61.6,0.074,0,none
2026-10-06 09:46:57,60.72,0.058,0,none
2026-10-06 09:46:58,62.83,0.068,0,none
2026-10-06 09:46:59,59.61,0.05,0,none
2026-10-06 09:47:00,60.65,0.074,0,none
2026-10-06 09:47:01,62.41,0.051,0,none
2026-10-06 09:47:02,60.48,0.052,0,none
2026-10-06 09:47:03,60.48,0.066,0,none
2026-10-06 09:47:04,61.46,0.075,0,none
2026-10-06 09:47:05,57.84,0.051,0,none
2026-10-06 09:47:06,61.59,0.061,0,none
2026-10-06 09:47:07,61.4,0.088,0,none
2026-10-06 09:47:08,60.09,0.066,0,none
2026-10-06 09:47:09,60.92,0.096,0,none
2026-10-06 09:47:10,59.35,0.059,0,none
2026-10-06 09:47:11,62.34,0.063,0,none
2026-10-06 09:47:12,61.64,0.062,0,none
2026-10-06 09:47:13,59.35,0.113,0,none
2026-10-06 09:47:14,58.58,0.057,0,none
2026-10-06 09:47:15,61.38,0.06,0,none
2026-10-06 09:47:16,59.73,0.078,0,none
2026-10-06 09:47:17,60.6,0.062,0,none
2026-10-06 09:47:18,59.77,0.059,0,none
2026-10-06 09:47:19,58.39,0.066,0,none
2026-10-06 09:47:20,62.1,0.064,0,none
2026-10-06 09:47:21,62.28,0.112,0,none
2026-10-06 09:47:22,60.41,0.086,0,none
2026-10-06 09:47:23,59.87,0.055,0,none
2026-10-06 09:47:24,57.41,0.051,0,none
2026-10-06 09:47:25,62.68,0.07,0,none
2026-10-06 09:47:26,60.48,0.065,0,none
2026-10-06 09:47:27,62.42,0.058,0,none
2026-10-06 09:47:28,59.35,0.068,0,none
2026-10-06 09:47:29,59.95,0.061,0,none
2026-10-06 09:47:30,60.11,0.06,0,none
2026-10-06 09:47:31,60.67,0.061,0,none
2026-10-06 09:47:32,61.13,0.125,0,none
2026-10-06 09:47:33,60.94,0.056,0,none
2026-10-06 09:47:34,60.46,0.08,0,none
2026-10-06 09:47:35,59.75,0.069,0,none
2026-10-06 09:47:36,62.04,0.086,0,none
2026-10-06 09:47:37,61.1,0.069,0,none
2026-10-06 09:47:38,60.87,0.089,0,none
2026-10-06 09:47:39,59.39,0.058,0,none
2026-10-06 09:47:40,60.45,0.099,0,none
2026-10-06 09:47:41,59.55,0.051,0,none
2026-10-06 09:47:42,61.47,0.122,0,none
2026-10-06 09:47:43,60.21,0.063,0,none
2026-10-06 09:47:44,58.86,0.071,0,none
2026-10-06 09:47:45,61.51,0.104,0,none
2026-10-06 09:47:46,61.01,0.064,0,none
2026-10-06 09:47:47,60.61,0.053,0,none
2026-10-06 09:47:48,58.44,0.074,0,none
2026-10-06 09:47:49,59.56,0.058,0,none
2026-10-06 09:47:50,60.77,0.082,0,none
2026-10-06 09:47:51,61.63,0.131,0,none
2026-10-06 09:47:52,62.48,0.077,0,none
2026-10-06 09:47:53,60.53,0.115,0,none
2026-10-06 09:47:54,59.29,0.066,0,none
2026-10-06 09:47:55,61.56,0.09,0,none
2026-10-06 09:47:56,62.98,0.079,0,none
2026-10-06 09:47:57,60.3,0.064,0,none
2026-10-06 09:47:58,60.38,0.051,0,none
2026-10-06 09:47:59,59.89,0.063,0,none
2026-10-06 09:48:00,62.03,0.07,0,none
2026-10-06 09:48:01,62.05,0.068,0,none
2026-10-06 09:48:02,60.21,0.098,0,none
2026-10-06 09:48:03,60.68,0.053,0,none
2026-10-06 09:48:04,59.13,0.051,0,none
2026-10-06 09:48:05,60.2,0.066,0,none
2026-10-06 09:48:06,62.65,0.057,0,none
2026-10-06 09:48:07,62.52,0.076,0,none
2026-10-06 09:48:08,62.68,0.066,0,none
2026-10-06 09:48:09,58.19,0.077,0,none
2026-10-06 09:48:10,61.94,0.065,0,none
2026-10-06 09:48:11,61.73,0.052,0,none
2026-10-06 09:48:12,62.28,0.078,0,none
2026-10-06 09:48:13,59.99,0.096,0,none
2026-10-06 09:48:14,58.7,0.102,0,none
2026-10-06 09:48:15,60.98,0.069,0,none
2026-10-06 09:48:16,61.92,0.081,0,none
2026-10-06 09:48:17,59.7,0.071,0,none
2026-10-06 09:48:18,58.83,0.059,0,none
2026-10-06 09:48:19,60.18,0.069,0,none
2026-10-06 09:48:20,61.84,0.08,0,none
2026-10-06 09:48:21,62.08,0.058,0,none
2026-10-06 09:48:22,61.08,0.06,0,none
2026-10-06 09:48:23,62.26,0.071,0,none
2026-10-06 09:48:24,59.96,0.052,0,none
2026-10-06 09:48:25,61.48,0.088,0,none
2026-10-06 09:48:26,61.65,0.105,0,none
2026-10-06 09:48:27,61.18,0.109,0,none
2026-10-06 09:48:28,59.94,0.064,0,none
2026-10-06 09:48:29,58.45,0.078,0,none
2026-10-06 09:48:30,59.87,0.074,0,none
2026-10-06 09:48:31,61.93,0.075,0,none
2026-10-06 09:48:32,61.24,0.101,0,none
2026-10-06 09:48:33,60.51,0.132,0,none
2026-10-06 09:48:34,58.63,0.09,0,none
2026-10-06 09:48:35,61.11,0.082,0,none
2026-10-06 09:48:36,62.63,0.052,0,none
2026-10-06 09:48:37,61.5,0.079,0,none
2026-10-06 09:48:38,61.26,0.056,0,none
2026-10-06 09:48:39,60.86,0.091,0,none
2026-10-06 09:48:40,61.21,0.098,0,none
2026-10-06 09:48:41,61.91,0.082,0,none
2026-10-06 09:48:42,61.99,0.111,0,none
2026-10-06 09:48:43,59.14,0.055,0,none
2026-10-06 09:48:44,57.6,0.063,0,none
2026-10-06 09:48:45,59.34,0.071,0,none
2026-10-06 09:48:46,62.47,0.063,0,none
2026-10-06 09:48:47,61.47,0.069,0,none
2026-10-06 09:48:48,60.0,0.061,0,none
2026-10-06 09:48:49,60.31,0.087,0,none
2026-10-06 09:48:50,59.73,0.072,0,none
2026-10-06 09:48:51,61.81,0.111,0,none
2026-10-06 09:48:52,61.84,0.067,0,none
2026-10-06 09:48:53,60.15,0.102,0,none
2026-10-06 09:48:54,59.57,0.074,0,none
2026-10-06 09:48:55,58.98,0.079,0,none
2026-10-06 09:48:56,62.29,0.078,0,none
2026-10-06 09:48:57,61.06,0.105,0,none
2026-10-06 09:48:58,61.07,0.052,0,none
2026-10-06 09:48:59,57.95,0.068,0,none
2026-10-06 09:49:00,61.99,0.055,0,none
2026-10-06 09:49:01,62.28,0.081,0,none
2026-10-06 09:49:02,61.36,0.091,0,none
2026-10-06 09:49:03,61.95,0.072,0,none
2026-10-06 09:49:04,60.84,0.074,0,none
2026-10-06 09:49:05,61.6,0.063,0,none
2026-10-06 09:49:06,62.7,0.114,0,none
2026-10-06 09:49:07,61.45,0.057,0,none
2026-10-06 09:49:08,58.88,0.075,0,none
2026-10-06 09:49:09,58.07,0.114,0,none
2026-10-06 09:49:10,62.18,0.1,0,none
2026-10-06 09:49:11,62.31,0.07,0,none
2026-10-06 09:49:12,62.27,0.078,0,none
2026-10-06 09:49:13,59.83,0.095,0,none
2026-10-06 09:49:14,58.79,0.068,0,none
2026-10-06 09:49:15,60.07,0.083,0,none
2026-10-06 09:49:16,61.26,0.096,0,none
2026-10-06 09:49:17,60.48,0.057,0,none
2026-10-06 09:49:18,60.77,0.088,0,none
2026-10-06 09:49:19,60.37,0.062,0,none
2026-10-06 09:49:20,61.96,0.074,0,none
2026-10-06 09:49:21,60.66,0.068,0,none
2026-10-06 09:49:22,61.86,0.05,0,none
2026-10-06 09:49:23,61.16,0.075,0,none
2026-10-06 09:49:24,60.44,0.055,0,none
2026-10-06 09:49:25,61.68,0.081,0,none
2026-10-06 09:49:26,64.0,0.062,0,none
2026-10-06 09:49:27,61.75,0.064,0,none
2026-10-06 09:49:28,60.73,0.098,1,drift
2026-10-06 09:49:29,61.4,0.072,1,drift
2026-10-06 09:49:30,60.25,0.052,1,drift
2026-10-06 09:49:31,61.78,0.055,1,drift
2026-10-06 09:49:32,61.54,0.056,1,drift
2026-10-06 09:49:33,61.35,0.086,1,drift
2026-10-06 09:49:34,59.61,0.107,1,drift
2026-10-06 09:49:35,60.64,0.069,1,drift
2026-10-06 09:49:36,62.27,0.087,1,drift
2026-10-06 09:49:37,62.3,0.068,1,drift
2026-10-06 09:49:38,60.56,0.07,1,drift
2026-10-06 09:49:39,59.93,0.105,1,drift
2026-10-06 09:49:40,60.14,0.094,1,drift
2026-10-06 09:49:41,64.37,0.069,1,drift
2026-10-06 09:49:42,61.02,0.058,1,drift
2026-10-06 09:49:43,60.22,0.055,1,drift
2026-10-06 09:49:44,62.17,0.071,1,drift
2026-10-06 09:49:45,61.46,0.059,1,drift
2026-10-06 09:49:46,63.64,0.077,1,drift
2026-10-06 09:49:47,62.56,0.095,1,drift
2026-10-06 09:49:48,61.45,0.058,1,drift
2026-10-06 09:49:49,61.65,0.05,1,drift
2026-10-06 09:49:50,62.81,0.068,1,drift
2026-10-06 09:49:51,64.76,0.071,1,drift
2026-10-06 09:49:52,62.38,0.071,1,drift
2026-10-06 09:49:53,62.04,0.085,1,drift
2026-10-06 09:49:54,60.27,0.066,1,drift
2026-10-06 09:49:55,62.77,0.07,1,drift
2026-10-06 09:49:56,63.06,0.076,1,drift
2026-10-06 09:49:57,64.69,0.106,1,drift
2026-10-06 09:49:58,61.12,0.072,1,drift
2026-10-06 09:49:59,59.81,0.085,1,drift
2026-10-06 09:50:00,63.28,0.122,1,drift
2026-10-06 09:50:01,64.3,0.066,1,drift
2026-10-06 09:50:02,63.43,0.077,1,drift
2026-10-06 09:50:03,61.15,0.064,1,drift
2026-10-06 09:50:04,61.23,0.051,1,drift
2026-10-06 09:50:05,62.51,0.058,1,drift
2026-10-06 09:50:06,64.44,0.076,1,drift
2026-10-06 09:50:07,66.23,0.088,1,drift
2026-10-06 09:50:08,63.66,0.089,1,drift
2026-10-06 09:50:09,62.13,0.075,1,drift
2026-10-06 09:50:10,62.01,0.097,1,drift
2026-10-06 09:50:11,63.33,0.07,1,drift
2026-10-06 09:50:12,63.23,0.061,1,drift
2026-10-06 09:50:13,62.75,0.056,1,drift
2026-10-06 09:50:14,63.16,0.064,1,drift
2026-10-06 09:50:15,62.67,0.095,1,drift
2026-10-06 09:50:16,63.97,0.074,1,drift
2026-10-06 09:50:17,63.15,0.069,1,drift
2026-10-06 09:50:18,64.59,0.08,1,drift
2026-10-06 09:50:19,61.98,0.059,1,drift
2026-10-06 09:50:20,63.98,0.059,1,drift
2026-10-06 09:50:21,65.81,0.061,1,drift
2026-10-06 09:50:22,63.95,0.054,1,drift
2026-10-06 09:50:23,62.82,0.07,1,drift
2026-10-06 09:50:24,61.68,0.05,1,drift
2026-10-06 09:50:25,63.94,0.052,1,drift
2026-10-06 09:50:26,65.36,0.076,1,drift
2026-10-06 09:50:27,66.01,0.058,1,drift
2026-10-06 09:50:28,63.68,0.073,1,drift
2026-10-06 09:50:29,63.22,0.057,1,drift
2026-10-06 09:50:30,65.38,0.066,1,drift
2026-10-06 09:50:31,66.45,0.058,1,drift
2026-10-06 09:50:32,63.96,0.078,1,drift
2026-10-06 09:50:33,65.57,0.058,1,drift
2026-10-06 09:50:34,63.52,0.104,1,drift
2026-10-06 09:50:35,63.66,0.067,1,drift
2026-10-06 09:50:36,66.39,0.085,1,drift
2026-10-06 09:50:37,66.08,0.107,1,drift
2026-10-06 09:50:38,64.79,0.072,1,drift
2026-10-06 09:50:39,60.43,0.065,1,drift
2026-10-06 09:50:40,64.76,0.065,1,drift
2026-10-06 09:50:41,67.4,0.107,1,drift
2026-10-06 09:50:42,66.17,0.094,1,drift
2026-10-06 09:50:43,66.15,0.073,1,drift
2026-10-06 09:50:44,63.73,0.053,1,drift
2026-10-06 09:50:45,64.12,0.053,1,drift
2026-10-06 09:50:46,66.89,0.079,1,drift
2026-10-06 09:50:47,65.25,0.054,1,drift
2026-10-06 09:50:48,64.78,0.06,1,drift
2026-10-06 09:50:49,65.63,0.055,1,drift
2026-10-06 09:50:50,63.6,0.066,1,drift
2026-10-06 09:50:51,65.61,0.101,1,drift
2026-10-06 09:50:52,66.87,0.09,1,drift
2026-10-06 09:50:53,64.25,0.102,1,drift
2026-10-06 09:50:54,63.45,0.067,1,drift
2026-10-06 09:50:55,65.33,0.076,1,drift
2026-10-06 09:50:56,67.69,0.065,1,drift
2026-10-06 09:50:57,65.87,0.07,1,drift
2026-10-06 09:50:58,64.58,0.062,1,drift
2026-10-06 09:50:59,66.15,0.083,1,drift
2026-10-06 09:51:00,64.6,0.066,1,drift
2026-10-06 09:51:01,67.86,0.074,1,drift
2026-10-06 09:51:02,65.16,0.078,1,drift
2026-10-06 09:51:03,63.98,0.095,1,drift
2026-10-06 09:51:04,65.97,0.062,1,drift
2026-10-06 09:51:05,66.59,0.055,1,drift
2026-10-06 09:51:06,66.99,0.064,1,drift
2026-10-06 09:51:07,65.34,0.094,1,drift
2026-10-06 09:51:08,66.18,0.157,1,drift
2026-10-06 09:51:09,66.72,0.092,1,drift
2026-10-06 09:51:10,66.66,0.093,1,drift
2026-10-06 09:51:11,69.29,0.091,1,drift
2026-10-06 09:51:12,66.27,0.061,1,drift
2026-10-06 09:51:13,66.72,0.051,1,drift
2026-10-06 09:51:14,66.12,0.062,1,drift
2026-10-06 09:51:15,65.78,0.066,1,drift
2026-10-06 09:51:16,67.02,0.053,1,drift
2026-10-06 09:51:17,66.69,0.11,1,drift
2026-10-06 09:51:18,67.31,0.071,1,drift
2026-10-06 09:51:19,65.8,0.052,1,drift
2026-10-06 09:51:20,65.57,0.062,1,drift
2026-10-06 09:51:21,68.15,0.081,1,drift
2026-10-06 09:51:22,67.49,0.111,1,drift
2026-10-06 09:51:23,66.9,0.087,1,drift
2026-10-06 09:51:24,66.18,0.069,1,drift
2026-10-06 09:51:25,66.37,0.082,1,drift
2026-10-06 09:51:26,67.75,0.088,1,drift
2026-10-06 09:51:27,67.1,0.089,1,drift
2026-10-06 09:51:28,65.96,0.052,1,drift
2026-10-06 09:51:29,68.41,0.067,1,drift
2026-10-06 09:51:30,66.34,0.07,1,drift
2026-10-06 09:51:31,69.08,0.059,1,drift
2026-10-06 09:51:32,67.48,0.088,1,drift
2026-10-06 09:51:33,67.71,0.094,1,drift
2026-10-06 09:51:34,66.26,0.066,1,drift
2026-10-06 09:51:35,68.16,0.102,1,drift
2026-10-06 09:51:36,69.93,0.085,1,drift
2026-10-06 09:51:37,68.1,0.101,1,drift
2026-10-06 09:51:38,66.9,0.073,1,drift
2026-10-06 09:51:39,66.74,0.067,1,drift
2026-10-06 09:51:40,67.43,0.061,1,drift
2026-10-06 09:51:41,69.36,0.05,1,drift
2026-10-06 09:51:42,68.84,0.054,1,drift
2026-10-06 09:51:43,66.07,0.066,1,drift
2026-10-06 09:51:44,66.42,0.067,1,drift
2026-10-06 09:51:45,67.98,0.112,1,drift
2026-10-06 09:51:46,69.78,0.085,1,drift
2026-10-06 09:51:47,69.53,0.133,1,drift
2026-10-06 09:51:48,67.02,0.096,1,drift
2026-10-06 09:51:49,68.19,0.106,1,drift
2026-10-06 09:51:50,68.48,0.063,1,drift
2026-10-06 09:51:51,69.84,0.071,1,drift
2026-10-06 09:51:52,69.47,0.073,1,drift
2026-10-06 09:51:53,69.24,0.057,1,drift
2026-10-06 09:51:54,68.4,0.117,1,drift
2026-10-06 09:51:55,68.67,0.093,1,drift
2026-10-06 09:51:56,70.5,0.064,1,drift
2026-10-06 09:51:57,70.17,0.076,1,drift
2026-10-06 09:51:58,67.47,0.076,1,drift
2026-10-06 09:51:59,67.14,0.074,1,drift
2026-10-06 09:52:00,68.59,0.126,1,drift
2026-10-06 09:52:01,70.02,0.059,1,drift
2026-10-06 09:52:02,70.43,0.059,1,drift
2026-10-06 09:52:03,67.26,0.07,1,drift
2026-10-06 09:52:04,67.24,0.092,1,drift
2026-10-06 09:52:05,68.85,0.107,1,drift
2026-10-06 09:52:06,71.24,0.058,1,drift
2026-10-06 09:52:07,71.38,0.066,1,drift
2026-10-06 09:52:08,69.63,0.068,1,drift
2026-10-06 09:52:09,67.15,0.051,1,drift
2026-10-06 09:52:10,70.31,0.078,1,drift
2026-10-06 09:52:11,72.38,0.066,1,drift
2026-10-06 09:52:12,70.66,0.072,1,drift
2026-10-06 09:52:13,68.27,0.055,1,drift
2026-10-06 09:52:14,68.3,0.084,1,drift
2026-10-06 09:52:15,70.69,0.083,1,drift
2026-10-06 09:52:16,71.29,0.081,1,drift
2026-10-06 09:52:17,73.46,0.083,1,drift
2026-10-06 09:52:18,69.33,0.076,1,drift
2026-10-06 09:52:19,67.89,0.089,1,drift
2026-10-06 09:52:20,71.02,0.059,1,drift
2026-10-06 09:52:21,71.73,0.068,1,drift
2026-10-06 09:52:22,69.8,0.051,1,drift
2026-10-06 09:52:23,70.04,0.056,1,drift
2026-10-06 09:52:24,68.56,0.111,1,drift
2026-10-06 09:52:25,71.27,0.112,1,drift
2026-10-06 09:52:26,71.26,0.076,1,drift
2026-10-06 09:52:27,72.46,0.099,1,drift
2026-10-06 09:52:28,69.01,0.086,1,drift
2026-10-06 09:52:29,69.63,0.054,1,drift
2026-10-06 09:52:30,70.75,0.06,1,drift
2026-10-06 09:52:31,71.83,0.066,1,drift
2026-10-06 09:52:32,72.06,0.053,1,drift
2026-10-06 09:52:33,69.51,0.086,1,drift
2026-10-06 09:52:34,70.49,0.059,1,drift
2026-10-06 09:52:35,71.46,0.071,1,drift
2026-10-06 09:52:36,72.29,0.056,1,drift
2026-10-06 09:52:37,70.25,0.085,1,drift
2026-10-06 09:52:38,71.51,0.111,1,drift
2026-10-06 09:52:39,70.39,0.066,1,drift
2026-10-06 09:52:40,70.39,0.064,1,drift
2026-10-06 09:52:41,73.18,0.05,1,drift
2026-10-06 09:52:42,70.98,0.089,1,drift
2026-10-06 09:52:43,69.48,0.07,1,drift
2026-10-06 09:52:44,70.13,0.083,1,drift
2026-10-06 09:52:45,72.67,0.055,1,drift
2026-10-06 09:52:46,74.03,0.096,1,drift
2026-10-06 09:52:47,70.57,0.08,1,drift
2026-10-06 09:52:48,71.34,0.051,1,drift
2026-10-06 09:52:49,71.49,0.069,1,drift
2026-10-06 09:52:50,70.56,0.07,1,drift
2026-10-06 09:52:51,73.04,0.077,1,drift
2026-10-06 09:52:52,72.82,0.055,1,drift
2026-10-06 09:52:53,72.26,0.107,1,drift
2026-10-06 09:52:54,68.37,0.06,1,drift
2026-10-06 09:52:55,72.17,0.051,1,drift
2026-10-06 09:52:56,73.63,0.051,1,drift
2026-10-06 09:52:57,72.96,0.067,1,drift
2026-10-06 09:52:58,71.53,0.07,1,drift
2026-10-06 09:52:59,71.24,0.057,1,drift
2026-10-06 09:53:00,71.78,0.074,1,drift
2026-10-06 09:53:01,74.66,0.085,1,drift
2026-10-06 09:53:02,74.57,0.063,1,drift
2026-10-06 09:53:03,71.67,0.084,1,drift
2026-10-06 09:53:04,70.77,0.11,1,drift
2026-10-06 09:53:05,72.44,0.061,1,drift
2026-10-06 09:53:06,74.67,0.058,1,drift
2026-10-06 09:53:07,72.29,0.07,1,drift
2026-10-06 09:53:08,69.98,0.071,1,drift
2026-10-06 09:53:09,72.81,0.058,1,drift
2026-10-06 09:53:10,72.15,0.101,1,drift
2026-10-06 09:53:11,73.43,0.097,1,drift
2026-10-06 09:53:12,73.74,0.056,1,drift
2026-10-06 09:53:13,71.42,0.08,1,drift
2026-10-06 09:53:14,70.12,0.085,1,drift
2026-10-06 09:53:15,70.87,0.072,1,drift
2026-10-06 09:53:16,73.76,0.059,1,drift
2026-10-06 09:53:17,72.25,0.12,1,drift
2026-10-06 09:53:18,73.35,0.077,1,drift
2026-10-06 09:53:19,71.94,0.109,1,drift
2026-10-06 09:53:20,72.61,0.06,1,drift
2026-10-06 09:53:21,73.62,0.066,1,drift
2026-10-06 09:53:22,74.71,0.068,1,drift
2026-10-06 09:53:23,73.44,0.052,1,drift
2026-10-06 09:53:24,73.2,0.101,1,drift
2026-10-06 09:53:25,73.59,0.087,1,drift
2026-10-06 09:53:26,75.21,0.103,1,drift
2026-10-06 09:53:27,73.4,0.112,1,drift
2026-10-06 09:53:28,74.29,0.078,1,drift
2026-10-06 09:53:29,75.38,0.051,1,drift
2026-10-06 09:53:30,73.43,0.086,1,drift
2026-10-06 09:53:31,73.02,0.056,1,drift
2026-10-06 09:53:32,75.95,0.079,1,drift
2026-10-06 09:53:33,73.49,0.053,1,drift
2026-10-06 09:53:34,73.36,0.11,1,drift
2026-10-06 09:53:35,73.36,0.056,1,drift
2026-10-06 09:53:36,74.99,0.051,1,drift
2026-10-06 09:53:37,73.85,0.051,1,drift
2026-10-06 09:53:38,71.97,0.053,1,drift
2026-10-06 09:53:39,72.24,0.08,1,drift
2026-10-06 09:53:40,74.53,0.093,1,drift
2026-10-06 09:53:41,74.85,0.081,1,drift
2026-10-06 09:53:42,75.27,0.072,1,drift
2026-10-06 09:53:43,73.82,0.084,1,drift
2026-10-06 09:53:44,73.13,0.056,1,drift
2026-10-06 09:53:45,74.55,0.103,1,drift
2026-10-06 09:53:46,77.11,0.11,1,drift
2026-10-06 09:53:47,75.2,0.054,1,drift
2026-10-06 09:53:48,73.38,0.075,1,drift
2026-10-06 09:53:49,74.99,0.063,1,drift
2026-10-06 09:53:50,73.84,0.085,1,drift
2026-10-06 09:53:51,75.98,0.09,1,drift
2026-10-06 09:53:52,75.42,0.07,1,drift
2026-10-06 09:53:53,74.57,0.1,1,drift
2026-10-06 09:53:54,74.12,0.061,1,drift
2026-10-06 09:53:55,75.01,0.107,1,drift
2026-10-06 09:53:56,77.08,0.079,1,drift
2026-10-06 09:53:57,76.26,0.084,1,drift
2026-10-06 09:53:58,74.85,0.077,1,drift
2026-10-06 09:53:59,74.72,0.061,1,drift
2026-10-06 09:54:00,76.29,0.109,1,drift
2026-10-06 09:54:01,76.11,0.06,1,drift
2026-10-06 09:54:02,75.06,0.057,1,drift
2026-10-06 09:54:03,75.16,0.11,1,drift
2026-10-06 09:54:04,74.98,0.106,1,drift
2026-10-06 09:54:05,74.73,0.078,1,drift
2026-10-06 09:54:06,75.26,0.112,1,drift
2026-10-06 09:54:07,74.2,0.069,1,drift
2026-10-06 09:54:08,73.9,0.062,1,drift
2026-10-06 09:54:09,75.06,0.097,1,drift
2026-10-06 09:54:10,76.34,0.11,1,drift
2026-10-06 09:54:11,76.75,0.073,1,drift
2026-10-06 09:54:12,75.99,0.094,1,drift
2026-10-06 09:54:13,75.23,0.116,1,drift
2026-10-06 09:54:14,74.67,0.055,1,drift
2026-10-06 09:54:15,74.5,0.059,1,drift
2026-10-06 09:54:16,79.19,0.137,1,drift
2026-10-06 09:54:17,76.93,0.091,1,drift
2026-10-06 09:54:18,76.38,0.061,1,drift
2026-10-06 09:54:19,74.06,0.052,1,drift
2026-10-06 09:54:20,79.12,0.081,1,drift
2026-10-06 09:54:21,77.23,0.09,1,drift
2026-10-06 09:54:22,76.74,0.051,1,drift
2026-10-06 09:54:23,75.26,0.05,1,drift
2026-10-06 09:54:24,74.83,0.075,1,drift
2026-10-06 09:54:25,78.68,0.055,1,drift
2026-10-06 09:54:26,76.92,0.121,1,drift
2026-10-06 09:54:27,79.29,0.064,1,drift
2026-10-06 09:54:28,62.69,0.058,0,none
2026-10-06 09:54:29,60.75,0.081,0,none
2026-10-06 09:54:30,60.32,0.068,0,none
2026-10-06 09:54:31,63.6,0.101,0,none
2026-10-06 09:54:32,63.55,0.079,0,none
2026-10-06 09:54:33,60.08,0.061,0,none
2026-10-06 09:54:34,61.08,0.062,0,none
2026-10-06 09:54:35,64.17,0.083,0,none
2026-10-06 09:54:36,61.66,0.066,0,none
2026-10-06 09:54:37,63.78,0.06,0,none
2026-10-06 09:54:38,60.45,0.064,0,none
2026-10-06 09:54:39,59.76,0.111,0,none
2026-10-06 09:54:40,61.71,0.056,0,none
2026-10-06 09:54:41,62.25,0.088,0,none
2026-10-06 09:54:42,62.28,0.095,0,none
2026-10-06 09:54:43,60.7,0.053,0,none
2026-10-06 09:54:44,61.68,0.076,0,none
2026-10-06 09:54:45,62.43,0.063,0,none
2026-10-06 09:54:46,63.06,0.067,0,none
2026-10-06 09:54:47,62.44,0.072,0,none
2026-10-06 09:54:48,60.62,0.067,0,none
2026-10-06 09:54:49,59.93,0.077,0,none
2026-10-06 09:54:50,60.99,0.058,0,none
2026-10-06 09:54:51,62.22,0.127,0,none
2026-10-06 09:54:52,61.41,0.063,0,none
2026-10-06 09:54:53,60.36,0.063,0,none
2026-10-06 09:54:54,61.73,0.108,0,none
2026-10-06 09:54:55,61.83,0.063,0,none
2026-10-06 09:54:56,63.94,0.082,0,none
2026-10-06 09:54:57,61.58,0.071,0,none
2026-10-06 09:54:58,62.19,0.118,0,none
2026-10-06 09:54:59,60.03,0.054,0,none
2026-10-06 09:55:00,61.8,0.056,0,none
2026-10-06 09:55:01,64.33,0.114,0,none
2026-10-06 09:55:02,63.85,0.06,0,none
2026-10-06 09:55:03,60.83,0.103,0,none
2026-10-06 09:55:04,60.07,0.058,0,none
2026-10-06 09:55:05,63.46,0.053,0,none
2026-10-06 09:55:06,62.74,0.053,0,none
2026-10-06 09:55:07,62.03,0.069,0,none
2026-10-06 09:55:08,59.71,0.092,0,none
2026-10-06 09:55:09,60.79,0.086,0,none
2026-10-06 09:55:10,62.39,0.103,0,none
2026-10-06 09:55:11,62.01,0.066,0,none
2026-10-06 09:55:12,63.42,0.079,0,none
2026-10-06 09:55:13,62.08,0.079,0,none
2026-10-06 09:55:14,58.69,0.1,0,none
2026-10-06 09:55:15,63.08,0.079,0,none
2026-10-06 09:55:16,64.31,0.072,0,none
2026-10-06 09:55:17,62.49,0.061,0,none
2026-10-06 09:55:18,59.77,0.056,0,none
2026-10-06 09:55:19,62.37,0.093,0,none
2026-10-06 09:55:20,61.3,0.06,0,none
2026-10-06 09:55:21,61.18,0.101,0,none
2026-10-06 09:55:22,63.11,0.065,0,none
2026-10-06 09:55:23,62.19,0.102,0,none
2026-10-06 09:55:24,60.07,0.054,0,none
2026-10-06 09:55:25,63.06,0.09,0,none
2026-10-06 09:55:26,63.76,0.055,0,none
2026-10-06 09:55:27,61.88,0.067,0,none
2026-10-06 09:55:28,61.56,0.075,0,none
2026-10-06 09:55:29,61.47,0.069,0,none
2026-10-06 09:55:30,61.28,0.114,0,none
2026-10-06 09:55:31,61.5,0.052,0,none
2026-10-06 09:55:32,63.32,0.079,0,none
2026-10-06 09:55:33,62.1,0.078,0,none
2026-10-06 09:55:34,61.54,0.117,0,none
2026-10-06 09:55:35,61.57,0.055,0,none
2026-10-06 09:55:36,62.33,0.092,0,none
2026-10-06 09:55:37,63.03,0.1,0,none
2026-10-06 09:55:38,62.27,0.125,0,none
2026-10-06 09:55:39,61.34,0.074,0,none
2026-10-06 09:55:40,60.47,0.064,0,none
2026-10-06 09:55:41,64.2,0.053,0,none
2026-10-06 09:55:42,64.38,0.069,0,none
2026-10-06 09:55:43,62.0,0.082,0,none
2026-10-06 09:55:44,59.28,0.09,0,none
2026-10-06 09:55:45,62.94,0.067,0,none
2026-10-06 09:55:46,62.57,0.113,0,none
2026-10-06 09:55:47,62.25,0.069,0,none
2026-10-06 09:55:48,60.32,0.08,0,none
2026-10-06 09:55:49,60.05,0.076,0,none
2026-10-06 09:55:50,61.58,0.086,0,none
2026-10-06 09:55:51,63.53,0.081,0,none
2026-10-06 09:55:52,60.72,0.074,0,none
2026-10-06 09:55:53,62.49,0.057,0,none
2026-10-06 09:55:54,60.72,0.053,0,none
2026-10-06 09:55:55,63.62,0.09,0,none
2026-10-06 09:55:56,65.16,0.063,0,none
2026-10-06 09:55:57,62.48,0.063,0,none
2026-10-06 09:55:58,61.21,0.052,0,none
2026-10-06 09:55:59,61.13,0.102,0,none
2026-10-06 09:56:00,62.15,0.051,0,none
2026-10-06 09:56:01,62.56,0.063,0,none
2026-10-06 09:56:02,64.07,0.052,0,none
2026-10-06 09:56:03,61.14,0.076,0,none
2026-10-06 09:56:04,60.27,0.051,0,none
2026-10-06 09:56:05,62.71,0.051,0,none
2026-10-06 09:56:06,63.36,0.076,0,none
2026-10-06 09:56:07,62.52,0.078,0,none
2026-10-06 09:56:08,62.07,0.053,0,none
2026-10-06 09:56:09,61.06,0.075,0,none
2026-10-06 09:56:10,61.7,0.096,0,none
2026-10-06 09:56:11,63.32,0.066,0,none
2026-10-06 09:56:12,63.25,0.061,0,none
2026-10-06 09:56:13,62.05,0.064,0,none
2026-10-06 09:56:14,61.43,0.067,0,none
2026-10-06 09:56:15,61.77,0.075,0,none
2026-10-06 09:56:16,63.5,0.08,0,none
2026-10-06 09:56:17,63.4,0.077,0,none
2026-10-06 09:56:18,60.4,0.093,0,none
2026-10-06 09:56:19,62.41,0.057,0,none
2026-10-06 09:56:20,61.36,0.078,0,none
2026-10-06 09:56:21,64.86,0.062,0,none
2026-10-06 09:56:22,60.93,0.078,0,none
2026-10-06 09:56:23,61.22,0.105,0,none
2026-10-06 09:56:24,60.81,0.078,0,none
2026-10-06 09:56:25,60.66,0.077,0,none
2026-10-06 09:56:26,61.14,0.075,0,none
2026-10-06 09:56:27,63.28,0.089,0,none
2026-10-06 09:56:28,61.9,0.063,0,none
2026-10-06 09:56:29,60.72,0.066,0,none
2026-10-06 09:56:30,61.92,0.06,0,none
2026-10-06 09:56:31,63.69,0.08,0,none
2026-10-06 09:56:32,61.99,0.06,0,none
2026-10-06 09:56:33,59.91,0.1,0,none
2026-10-06 09:56:34,60.26,0.052,0,none
2026-10-06 09:56:35,60.99,0.069,0,none
2026-10-06 09:56:36,64.26,0.075,0,none
2026-10-06 09:56:37,63.5,0.079,0,none
2026-10-06 09:56:38,60.96,0.075,0,none
2026-10-06 09:56:39,60.01,0.103,0,none
2026-10-06 09:56:40,62.33,0.075,0,none
2026-10-06 09:56:41,64.16,0.096,0,none
2026-10-06 09:56:42,63.18,0.105,0,none
2026-10-06 09:56:43,61.31,0.11,0,none
2026-10-06 09:56:44,61.49,0.085,0,none
2026-10-06 09:56:45,62.48,0.063,0,none
2026-10-06 09:56:46,64.04,0.078,0,none
2026-10-06 09:56:47,64.22,0.076,0,none
2026-10-06 09:56:48,61.41,0.058,0,none
2026-10-06 09:56:49,60.58,0.07,0,none
2026-10-06 09:56:50,62.71,0.073,0,none
2026-10-06 09:56:51,62.59,0.067,0,none
2026-10-06 09:56:52,63.21,0.054,0,none
2026-10-06 09:56:53,62.97,0.056,0,none
2026-10-06 09:56:54,61.12,0.053,0,none
2026-10-06 09:56:55,60.55,0.067,0,none
2026-10-06 09:56:56,64.57,0.099,0,none
2026-10-06 09:56:57,62.55,0.067,0,none
2026-10-06 09:56:58,62.03,0.089,0,none
2026-10-06 09:56:59,60.88,0.06,0,none
2026-10-06 09:57:00,62.69,0.061,0,none
2026-10-06 09:57:01,63.81,0.054,0,none
2026-10-06 09:57:02,62.92,0.078,0,none
2026-10-06 09:57:03,58.74,0.057,0,none
2026-10-06 09:57:04,59.65,0.054,0,none
2026-10-06 09:57:05,63.69,0.108,0,none
2026-10-06 09:57:06,64.79,0.142,0,none
2026-10-06 09:57:07,64.32,0.063,0,none
2026-10-06 09:57:08,61.38,0.082,0,none
2026-10-06 09:57:09,61.63,0.087,0,none
2026-10-06 09:57:10,61.42,0.053,0,none
2026-10-06 09:57:11,59.89,0.071,0,none
2026-10-06 09:57:12,61.64,0.091,0,none
2026-10-06 09:57:13,62.48,0.067,0,none
2026-10-06 09:57:14,60.59,0.075,0,none
2026-10-06 09:57:15,64.18,0.059,0,none
2026-10-06 09:57:16,65.65,0.059,0,none
2026-10-06 09:57:17,62.06,0.094,0,none
2026-10-06 09:57:18,62.11,0.092,0,none
2026-10-06 09:57:19,62.11,0.053,1,dropout
2026-10-06 09:57:20,62.11,0.059,1,dropout
2026-10-06 09:57:21,62.11,0.056,1,dropout
2026-10-06 09:57:22,62.11,0.083,1,dropout
2026-10-06 09:57:23,62.11,0.074,1,dropout
2026-10-06 09:57:24,62.11,0.104,1,dropout
2026-10-06 09:57:25,62.11,0.082,1,dropout
2026-10-06 09:57:26,62.11,0.094,1,dropout
2026-10-06 09:57:27,62.11,0.089,1,dropout
2026-10-06 09:57:28,62.11,0.058,1,dropout
2026-10-06 09:57:29,62.11,0.063,1,dropout
2026-10-06 09:57:30,62.11,0.116,1,dropout
2026-10-06 09:57:31,62.11,0.108,1,dropout
2026-10-06 09:57:32,62.11,0.086,1,dropout
2026-10-06 09:57:33,62.11,0.077,1,dropout
2026-10-06 09:57:34,62.11,0.078,1,dropout
2026-10-06 09:57:35,62.11,0.078,1,dropout
2026-10-06 09:57:36,62.11,0.061,1,dropout
2026-10-06 09:57:37,62.11,0.062,1,dropout
2026-10-06 09:57:38,62.11,0.063,1,dropout
2026-10-06 09:57:39,62.11,0.076,1,dropout
2026-10-06 09:57:40,62.11,0.055,1,dropout
2026-10-06 09:57:41,62.11,0.05,1,dropout
2026-10-06 09:57:42,62.11,0.095,1,dropout
2026-10-06 09:57:43,62.11,0.076,1,dropout
2026-10-06 09:57:44,62.11,0.064,1,dropout
2026-10-06 09:57:45,62.11,0.058,1,dropout
2026-10-06 09:57:46,62.11,0.108,1,dropout
2026-10-06 09:57:47,62.11,0.077,1,dropout
2026-10-06 09:57:48,60.57,0.093,0,none
2026-10-06 09:57:49,60.45,0.051,0,none
2026-10-06 09:57:50,60.81,0.067,0,none
2026-10-06 09:57:51,64.28,0.051,0,none
2026-10-06 09:57:52,65.02,0.089,0,none
2026-10-06 09:57:53,60.13,0.083,0,none
2026-10-06 09:57:54,61.34,0.06,0,none
2026-10-06 09:57:55,65.2,0.051,0,none
2026-10-06 09:57:56,64.25,0.063,0,none
2026-10-06 09:57:57,63.31,0.089,0,none
2026-10-06 09:57:58,60.98,0.109,0,none
2026-10-06 09:57:59,61.75,0.1,0,none
2026-10-06 09:58:00,62.08,0.06,0,none
2026-10-06 09:58:01,63.1,0.057,0,none
2026-10-06 09:58:02,63.68,0.073,0,none
2026-10-06 09:58:03,61.35,0.079,0,none
2026-10-06 09:58:04,60.62,0.082,0,none
2026-10-06 09:58:05,62.73,0.059,0,none
2026-10-06 09:58:06,64.07,0.056,0,none
2026-10-06 09:58:07,64.02,0.095,0,none
2026-10-06 09:58:08,61.5,0.066,0,none
2026-10-06 09:58:09,62.19,0.066,0,none
2026-10-06 09:58:10,63.45,0.112,0,none
2026-10-06 09:58:11,62.14,0.094,0,none
2026-10-06 09:58:12,64.45,0.064,0,none
2026-10-06 09:58:13,61.24,0.069,0,none
2026-10-06 09:58:14,61.03,0.111,0,none
2026-10-06 09:58:15,62.45,0.078,0,none
2026-10-06 09:58:16,64.04,0.068,0,none
2026-10-06 09:58:17,62.77,0.058,0,none
2026-10-06 09:58:18,60.58,0.089,0,none
2026-10-06 09:58:19,61.46,0.076,0,none
2026-10-06 09:58:20,62.49,0.065,0,none
2026-10-06 09:58:21,62.58,0.055,0,none
2026-10-06 09:58:22,62.42,0.053,0,none
2026-10-06 09:58:23,61.76,0.057,0,none
2026-10-06 09:58:24,62.01,0.088,0,none
2026-10-06 09:58:25,63.22,0.064,0,none
2026-10-06 09:58:26,63.79,0.122,0,none
2026-10-06 09:58:27,63.57,0.084,0,none
2026-10-06 09:58:28,60.99,0.069,0,none
2026-10-06 09:58:29,62.86,0.051,0,none
2026-10-06 09:58:30,62.74,0.072,0,none
2026-10-06 09:58:31,63.68,0.062,0,none
2026-10-06 09:58:32,63.35,0.051,0,none
2026-10-06 09:58:33,62.52,0.084,0,none
2026-10-06 09:58:34,59.9,0.051,0,none
2026-10-06 09:58:35,62.26,0.101,0,none
2026-10-06 09:58:36,63.39,0.083,0,none
2026-10-06 09:58:37,61.25,0.071,0,none
2026-10-06 09:58:38,61.77,0.054,0,none
2026-10-06 09:58:39,60.34,0.057,0,none
2026-10-06 09:58:40,63.2,0.061,0,none
2026-10-06 09:58:41,65.18,0.057,0,none
2026-10-06 09:58:42,63.9,0.07,0,none
2026-10-06 09:58:43,62.72,0.064,0,none
2026-10-06 09:58:44,62.25,0.07,0,none
2026-10-06 09:58:45,62.69,0.088,0,none
2026-10-06 09:58:46,63.69,0.058,0,none
2026-10-06 09:58:47,64.08,0.098,0,none
2026-10-06 09:58:48,59.99,0.085,0,none
2026-10-06 09:58:49,59.31,0.059,0,none
2026-10-06 09:58:50,61.83,0.052,0,none
2026-10-06 09:58:51,64.81,0.058,0,none
2026-10-06 09:58:52,64.33,0.054,0,none
2026-10-06 09:58:53,64.16,0.065,0,none
2026-10-06 09:58:54,60.2,0.074,0,none
2026-10-06 09:58:55,64.03,0.084,0,none
2026-10-06 09:58:56,63.72,0.065,0,none
2026-10-06 09:58:57,63.11,0.061,0,none
2026-10-06 09:58:58,61.96,0.072,0,none
2026-10-06 09:58:59,60.28,0.12,0,none
2026-10-06 09:59:00,62.48,0.063,0,none
2026-10-06 09:59:01,63.48,0.059,0,none
2026-10-06 09:59:02,62.47,0.073,0,none
2026-10-06 09:59:03,61.3,0.061,0,none
2026-10-06 09:59:04,61.39,0.052,0,none
2026-10-06 09:59:05,63.26,0.071,0,none
2026-10-06 09:59:06,61.85,0.063,0,none
2026-10-06 09:59:07,64.68,0.099,0,none
2026-10-06 09:59:08,61.6,0.128,0,none
2026-10-06 09:59:09,62.03,0.055,0,none
2026-10-06 09:59:10,62.73,0.07,0,none
2026-10-06 09:59:11,64.79,0.065,0,none
2026-10-06 09:59:12,62.03,0.066,0,none
2026-10-06 09:59:13,62.43,0.073,0,none
2026-10-06 09:59:14,61.58,0.114,0,none
2026-10-06 09:59:15,61.43,0.088,0,none
2026-10-06 09:59:16,65.19,0.106,0,none
2026-10-06 09:59:17,63.73,0.057,0,none
2026-10-06 09:59:18,62.37,0.064,0,none
2026-10-06 09:59:19,63.08,0.097,0,none
2026-10-06 09:59:20,60.89,0.074,0,none
2026-10-06 09:59:21,64.34,0.076,0,none
2026-10-06 09:59:22,63.32,0.061,0,none
2026-10-06 09:59:23,61.71,0.081,0,none
2026-10-06 09:59:24,60.63,0.101,0,none
2026-10-06 09:59:25,62.49,0.053,0,none
2026-10-06 09:59:26,65.04,0.057,0,none
2026-10-06 09:59:27,63.23,0.073,0,none
2026-10-06 09:59:28,62.84,0.056,0,none
2026-10-06 09:59:29,62.27,0.087,0,none
2026-10-06 09:59:30,63.8,0.065,0,none
2026-10-06 09:59:31,63.49,0.079,0,none
2026-10-06 09:59:32,64.08,0.083,0,none
2026-10-06 09:59:33,61.63,0.11,0,none
2026-10-06 09:59:34,62.38,0.054,0,none
2026-10-06 09:59:35,62.31,0.106,0,none
2026-10-06 09:59:36,62.97,0.113,0,none
2026-10-06 09:59:37,64.59,0.06,0,none
2026-10-06 09:59:38,62.99,0.085,0,none
2026-10-06 09:59:39,61.39,0.083,0,none
2026-10-06 09:59:40,62.04,0.083,0,none
2026-10-06 09:59:41,62.8,0.136,0,none
2026-10-06 09:59:42,63.86,0.074,0,none
2026-10-06 09:59:43,61.42,0.087,0,none
2026-10-06 09:59:44,62.93,0.065,0,none
2026-10-06 09:59:45,63.08,0.063,0,none
2026-10-06 09:59:46,63.53,0.054,0,none
2026-10-06 09:59:47,65.12,0.074,0,none
2026-10-06 09:59:48,62.57,0.053,0,none
2026-10-06 09:59:49,61.9,0.078,0,none
2026-10-06 09:59:50,62.09,0.064,0,none
2026-10-06 09:59:51,62.73,0.062,0,none
2026-10-06 09:59:52,63.76,0.083,0,none
2026-10-06 09:59:53,61.69,0.062,0,none
2026-10-06 09:59:54,61.45,0.059,0,none
2026-10-06 09:59:55,62.35,0.064,0,none
2026-10-06 09:59:56,64.91,0.055,0,none
2026-10-06 09:59:57,63.17,0.074,0,none
2026-10-06 09:59:58,62.6,0.069,0,none
2026-10-06 09:59:59,62.39,0.073,0,none
2026-10-06 10:00:00,61.63,0.065,0,none
2026-10-06 10:00:01,63.73,0.062,0,none
2026-10-06 10:00:02,62.93,0.06,0,none
2026-10-06 10:00:03,61.78,0.07,0,none
2026-10-06 10:00:04,61.58,0.061,0,none
2026-10-06 10:00:05,62.93,0.085,0,none
2026-10-06 10:00:06,63.35,0.119,0,none
2026-10-06 10:00:07,63.57,0.118,0,none
2026-10-06 10:00:08,63.57,0.051,0,none
2026-10-06 10:00:09,61.94,0.112,0,none
2026-10-06 10:00:10,63.84,0.095,0,none
2026-10-06 10:00:11,63.55,0.051,0,none
2026-10-06 10:00:12,64.31,0.067,0,none
2026-10-06 10:00:13,62.18,0.109,0,none
2026-10-06 10:00:14,60.8,0.069,0,none
2026-10-06 10:00:15,0.0,0.076,1,dropout
2026-10-06 10:00:16,0.0,0.093,1,dropout
2026-10-06 10:00:17,0.0,0.09,1,dropout
2026-10-06 10:00:18,0.0,0.062,1,dropout
2026-10-06 10:00:19,0.0,0.055,1,dropout
2026-10-06 10:00:20,0.0,0.062,1,dropout
2026-10-06 10:00:21,0.0,0.097,1,dropout
2026-10-06 10:00:22,0.0,0.084,1,dropout
2026-10-06 10:00:23,0.0,0.083,1,dropout
2026-10-06 10:00:24,0.0,0.087,1,dropout
2026-10-06 10:00:25,0.0,0.06,1,dropout
2026-10-06 10:00:26,0.0,0.068,1,dropout
2026-10-06 10:00:27,0.0,0.119,1,dropout
2026-10-06 10:00:28,0.0,0.058,1,dropout
2026-10-06 10:00:29,0.0,0.052,1,dropout
2026-10-06 10:00:30,0.0,0.088,1,dropout
2026-10-06 10:00:31,0.0,0.052,1,dropout
2026-10-06 10:00:32,0.0,0.099,1,dropout
2026-10-06 10:00:33,61.87,0.099,0,none
2026-10-06 10:00:34,62.25,0.11,0,none
2026-10-06 10:00:35,62.48,0.081,0,none
2026-10-06 10:00:36,65.09,0.064,0,none
2026-10-06 10:00:37,63.61,0.054,0,none
2026-10-06 10:00:38,61.35,0.07,0,none
2026-10-06 10:00:39,60.85,0.102,0,none
2026-10-06 10:00:40,62.1,0.053,0,none
2026-10-06 10:00:41,64.62,0.062,0,none
2026-10-06 10:00:42,63.53,0.065,0,none
2026-10-06 10:00:43,61.01,0.051,0,none
2026-10-06 10:00:44,61.88,0.079,0,none
2026-10-06 10:00:45,63.31,0.06,0,none
2026-10-06 10:00:46,63.68,0.058,0,none
2026-10-06 10:00:47,62.53,0.086,0,none
2026-10-06 10:00:48,62.85,0.076,0,none
2026-10-06 10:00:49,61.56,0.055,0,none
2026-10-06 10:00:50,61.68,0.121,0,none
2026-10-06 10:00:51,62.79,0.061,0,none
2026-10-06 10:00:52,64.46,0.058,0,none
2026-10-06 10:00:53,60.62,0.07,0,none
2026-10-06 10:00:54,62.76,0.08,0,none
2026-10-06 10:00:55,62.51,0.071,0,none
2026-10-06 10:00:56,63.9,0.104,0,none
2026-10-06 10:00:57,63.27,0.057,0,none
2026-10-06 10:00:58,61.76,0.059,0,none
2026-10-06 10:00:59,61.51,0.07,0,none
2026-10-06 10:01:00,63.78,0.075,0,none
2026-10-06 10:01:01,64.95,0.06,0,none
2026-10-06 10:01:02,62.65,0.095,0,none
2026-10-06 10:01:03,63.59,0.061,0,none
2026-10-06 10:01:04,61.14,0.072,0,none
2026-10-06 10:01:05,62.91,0.072,0,none
2026-10-06 10:01:06,64.23,0.05,0,none
2026-10-06 10:01:07,62.16,0.054,0,none
2026-10-06 10:01:08,60.04,0.055,0,none
2026-10-06 10:01:09,61.1,0.061,0,none
2026-10-06 10:01:10,63.33,0.057,0,none
2026-10-06 10:01:11,65.14,0.061,0,none
2026-10-06 10:01:12,65.39,0.06,0,none
2026-10-06 10:01:13,63.78,0.076,0,none
2026-10-06 10:01:14,63.78,0.077,0,none
2026-10-06 10:01:15,63.08,0.091,0,none
2026-10-06 10:01:16,63.5,0.1,0,none
2026-10-06 10:01:17,64.72,0.089,0,none
2026-10-06 10:01:18,60.62,0.057,0,none
2026-10-06 10:01:19,63.18,0.075,0,none
2026-10-06 10:01:20,61.56,0.112,0,none
2026-10-06 10:01:21,64.06,0.067,0,none
2026-10-06 10:01:22,63.93,0.057,0,none
2026-10-06 10:01:23,63.94,0.055,0,none
2026-10-06 10:01:24,63.01,0.061,0,none
2026-10-06 10:01:25,63.21,0.063,0,none
2026-10-06 10:01:26,65.34,0.065,0,none
2026-10-06 10:01:27,63.28,0.061,0,none
2026-10-06 10:01:28,62.12,0.14,0,none
2026-10-06 10:01:29,60.84,0.103,0,none
2026-10-06 10:01:30,63.16,0.062,0,none
2026-10-06 10:01:31,65.28,0.067,0,none
2026-10-06 10:01:32,64.05,0.105,0,none
2026-10-06 10:01:33,61.71,0.094,0,none
2026-10-06 10:01:34,62.31,0.052,0,none
2026-10-06 10:01:35,60.97,0.051,0,none
2026-10-06 10:01:36,63.69,0.053,0,none
2026-10-06 10:01:37,63.36,0.07,0,none
2026-10-06 10:01:38,61.31,0.072,0,none
2026-10-06 10:01:39,60.48,0.072,0,none
2026-10-06 10:01:40,61.68,0.121,0,none
2026-10-06 10:01:41,60.93,0.083,0,none
2026-10-06 10:01:42,62.78,0.083,0,none
2026-10-06 10:01:43,62.49,0.053,0,none
2026-10-06 10:01:44,63.69,0.115,0,none
2026-10-06 10:01:45,62.4,0.058,0,none
2026-10-06 10:01:46,63.94,0.095,0,none
2026-10-06 10:01:47,63.29,0.063,0,none
2026-10-06 10:01:48,62.05,0.065,0,none
2026-10-06 10:01:49,61.21,0.052,0,none
2026-10-06 10:01:50,63.2,0.063,0,none
2026-10-06 10:01:51,63.45,0.078,0,none
2026-10-06 10:01:52,64.93,0.054,0,none
2026-10-06 10:01:53,61.6,0.076,0,none
2026-10-06 10:01:54,60.52,0.051,0,none
2026-10-06 10:01:55,61.09,0.078,0,none
2026-10-06 10:01:56,63.64,0.101,0,none
2026-10-06 10:01:57,63.65,0.076,0,none
2026-10-06 10:01:58,63.05,0.063,0,none
2026-10-06 10:01:59,62.33,0.072,0,none
2026-10-06 10:02:00,63.5,0.053,0,none
2026-10-06 10:02:01,63.79,0.059,0,none
2026-10-06 10:02:02,64.18,0.056,0,none
2026-10-06 10:02:03,63.23,0.081,0,none
2026-10-06 10:02:04,62.07,0.079,0,none
2026-10-06 10:02:05,61.1,0.082,0,none
2026-10-06 10:02:06,64.15,0.078,0,none
2026-10-06 10:02:07,64.73,0.05,0,none
2026-10-06 10:02:08,62.89,0.087,0,none
2026-10-06 10:02:09,62.05,0.051,0,none
2026-10-06 10:02:10,62.53,0.096,0,none
2026-10-06 10:02:11,64.37,0.082,0,none
2026-10-06 10:02:12,64.05,0.064,0,none
2026-10-06 10:02:13,63.45,0.096,0,none
2026-10-06 10:02:14,61.02,0.074,0,none
2026-10-06 10:02:15,61.6,0.075,0,none
2026-10-06 10:02:16,65.21,0.062,0,none
2026-10-06 10:02:17,63.39,0.066,0,none
2026-10-06 10:02:18,63.01,0.056,0,none
2026-10-06 10:02:19,59.44,0.102,0,none
2026-10-06 10:02:20,62.22,0.09,0,none
2026-10-06 10:02:21,64.55,0.119,0,none
2026-10-06 10:02:22,63.37,0.116,0,none
2026-10-06 10:02:23,60.85,0.053,0,none
2026-10-06 10:02:24,61.84,0.052,0,none
2026-10-06 10:02:25,63.02,0.056,0,none
2026-10-06 10:02:26,63.0,0.092,0,none
2026-10-06 10:02:27,64.25,0.051,0,none
2026-10-06 10:02:28,61.71,0.064,0,none
2026-10-06 10:02:29,61.68,0.051,0,none
2026-10-06 10:02:30,62.5,0.052,0,none
2026-10-06 10:02:31,65.05,0.101,0,none
2026-10-06 10:02:32,63.79,0.05,0,none
2026-10-06 10:02:33,61.51,0.07,0,none
2026-10-06 10:02:34,62.79,0.077,0,none
2026-10-06 10:02:35,62.06,0.056,0,none
2026-10-06 10:02:36,61.74,0.082,0,none
2026-10-06 10:02:37,62.55,0.079,0,none
2026-10-06 10:02:38,61.02,0.068,0,none
2026-10-06 10:02:39,60.74,0.158,0,none
2026-10-06 10:02:40,63.74,0.07,0,none
2026-10-06 10:02:41,65.42,0.07,0,none
2026-10-06 10:02:42,62.98,0.057,0,none
2026-10-06 10:02:43,60.81,0.089,0,none
2026-10-06 10:02:44,61.09,0.073,0,none
2026-10-06 10:02:45,61.51,0.059,0,none
2026-10-06 10:02:46,62.23,0.05,0,none
2026-10-06 10:02:47,63.5,0.076,0,none
2026-10-06 10:02:48,61.22,0.103,0,none
2026-10-06 10:02:49,62.66,0.088,0,none
2026-10-06 10:02:50,62.62,0.066,0,none
2026-10-06 10:02:51,64.39,0.112,0,none
2026-10-06 10:02:52,62.17,0.09,0,none
2026-10-06 10:02:53,62.67,0.094,0,none
2026-10-06 10:02:54,61.73,0.064,0,none
2026-10-06 10:02:55,62.39,0.065,0,none
2026-10-06 10:02:56,62.53,0.084,0,none
2026-10-06 10:02:57,61.11,0.056,0,none
2026-10-06 10:02:58,61.85,0.067,0,none
2026-10-06 10:02:59,60.06,0.053,0,none
2026-10-06 10:03:00,62.03,0.065,0,none
2026-10-06 10:03:01,64.95,0.116,0,none
2026-10-06 10:03:02,64.19,0.106,0,none
2026-10-06 10:03:03,61.9,0.054,0,none
2026-10-06 10:03:04,61.28,0.05,0,none
2026-10-06 10:03:05,63.48,0.053,0,none
2026-10-06 10:03:06,64.99,0.093,0,none
2026-10-06 10:03:07,63.13,0.112,0,none
2026-10-06 10:03:08,62.43,0.087,0,none
2026-10-06 10:03:09,61.12,0.05,0,none
2026-10-06 10:03:10,63.7,0.095,0,none
2026-10-06 10:03:11,63.42,0.061,0,none
2026-10-06 10:03:12,63.73,0.078,0,none
2026-10-06 10:03:13,64.05,0.075,0,none
2026-10-06 10:03:14,62.58,0.054,0,none
2026-10-06 10:03:15,62.31,0.072,0,none
2026-10-06 10:03:16,64.79,0.066,0,none
2026-10-06 10:03:17,63.93,0.071,0,none
2026-10-06 10:03:18,63.88,0.075,0,none
2026-10-06 10:03:19,60.29,0.074,0,none
2026-10-06 10:03:20,60.96,0.063,0,none
2026-10-06 10:03:21,63.04,0.066,0,none
2026-10-06 10:03:22,63.7,0.051,0,none
2026-10-06 10:03:23,62.12,0.056,0,none
2026-10-06 10:03:24,61.91,0.068,0,none
2026-10-06 10:03:25,63.32,0.087,0,none
2026-10-06 10:03:26,64.08,0.075,0,none
2026-10-06 10:03:27,64.45,0.051,0,none
2026-10-06 10:03:28,58.82,0.06,0,none
2026-10-06 10:03:29,61.79,0.103,0,none
2026-10-06 10:03:30,63.32,0.054,0,none
2026-10-06 10:03:31,63.75,0.067,0,none
2026-10-06 10:03:32,65.95,0.092,0,none
2026-10-06 10:03:33,62.02,0.061,0,none
2026-10-06 10:03:34,61.17,0.085,0,none
2026-10-06 10:03:35,63.6,0.083,0,none
2026-10-06 10:03:36,64.54,0.05,0,none
2026-10-06 10:03:37,63.89,0.077,0,none
2026-10-06 10:03:38,63.17,0.069,0,none
2026-10-06 10:03:39,62.32,0.066,0,none
2026-10-06 10:03:40,62.53,0.068,0,none
2026-10-06 10:03:41,65.33,0.083,0,none
2026-10-06 10:03:42,63.15,0.083,0,none
2026-10-06 10:03:43,62.26,0.104,0,none
2026-10-06 10:03:44,61.42,0.083,0,none
2026-10-06 10:03:45,60.41,0.101,0,none
2026-10-06 10:03:46,63.45,0.092,0,none
2026-10-06 10:03:47,62.85,0.07,0,none
2026-10-06 10:03:48,63.88,0.059,0,none
2026-10-06 10:03:49,61.9,0.068,0,none
2026-10-06 10:03:50,64.13,0.11,0,none
2026-10-06 10:03:51,62.74,0.061,0,none
2026-10-06 10:03:52,61.37,0.069,0,none
2026-10-06 10:03:53,63.17,0.058,0,none
2026-10-06 10:03:54,61.33,0.07,0,none
2026-10-06 10:03:55,61.66,0.063,0,none
2026-10-06 10:03:56,61.78,0.057,0,none
2026-10-06 10:03:57,63.29,0.071,0,none
2026-10-06 10:03:58,62.57,0.055,0,none
2026-10-06 10:03:59,62.17,0.09,0,none
2026-10-06 10:04:00,61.29,0.081,0,none
2026-10-06 10:04:01,64.88,0.094,0,none
2026-10-06 10:04:02,61.42,0.07,0,none
2026-10-06 10:04:03,64.77,0.077,0,none
2026-10-06 10:04:04,61.83,0.067,0,none
2026-10-06 10:04:05,62.14,0.063,0,none
2026-10-06 10:04:06,63.69,0.073,0,none
2026-10-06 10:04:07,64.64,0.077,0,none
2026-10-06 10:04:08,60.94,0.056,0,none
2026-10-06 10:04:09,62.26,0.086,0,none
2026-10-06 10:04:10,62.94,0.074,0,none
2026-10-06 10:04:11,62.62,0.065,0,none
2026-10-06 10:04:12,62.08,0.068,0,none
2026-10-06 10:04:13,63.71,0.091,0,none
2026-10-06 10:04:14,61.65,0.051,0,none
2026-10-06 10:04:15,59.88,0.067,0,none
2026-10-06 10:04:16,63.69,0.079,0,none
2026-10-06 10:04:17,64.58,0.052,0,none
2026-10-06 10:04:18,61.61,0.084,0,none
2026-10-06 10:04:19,61.17,0.088,0,none
2026-10-06 10:04:20,62.64,0.089,0,none
2026-10-06 10:04:21,62.99,0.051,0,none
2026-10-06 10:04:22,63.27,0.075,0,none
2026-10-06 10:04:23,60.92,0.064,0,none
2026-10-06 10:04:24,62.96,0.064,0,none
2026-10-06 10:04:25,62.18,0.102,0,none
2026-10-06 10:04:26,64.09,0.081,0,none
2026-10-06 10:04:27,64.38,0.066,0,none
2026-10-06 10:04:28,62.83,0.104,0,none
2026-10-06 10:04:29,62.19,0.087,0,none
2026-10-06 10:04:30,62.83,0.056,0,none
2026-10-06 10:04:31,63.88,0.093,0,none
2026-10-06 10:04:32,65.08,0.063,0,none
2026-10-06 10:04:33,65.08,0.054,1,dropout
2026-10-06 10:04:34,65.08,0.096,1,dropout
2026-10-06 10:04:35,65.08,0.101,1,dropout
2026-10-06 10:04:36,65.08,0.063,1,dropout
2026-10-06 10:04:37,65.08,0.083,1,dropout
2026-10-06 10:04:38,65.08,0.106,1,dropout
2026-10-06 10:04:39,65.08,0.076,1,dropout
2026-10-06 10:04:40,65.08,0.079,1,dropout
2026-10-06 10:04:41,65.08,0.066,1,dropout
2026-10-06 10:04:42,65.08,0.07,1,dropout
2026-10-06 10:04:43,65.08,0.057,1,dropout
2026-10-06 10:04:44,65.08,0.062,1,dropout
2026-10-06 10:04:45,65.08,0.07,1,dropout
2026-10-06 10:04:46,65.08,0.069,1,dropout
2026-10-06 10:04:47,65.08,0.122,1,dropout
2026-10-06 10:04:48,65.08,0.062,1,dropout
2026-10-06 10:04:49,65.08,0.053,1,dropout
2026-10-06 10:04:50,65.08,0.06,1,dropout
2026-10-06 10:04:51,65.08,0.078,1,dropout
2026-10-06 10:04:52,65.08,0.079,1,dropout
2026-10-06 10:04:53,65.08,0.067,1,dropout
2026-10-06 10:04:54,65.08,0.07,1,dropout
2026-10-06 10:04:55,65.08,0.054,1,dropout
2026-10-06 10:04:56,65.08,0.067,1,dropout
2026-10-06 10:04:57,65.08,0.074,1,dropout
2026-10-06 10:04:58,65.08,0.07,1,dropout
2026-10-06 10:04:59,65.08,0.073,1,dropout
2026-10-06 10:05:00,65.08,0.123,1,dropout
2026-10-06 10:05:01,65.08,0.056,1,dropout
2026-10-06 10:05:02,63.09,0.064,0,none
2026-10-06 10:05:03,61.32,0.09,0,none
2026-10-06 10:05:04,60.02,0.078,0,none
2026-10-06 10:05:05,63.32,0.114,0,none
2026-10-06 10:05:06,65.18,0.069,0,none
2026-10-06 10:05:07,63.67,0.056,0,none
2026-10-06 10:05:08,62.43,0.061,0,none
2026-10-06 10:05:09,61.92,0.051,0,none
2026-10-06 10:05:10,61.91,0.069,0,none
2026-10-06 10:05:11,65.06,0.055,0,none
2026-10-06 10:05:12,61.54,0.087,0,none
2026-10-06 10:05:13,62.48,0.065,0,none
2026-10-06 10:05:14,61.23,0.074,0,none
2026-10-06 10:05:15,62.37,0.092,0,none
2026-10-06 10:05:16,63.49,0.063,0,none
2026-10-06 10:05:17,64.7,0.069,0,none
2026-10-06 10:05:18,62.7,0.064,0,none
2026-10-06 10:05:19,61.86,0.069,0,none
2026-10-06 10:05:20,62.0,0.074,0,none
2026-10-06 10:05:21,64.67,0.094,0,none
2026-10-06 10:05:22,64.99,0.053,0,none
2026-10-06 10:05:23,62.55,0.053,0,none
2026-10-06 10:05:24,62.45,0.061,0,none
2026-10-06 10:05:25,63.7,0.056,0,none
2026-10-06 10:05:26,62.32,0.062,0,none
2026-10-06 10:05:27,63.02,0.051,0,none
2026-10-06 10:05:28,62.15,0.1,0,none
2026-10-06 10:05:29,62.34,0.064,0,none
2026-10-06 10:05:30,64.04,0.07,0,none
2026-10-06 10:05:31,62.33,0.052,0,none
2026-10-06 10:05:32,64.15,0.089,0,none
2026-10-06 10:05:33,61.68,0.091,0,none
2026-10-06 10:05:34,61.89,0.054,0,none
2026-10-06 10:05:35,64.73,0.066,0,none
2026-10-06 10:05:36,65.24,0.062,0,none
2026-10-06 10:05:37,63.11,0.07,0,none
2026-10-06 10:05:38,62.3,0.106,0,none
2026-10-06 10:05:39,62.26,0.084,0,none
2026-10-06 10:05:40,63.93,0.084,0,none
2026-10-06 10:05:41,64.83,0.059,0,none
2026-10-06 10:05:42,62.71,0.082,0,none
2026-10-06 10:05:43,61.43,0.072,0,none
2026-10-06 10:05:44,62.56,0.056,0,none
2026-10-06 10:05:45,64.51,0.057,0,none
2026-10-06 10:05:46,65.27,0.081,0,none
2026-10-06 10:05:47,61.26,0.053,0,none
2026-10-06 10:05:48,61.56,0.08,0,none
2026-10-06 10:05:49,62.24,0.064,0,none
2026-10-06 10:05:50,63.36,0.071,0,none
2026-10-06 10:05:51,63.54,0.075,0,none
2026-10-06 10:05:52,62.89,0.058,0,none
2026-10-06 10:05:53,61.89,0.106,0,none
2026-10-06 10:05:54,62.0,0.097,0,none
2026-10-06 10:05:55,63.87,0.13,0,none
2026-10-06 10:05:56,65.08,0.057,0,none
2026-10-06 10:05:57,64.13,0.074,0,none
2026-10-06 10:05:58,62.83,0.087,0,none
2026-10-06 10:05:59,61.72,0.063,0,none
2026-10-06 10:06:00,61.73,0.076,0,none
2026-10-06 10:06:01,64.06,0.054,0,none
2026-10-06 10:06:02,62.91,0.05,0,none
2026-10-06 10:06:03,62.04,0.086,0,none
2026-10-06 10:06:04,61.3,0.066,0,none
2026-10-06 10:06:05,62.18,0.106,0,none
2026-10-06 10:06:06,64.75,0.088,0,none
2026-10-06 10:06:07,63.29,0.082,0,none
2026-10-06 10:06:08,62.7,0.076,0,none
2026-10-06 10:06:09,61.14,0.067,0,none
2026-10-06 10:06:10,60.73,0.068,0,none
2026-10-06 10:06:11,66.62,0.081,0,none
2026-10-06 10:06:12,63.17,0.099,0,none
2026-10-06 10:06:13,62.61,0.055,0,none
2026-10-06 10:06:14,62.34,0.052,0,none
2026-10-06 10:06:15,60.75,0.116,0,none
2026-10-06 10:06:16,63.44,0.058,0,none
2026-10-06 10:06:17,62.45,0.071,0,none
2026-10-06 10:06:18,61.53,0.078,0,none
2026-10-06 10:06:19,60.44,0.091,0,none
2026-10-06 10:06:20,62.85,0.054,0,none
2026-10-06 10:06:21,64.49,0.077,0,none
2026-10-06 10:06:22,62.58,0.056,0,none
2026-10-06 10:06:23,63.88,0.085,0,none
2026-10-06 10:06:24,58.46,0.063,0,none
2026-10-06 10:06:25,61.83,0.091,0,none
2026-10-06 10:06:26,64.91,0.051,0,none
2026-10-06 10:06:27,61.85,0.089,0,none
2026-10-06 10:06:28,61.87,0.061,0,none
2026-10-06 10:06:29,60.04,0.053,0,none
2026-10-06 10:06:30,62.26,0.109,0,none
2026-10-06 10:06:31,64.16,0.062,0,none
2026-10-06 10:06:32,64.38,0.054,0,none
2026-10-06 10:06:33,61.46,0.103,0,none
2026-10-06 10:06:34,58.63,0.05,0,none
2026-10-06 10:06:35,64.1,0.057,0,none
2026-10-06 10:06:36,64.0,0.051,0,none
2026-10-06 10:06:37,64.34,0.073,0,none
2026-10-06 10:06:38,61.14,0.104,0,none
2026-10-06 10:06:39,64.07,0.121,0,none
2026-10-06 10:06:40,64.71,0.078,0,none
2026-10-06 10:06:41,63.49,0.058,0,none
2026-10-06 10:06:42,64.42,0.136,0,none
2026-10-06 10:06:43,63.08,0.084,0,none
2026-10-06 10:06:44,62.55,0.059,0,none
2026-10-06 10:06:45,60.59,0.053,0,none
2026-10-06 10:06:46,63.37,0.059,0,none
2026-10-06 10:06:47,62.43,0.085,0,none
2026-10-06 10:06:48,63.9,0.054,0,none
2026-10-06 10:06:49,61.96,0.051,0,none
2026-10-06 10:06:50,62.23,0.103,0,none
2026-10-06 10:06:51,64.7,0.061,0,none
2026-10-06 10:06:52,62.98,0.105,0,none
2026-10-06 10:06:53,62.49,0.07,0,none
2026-10-06 10:06:54,61.35,0.125,0,none
2026-10-06 10:06:55,61.79,0.087,0,none
2026-10-06 10:06:56,60.96,0.06,0,none
2026-10-06 10:06:57,62.99,0.096,0,none
2026-10-06 10:06:58,60.61,0.078,0,none
2026-10-06 10:06:59,59.14,0.08,0,none
2026-10-06 10:07:00,61.38,0.054,0,none
2026-10-06 10:07:01,64.17,0.086,0,none
2026-10-06 10:07:02,62.6,0.08,0,none
2026-10-06 10:07:03,59.35,0.053,0,none
2026-10-06 10:07:04,59.62,0.1,0,none
2026-10-06 10:07:05,62.42,0.077,0,none
2026-10-06 10:07:06,63.03,0.084,0,none
2026-10-06 10:07:07,63.57,0.08,0,none
2026-10-06 10:07:08,62.22,0.066,0,none
2026-10-06 10:07:09,60.27,0.078,0,none
2026-10-06 10:07:10,65.01,0.066,0,none
2026-10-06 10:07:11,64.94,0.086,0,none
2026-10-06 10:07:12,63.8,0.061,0,none
2026-10-06 10:07:13,61.45,0.051,0,none
2026-10-06 10:07:14,60.74,0.071,0,none
2026-10-06 10:07:15,64.48,0.055,0,none
2026-10-06 10:07:16,64.27,0.073,0,none
2026-10-06 10:07:17,62.97,0.074,0,none
2026-10-06 10:07:18,63.38,0.068,0,none
2026-10-06 10:07:19,62.04,0.062,0,none
2026-10-06 10:07:20,62.83,0.075,0,none
2026-10-06 10:07:21,65.63,0.066,0,none
2026-10-06 10:07:22,62.74,0.052,0,none
2026-10-06 10:07:23,62.05,0.063,0,none
2026-10-06 10:07:24,60.29,0.085,0,none
2026-10-06 10:07:25,64.09,0.057,0,none
2026-10-06 10:07:26,64.88,0.058,0,none
2026-10-06 10:07:27,61.98,0.081,0,none
2026-10-06 10:07:28,62.96,0.059,0,none
2026-10-06 10:07:29,61.5,0.089,0,none
2026-10-06 10:07:30,63.77,0.084,0,none
2026-10-06 10:07:31,65.31,0.071,0,none
2026-10-06 10:07:32,62.82,0.051,0,none
2026-10-06 10:07:33,60.46,0.083,0,none
2026-10-06 10:07:34,61.53,0.06,0,none
2026-10-06 10:07:35,63.99,0.09,0,none
2026-10-06 10:07:36,63.47,0.065,0,none
2026-10-06 10:07:37,63.71,0.075,0,none
2026-10-06 10:07:38,61.5,0.09,0,none
2026-10-06 10:07:39,60.47,0.091,0,none
2026-10-06 10:07:40,61.79,0.095,0,none
2026-10-06 10:07:41,65.41,0.076,0,none
2026-10-06 10:07:42,62.52,0.059,0,none
2026-10-06 10:07:43,61.75,0.06,0,none
2026-10-06 10:07:44,60.58,0.052,0,none
2026-10-06 10:07:45,62.35,0.068,0,none
2026-10-06 10:07:46,64.52,0.058,0,none
2026-10-06 10:07:47,62.92,0.114,0,none
2026-10-06 10:07:48,60.55,0.053,0,none
2026-10-06 10:07:49,60.95,0.063,0,none
2026-10-06 10:07:50,61.33,0.051,0,none
2026-10-06 10:07:51,61.75,0.08,0,none
2026-10-06 10:07:52,108.47,0.074,1,spike
2026-10-06 10:07:53,106.34,0.06,1,spike
2026-10-06 10:07:54,105.91,0.082,1,spike
2026-10-06 10:07:55,108.98,0.074,1,spike
2026-10-06 10:07:56,109.61,0.102,1,spike
2026-10-06 10:07:57,108.54,0.093,1,spike
2026-10-06 10:07:58,106.33,0.068,1,spike
2026-10-06 10:07:59,105.78,0.075,1,spike
2026-10-06 10:08:00,106.57,0.073,1,spike
2026-10-06 10:08:01,107.34,0.091,1,spike
2026-10-06 10:08:02,61.2,0.059,0,none
2026-10-06 10:08:03,60.67,0.066,0,none
2026-10-06 10:08:04,62.13,0.069,0,none
2026-10-06 10:08:05,62.54,0.124,0,none
2026-10-06 10:08:06,64.57,0.095,0,none
2026-10-06 10:08:07,64.31,0.081,0,none
2026-10-06 10:08:08,61.11,0.084,0,none
2026-10-06 10:08:09,62.72,0.056,0,none
2026-10-06 10:08:10,60.35,0.054,0,none
2026-10-06 10:08:11,62.98,0.057,0,none
2026-10-06 10:08:12,62.74,0.065,0,none
2026-10-06 10:08:13,61.91,0.087,0,none
2026-10-06 10:08:14,60.42,0.053,0,none
2026-10-06 10:08:15,61.22,0.078,0,none
2026-10-06 10:08:16,63.24,0.109,0,none
2026-10-06 10:08:17,63.31,0.071,0,none
2026-10-06 10:08:18,60.45,0.1,0,none
2026-10-06 10:08:19,62.16,0.09,0,none
2026-10-06 10:08:20,61.93,0.07,0,none
2026-10-06 10:08:21,63.35,0.078,0,none
2026-10-06 10:08:22,63.06,0.071,0,none
2026-10-06 10:08:23,60.95,0.075,0,none
2026-10-06 10:08:24,60.88,0.079,0,none
2026-10-06 10:08:25,62.22,0.085,0,none
2026-10-06 10:08:26,64.29,0.073,0,none
2026-10-06 10:08:27,63.39,0.053,0,none
2026-10-06 10:08:28,64.23,0.091,0,none
2026-10-06 10:08:29,60.18,0.05,0,none
2026-10-06 10:08:30,61.61,0.071,0,none
2026-10-06 10:08:31,63.46,0.061,0,none
2026-10-06 10:08:32,64.63,0.059,0,none
2026-10-06 10:08:33,60.33,0.051,0,none
2026-10-06 10:08:34,61.03,0.078,0,none
2026-10-06 10:08:35,61.55,0.1,0,none
2026-10-06 10:08:36,63.64,0.066,0,none
2026-10-06 10:08:37,64.65,0.061,0,none
2026-10-06 10:08:38,62.42,0.066,0,none
2026-10-06 10:08:39,61.44,0.07,0,none
2026-10-06 10:08:40,63.75,0.131,0,none
2026-10-06 10:08:41,63.28,0.053,0,none
2026-10-06 10:08:42,63.48,0.121,0,none
2026-10-06 10:08:43,60.48,0.099,0,none
2026-10-06 10:08:44,61.06,0.067,0,none
2026-10-06 10:08:45,63.11,0.057,0,none
2026-10-06 10:08:46,64.88,0.068,0,none
2026-10-06 10:08:47,60.33,0.057,0,none
2026-10-06 10:08:48,62.16,0.097,0,none
2026-10-06 10:08:49,60.76,0.066,0,none
2026-10-06 10:08:50,62.35,0.077,0,none
2026-10-06 10:08:51,62.59,0.088,0,none
2026-10-06 10:08:52,62.97,0.064,0,none
2026-10-06 10:08:53,61.12,0.063,0,none
2026-10-06 10:08:54,61.15,0.067,0,none
2026-10-06 10:08:55,63.16,0.071,0,none
2026-10-06 10:08:56,64.45,0.076,0,none
2026-10-06 10:08:57,61.38,0.057,0,none
2026-10-06 10:08:58,62.24,0.067,0,none
2026-10-06 10:08:59,62.59,0.086,0,none
2026-10-06 10:09:00,62.88,0.069,0,none
2026-10-06 10:09:01,61.53,0.074,0,none
2026-10-06 10:09:02,61.4,0.076,0,none
2026-10-06 10:09:03,60.33,0.068,0,none
2026-10-06 10:09:04,60.33,0.08,0,none
2026-10-06 10:09:05,62.25,0.061,0,none
2026-10-06 10:09:06,64.86,0.068,0,none
2026-10-06 10:09:07,61.59,0.075,0,none
2026-10-06 10:09:08,59.39,0.068,0,none
2026-10-06 10:09:09,61.91,0.052,0,none
2026-10-06 10:09:10,62.81,0.088,0,none
2026-10-06 10:09:11,65.2,0.084,0,none
2026-10-06 10:09:12,63.17,0.11,0,none
2026-10-06 10:09:13,64.32,0.063,0,none
2026-10-06 10:09:14,61.18,0.057,0,none
2026-10-06 10:09:15,63.91,0.1,0,none
2026-10-06 10:09:16,62.45,0.079,0,none
2026-10-06 10:09:17,62.85,0.053,0,none
2026-10-06 10:09:18,61.34,0.054,0,none
2026-10-06 10:09:19,58.99,0.052,0,none
2026-10-06 10:09:20,61.48,0.059,0,none
2026-10-06 10:09:21,63.96,0.06,0,none
2026-10-06 10:09:22,63.73,0.064,0,none
2026-10-06 10:09:23,62.64,0.091,0,none
2026-10-06 10:09:24,61.93,0.058,0,none
2026-10-06 10:09:25,60.96,0.099,0,none
2026-10-06 10:09:26,62.83,0.088,0,none
2026-10-06 10:09:27,62.47,0.099,0,none
2026-10-06 10:09:28,59.64,0.085,0,none
2026-10-06 10:09:29,60.58,0.066,0,none
2026-10-06 10:09:30,60.76,0.053,0,none
2026-10-06 10:09:31,63.41,0.085,0,none
2026-10-06 10:09:32,62.01,0.058,0,none
2026-10-06 10:09:33,61.35,0.054,0,none
2026-10-06 10:09:34,61.44,0.101,0,none
2026-10-06 10:09:35,62.41,0.082,0,none
2026-10-06 10:09:36,63.78,0.062,0,none
2026-10-06 10:09:37,64.61,0.06,0,none
2026-10-06 10:09:38,62.49,0.057,0,none
2026-10-06 10:09:39,60.77,0.054,0,none
2026-10-06 10:09:40,63.47,0.061,0,none
2026-10-06 10:09:41,62.94,0.057,0,none
2026-10-06 10:09:42,63.38,0.078,0,none
2026-10-06 10:09:43,63.28,0.084,0,none
2026-10-06 10:09:44,62.19,0.057,0,none
2026-10-06 10:09:45,61.57,0.094,0,none
2026-10-06 10:09:46,65.25,0.052,0,none
2026-10-06 10:09:47,63.13,0.059,0,none
2026-10-06 10:09:48,61.82,0.069,0,none
2026-10-06 10:09:49,60.19,0.067,0,none
2026-10-06 10:09:50,62.52,0.116,0,none
2026-10-06 10:09:51,62.58,0.063,0,none
2026-10-06 10:09:52,63.9,0.083,0,none
2026-10-06 10:09:53,61.13,0.06,0,none
2026-10-06 10:09:54,59.99,0.057,0,none
2026-10-06 10:09:55,62.54,0.057,0,none
2026-10-06 10:09:56,64.1,0.069,0,none
2026-10-06 10:09:57,65.45,0.055,0,none
2026-10-06 10:09:58,61.42,0.064,0,none
2026-10-06 10:09:59,61.06,0.05,0,none
2026-10-06 10:10:00,60.95,0.069,0,none
2026-10-06 10:10:01,63.57,0.094,0,none
2026-10-06 10:10:02,62.5,0.068,0,none
2026-10-06 10:10:03,60.53,0.101,0,none
2026-10-06 10:10:04,61.79,0.068,0,none
2026-10-06 10:10:05,63.04,0.068,0,none
2026-10-06 10:10:06,63.74,0.06,0,none
2026-10-06 10:10:07,62.37,0.097,0,none
2026-10-06 10:10:08,61.97,0.069,0,none
2026-10-06 10:10:09,60.98,0.055,0,none
2026-10-06 10:10:10,61.51,0.056,0,none
2026-10-06 10:10:11,62.75,0.057,0,none
2026-10-06 10:10:12,62.91,0.084,0,none
2026-10-06 10:10:13,61.55,0.083,0,none
2026-10-06 10:10:14,61.96,0.068,0,none
2026-10-06 10:10:15,63.53,0.051,0,none
2026-10-06 10:10:16,62.34,0.053,0,none
2026-10-06 10:10:17,65.6,0.106,0,none
2026-10-06 10:10:18,61.24,0.092,0,none
2026-10-06 10:10:19,61.1,0.061,0,none
2026-10-06 10:10:20,61.71,0.144,0,none
2026-10-06 10:10:21,63.05,0.076,0,none
2026-10-06 10:10:22,64.6,0.085,0,none
2026-10-06 10:10:23,60.75,0.077,0,none
2026-10-06 10:10:24,58.94,0.085,0,none
2026-10-06 10:10:25,62.43,0.051,0,none
2026-10-06 10:10:26,63.52,0.065,0,none
2026-10-06 10:10:27,63.61,0.073,0,none
2026-10-06 10:10:28,61.77,0.084,0,none
2026-10-06 10:10:29,60.26,0.093,0,none
2026-10-06 10:10:30,61.89,0.07,0,none
2026-10-06 10:10:31,64.99,0.058,0,none
2026-10-06 10:10:32,62.44,0.116,0,none
2026-10-06 10:10:33,62.46,0.052,0,none
2026-10-06 10:10:34,63.02,0.056,0,none
2026-10-06 10:10:35,61.02,0.068,0,none
2026-10-06 10:10:36,63.6,0.087,0,none
2026-10-06 10:10:37,61.93,0.062,0,none
2026-10-06 10:10:38,60.53,0.1,0,none
2026-10-06 10:10:39,60.71,0.056,0,none
2026-10-06 10:10:40,65.05,0.056,0,none
2026-10-06 10:10:41,63.84,0.087,0,none
2026-10-06 10:10:42,63.29,0.062,0,none
2026-10-06 10:10:43,62.19,0.052,0,none
2026-10-06 10:10:44,60.3,0.05,0,none
2026-10-06 10:10:45,62.46,0.07,0,none
2026-10-06 10:10:46,65.29,0.058,0,none
2026-10-06 10:10:47,61.73,0.056,0,none
2026-10-06 10:10:48,61.4,0.06,0,none
2026-10-06 10:10:49,61.61,0.09,0,none
2026-10-06 10:10:50,62.47,0.074,0,none
2026-10-06 10:10:51,63.83,0.087,0,none
2026-10-06 10:10:52,63.57,0.069,0,none
2026-10-06 10:10:53,60.87,0.057,0,none
2026-10-06 10:10:54,61.52,0.059,0,none
2026-10-06 10:10:55,62.1,0.088,0,none
2026-10-06 10:10:56,64.18,0.076,0,none
2026-10-06 10:10:57,63.73,0.061,0,none
2026-10-06 10:10:58,61.75,0.069,0,none
2026-10-06 10:10:59,58.69,0.101,0,none
2026-10-06 10:11:00,63.18,0.05,0,none
2026-10-06 10:11:01,64.54,0.05,0,none
2026-10-06 10:11:02,63.35,0.081,0,none
2026-10-06 10:11:03,61.12,0.073,0,none
2026-10-06 10:11:04,60.16,0.08,0,none
2026-10-06 10:11:05,63.47,0.058,0,none
2026-10-06 10:11:06,64.75,0.053,0,none
2026-10-06 10:11:07,66.66,0.083,0,none
2026-10-06 10:11:08,60.48,0.062,0,none
2026-10-06 10:11:09,59.81,0.085,0,none
2026-10-06 10:11:10,60.12,0.093,0,none
2026-10-06 10:11:11,62.71,0.074,0,none
2026-10-06 10:11:12,62.92,0.077,0,none
2026-10-06 10:11:13,62.34,0.076,0,none
2026-10-06 10:11:14,59.86,0.099,0,none
2026-10-06 10:11:15,62.77,0.069,0,none
2026-10-06 10:11:16,62.91,0.055,0,none
2026-10-06 10:11:17,62.22,0.055,0,none
2026-10-06 10:11:18,61.35,0.081,0,none
2026-10-06 10:11:19,62.13,0.061,0,none
2026-10-06 10:11:20,62.63,0.061,0,none
2026-10-06 10:11:21,63.57,0.057,0,none
2026-10-06 10:11:22,63.03,0.057,0,none
2026-10-06 10:11:23,108.76,0.096,1,spike
2026-10-06 10:11:24,104.85,0.062,1,spike
2026-10-06 10:11:25,107.7,0.05,1,spike
2026-10-06 10:11:26,109.5,0.106,1,spike
2026-10-06 10:11:27,108.95,0.05,1,spike
2026-10-06 10:11:28,61.69,0.065,0,none
2026-10-06 10:11:29,60.26,0.096,0,none
2026-10-06 10:11:30,62.87,0.063,0,none
2026-10-06 10:11:31,63.17,0.052,0,none
2026-10-06 10:11:32,62.55,0.067,0,none
2026-10-06 10:11:33,62.08,0.075,0,none
2026-10-06 10:11:34,61.64,0.07,0,none
2026-10-06 10:11:35,61.62,0.117,0,none
2026-10-06 10:11:36,63.76,0.072,0,none
2026-10-06 10:11:37,61.27,0.058,0,none
2026-10-06 10:11:38,61.3,0.063,0,none
2026-10-06 10:11:39,60.29,0.071,0,none
2026-10-06 10:11:40,61.36,0.058,0,none
2026-10-06 10:11:41,64.08,0.126,0,none
2026-10-06 10:11:42,63.65,0.061,0,none
2026-10-06 10:11:43,62.07,0.143,0,none
2026-10-06 10:11:44,61.63,0.076,0,none
2026-10-06 10:11:45,63.51,0.067,0,none
2026-10-06 10:11:46,64.58,0.064,0,none
2026-10-06 10:11:47,62.23,0.075,0,none
2026-10-06 10:11:48,62.23,0.064,0,none
2026-10-06 10:11:49,60.31,0.058,0,none
2026-10-06 10:11:50,62.39,0.05,0,none
2026-10-06 10:11:51,63.98,0.078,0,none
2026-10-06 10:11:52,64.35,0.071,0,none
2026-10-06 10:11:53,61.42,0.051,0,none
2026-10-06 10:11:54,60.61,0.058,0,none
2026-10-06 10:11:55,63.65,0.058,0,none
2026-10-06 10:11:56,64.57,0.055,0,none
2026-10-06 10:11:57,62.33,0.055,0,none
2026-10-06 10:11:58,62.72,0.108,0,none
2026-10-06 10:11:59,61.37,0.057,0,none
2026-10-06 10:12:00,61.37,0.073,0,none
2026-10-06 10:12:01,63.49,0.073,0,none
2026-10-06 10:12:02,62.4,0.097,0,none
2026-10-06 10:12:03,60.79,0.084,0,none
2026-10-06 10:12:04,62.33,0.07,0,none
2026-10-06 10:12:05,63.65,0.089,0,none
2026-10-06 10:12:06,63.43,0.069,0,none
2026-10-06 10:12:07,62.92,0.059,0,none
2026-10-06 10:12:08,61.47,0.08,0,none
2026-10-06 10:12:09,61.09,0.061,0,none
2026-10-06 10:12:10,61.53,0.11,0,none
2026-10-06 10:12:11,62.27,0.062,0,none
2026-10-06 10:12:12,63.83,0.079,0,none
2026-10-06 10:12:13,60.51,0.09,0,none
2026-10-06 10:12:14,60.56,0.067,0,none
2026-10-06 10:12:15,62.58,0.071,0,none
2026-10-06 10:12:16,62.19,0.069,0,none
2026-10-06 10:12:17,64.67,0.097,0,none
2026-10-06 10:12:18,61.36,0.072,0,none
2026-10-06 10:12:19,62.17,0.056,0,none
2026-10-06 10:12:20,61.61,0.062,0,none
2026-10-06 10:12:21,63.13,0.076,0,none
2026-10-06 10:12:22,62.8,0.07,0,none
2026-10-06 10:12:23,61.06,0.061,0,none
2026-10-06 10:12:24,61.85,0.058,0,none
2026-10-06 10:12:25,61.33,0.093,0,none
2026-10-06 10:12:26,63.27,0.068,0,none
2026-10-06 10:12:27,62.63,0.068,0,none
2026-10-06 10:12:28,62.42,0.07,0,none
2026-10-06 10:12:29,59.73,0.067,0,none
2026-10-06 10:12:30,63.4,0.065,0,none
2026-10-06 10:12:31,63.14,0.109,0,none
2026-10-06 10:12:32,63.47,0.09,0,none
2026-10-06 10:12:33,63.31,0.077,0,none
2026-10-06 10:12:34,61.59,0.082,0,none
2026-10-06 10:12:35,62.97,0.053,0,none
2026-10-06 10:12:36,63.86,0.08,0,none
2026-10-06 10:12:37,63.67,0.097,0,none
2026-10-06 10:12:38,60.8,0.066,0,none
2026-10-06 10:12:39,59.97,0.05,0,none
2026-10-06 10:12:40,60.87,0.06,0,none
2026-10-06 10:12:41,64.0,0.118,0,none
2026-10-06 10:12:42,63.58,0.09,0,none
2026-10-06 10:12:43,62.53,0.071,0,none
2026-10-06 10:12:44,60.82,0.061,0,none
2026-10-06 10:12:45,62.82,0.061,0,none
2026-10-06 10:12:46,63.14,0.057,0,none
2026-10-06 10:12:47,63.0,0.074,0,none
2026-10-06 10:12:48,60.98,0.057,0,none
2026-10-06 10:12:49,62.01,0.09,0,none
2026-10-06 10:12:50,62.87,0.055,0,none
2026-10-06 10:12:51,62.79,0.072,0,none
2026-10-06 10:12:52,62.62,0.072,0,none
2026-10-06 10:12:53,61.07,0.124,0,none
2026-10-06 10:12:54,61.69,0.091,0,none
2026-10-06 10:12:55,63.23,0.071,0,none
2026-10-06 10:12:56,64.19,0.092,0,none
2026-10-06 10:12:57,62.13,0.066,0,none
2026-10-06 10:12:58,62.73,0.107,0,none
2026-10-06 10:12:59,62.73,0.105,0,none
2026-10-06 10:13:00,63.34,0.061,0,none
2026-10-06 10:13:01,61.95,0.058,0,none
2026-10-06 10:13:02,62.79,0.056,0,none
2026-10-06 10:13:03,63.01,0.06,0,none
2026-10-06 10:13:04,59.69,0.089,0,none
2026-10-06 10:13:05,63.41,0.084,0,none
2026-10-06 10:13:06,63.91,0.08,0,none
2026-10-06 10:13:07,62.09,0.086,0,none
2026-10-06 10:13:08,60.77,0.054,0,none
2026-10-06 10:13:09,60.74,0.051,0,none
2026-10-06 10:13:10,60.45,0.057,0,none
2026-10-06 10:13:11,63.06,0.095,0,none
2026-10-06 10:13:12,63.68,0.09,0,none
2026-10-06 10:13:13,61.66,0.071,0,none
2026-10-06 10:13:14,61.76,0.073,0,none
2026-10-06 10:13:15,62.69,0.107,0,none
2026-10-06 10:13:16,65.05,0.153,0,none
2026-10-06 10:13:17,62.19,0.073,0,none
2026-10-06 10:13:18,62.51,0.083,0,none
2026-10-06 10:13:19,62.66,0.063,0,none
2026-10-06 10:13:20,62.91,0.07,0,none
2026-10-06 10:13:21,63.65,0.077,0,none
2026-10-06 10:13:22,60.75,0.053,0,none
2026-10-06 10:13:23,62.2,0.086,0,none
2026-10-06 10:13:24,60.02,0.071,0,none
2026-10-06 10:13:25,63.43,0.052,0,none
2026-10-06 10:13:26,63.0,0.067,0,none
2026-10-06 10:13:27,62.11,0.066,0,none
2026-10-06 10:13:28,61.7,0.099,0,none
2026-10-06 10:13:29,60.26,0.104,0,none
2026-10-06 10:13:30,63.07,0.076,0,none
2026-10-06 10:13:31,63.53,0.125,0,none
2026-10-06 10:13:32,63.07,0.106,0,none
2026-10-06 10:13:33,61.27,0.052,0,none
2026-10-06 10:13:34,60.73,0.051,0,none
2026-10-06 10:13:35,61.88,0.084,0,none
2026-10-06 10:13:36,61.51,0.059,0,none
2026-10-06 10:13:37,61.84,0.084,0,none
2026-10-06 10:13:38,62.95,0.065,0,none
2026-10-06 10:13:39,60.95,0.07,0,none
2026-10-06 10:13:40,63.19,0.08,0,none
2026-10-06 10:13:41,63.94,0.051,0,none
2026-10-06 10:13:42,61.31,0.078,0,none
2026-10-06 10:13:43,62.57,0.108,0,none
2026-10-06 10:13:44,61.43,0.087,0,none
2026-10-06 10:13:45,60.07,0.058,0,none
2026-10-06 10:13:46,63.12,0.051,0,none
2026-10-06 10:13:47,63.87,0.061,0,none
2026-10-06 10:13:48,62.8,0.074,0,none
2026-10-06 10:13:49,61.04,0.079,0,none
2026-10-06 10:13:50,62.43,0.063,0,none
2026-10-06 10:13:51,61.88,0.074,0,none
2026-10-06 10:13:52,62.87,0.051,0,none
2026-10-06 10:13:53,61.11,0.124,0,none
2026-10-06 10:13:54,61.7,0.062,0,none
2026-10-06 10:13:55,62.17,0.08,0,none
2026-10-06 10:13:56,64.14,0.056,0,none
2026-10-06 10:13:57,63.3,0.076,0,none
2026-10-06 10:13:58,62.09,0.064,0,none
2026-10-06 10:13:59,61.89,0.073,0,none
2026-10-06 10:14:00,63.78,0.091,0,none
2026-10-06 10:14:01,64.81,0.096,0,none
2026-10-06 10:14:02,61.68,0.051,0,none
2026-10-06 10:14:03,59.88,0.057,0,none
2026-10-06 10:14:04,62.87,0.112,0,none
2026-10-06 10:14:05,62.72,0.067,0,none
2026-10-06 10:14:06,62.62,0.052,0,none
2026-10-06 10:14:07,63.33,0.1,0,none
2026-10-06 10:14:08,62.73,0.077,0,none
2026-10-06 10:14:09,62.7,0.067,0,none
2026-10-06 10:14:10,60.9,0.059,0,none
2026-10-06 10:14:11,63.34,0.139,0,none
2026-10-06 10:14:12,63.91,0.084,0,none
2026-10-06 10:14:13,62.3,0.078,0,none
2026-10-06 10:14:14,61.98,0.052,0,none
2026-10-06 10:14:15,63.4,0.074,0,none
2026-10-06 10:14:16,62.24,0.096,0,none
2026-10-06 10:14:17,63.94,0.055,0,none
2026-10-06 10:14:18,61.42,0.051,0,none
2026-10-06 10:14:19,62.09,0.051,0,none
2026-10-06 10:14:20,60.79,0.104,0,none
2026-10-06 10:14:21,63.95,0.075,0,none
2026-10-06 10:14:22,63.79,0.073,0,none
2026-10-06 10:14:23,59.61,0.053,0,none
2026-10-06 10:14:24,62.08,0.072,0,none
2026-10-06 10:14:25,62.27,0.1,0,none
2026-10-06 10:14:26,64.01,0.071,0,none
2026-10-06 10:14:27,64.1,0.052,0,none
2026-10-06 10:14:28,62.66,0.092,0,none
2026-10-06 10:14:29,59.55,0.1,0,none
2026-10-06 10:14:30,61.82,0.074,0,none
2026-10-06 10:14:31,62.46,0.074,0,none
2026-10-06 10:14:32,64.46,0.097,0,none
2026-10-06 10:14:33,63.19,0.08,0,none
2026-10-06 10:14:34,63.08,0.069,0,none
2026-10-06 10:14:35,63.1,0.101,0,none
2026-10-06 10:14:36,64.29,0.054,0,none
2026-10-06 10:14:37,63.43,0.066,0,none
2026-10-06 10:14:38,61.12,0.076,0,none
2026-10-06 10:14:39,63.56,0.074,0,none
2026-10-06 10:14:40,63.71,0.085,0,none
2026-10-06 10:14:41,61.85,0.06,0,none
2026-10-06 10:14:42,61.13,0.059,0,none
2026-10-06 10:14:43,62.47,0.084,0,none
2026-10-06 10:14:44,61.51,0.068,0,none
2026-10-06 10:14:45,63.44,0.09,0,none
2026-10-06 10:14:46,61.96,0.065,0,none
2026-10-06 10:14:47,62.99,0.101,0,none
2026-10-06 10:14:48,61.73,0.1,0,none
2026-10-06 10:14:49,62.03,0.059,0,none
2026-10-06 10:14:50,62.37,0.053,0,none
2026-10-06 10:14:51,63.11,0.057,0,none
2026-10-06 10:14:52,63.22,0.057,0,none
2026-10-06 10:14:53,63.05,0.082,0,none
2026-10-06 10:14:54,60.23,0.066,0,none
2026-10-06 10:14:55,62.89,0.086,0,none
2026-10-06 10:14:56,62.66,0.125,0,none
2026-10-06 10:14:57,64.33,0.077,0,none
2026-10-06 10:14:58,61.48,0.054,0,none
2026-10-06 10:14:59,63.33,0.135,0,none
2026-10-06 10:15:00,62.89,0.061,0,none
2026-10-06 10:15:01,63.55,0.081,0,none
2026-10-06 10:15:02,62.9,0.055,0,none
2026-10-06 10:15:03,61.64,0.1,0,none
2026-10-06 10:15:04,61.43,0.054,0,none
2026-10-06 10:15:05,63.74,0.101,0,none
2026-10-06 10:15:06,63.67,0.101,0,none
2026-10-06 10:15:07,63.94,0.078,0,none
2026-10-06 10:15:08,62.31,0.089,0,none
2026-10-06 10:15:09,61.53,0.085,0,none
2026-10-06 10:15:10,62.73,0.08,0,none
2026-10-06 10:15:11,63.76,0.067,0,none
2026-10-06 10:15:12,62.24,0.067,0,none
2026-10-06 10:15:13,62.83,0.052,0,none
2026-10-06 10:15:14,61.87,0.063,0,none
2026-10-06 10:15:15,63.99,0.077,0,none
2026-10-06 10:15:16,64.22,0.079,0,none
2026-10-06 10:15:17,64.38,0.091,0,none
2026-10-06 10:15:18,61.98,0.08,0,none
2026-10-06 10:15:19,61.86,0.123,0,none
2026-10-06 10:15:20,62.16,0.14,0,none
2026-10-06 10:15:21,63.36,0.077,0,none
2026-10-06 10:15:22,63.55,0.102,0,none
2026-10-06 10:15:23,61.18,0.052,0,none
2026-10-06 10:15:24,62.36,0.059,0,none
2026-10-06 10:15:25,62.24,0.096,0,none
2026-10-06 10:15:26,64.45,0.052,0,none
2026-10-06 10:15:27,65.19,0.074,0,none
2026-10-06 10:15:28,62.23,0.056,0,none
2026-10-06 10:15:29,62.59,0.054,0,none
2026-10-06 10:15:30,61.35,0.066,0,none
2026-10-06 10:15:31,63.15,0.056,0,none
2026-10-06 10:15:32,62.49,0.054,0,none
2026-10-06 10:15:33,62.39,0.07,0,none
2026-10-06 10:15:34,62.56,0.104,0,none
2026-10-06 10:15:35,62.17,0.071,0,none
2026-10-06 10:15:36,63.17,0.088,0,none
2026-10-06 10:15:37,63.97,0.061,0,none
2026-10-06 10:15:38,60.94,0.068,0,none
2026-10-06 10:15:39,61.67,0.072,0,none
2026-10-06 10:15:40,64.08,0.06,0,none
2026-10-06 10:15:41,64.51,0.061,0,none
2026-10-06 10:15:42,64.06,0.066,0,none
2026-10-06 10:15:43,63.87,0.063,0,none
2026-10-06 10:15:44,62.07,0.06,1,drift
2026-10-06 10:15:45,63.74,0.086,1,drift
2026-10-06 10:15:46,64.72,0.084,1,drift
2026-10-06 10:15:47,64.19,0.097,1,drift
2026-10-06 10:15:48,61.9,0.089,1,drift
2026-10-06 10:15:49,62.17,0.104,1,drift
2026-10-06 10:15:50,62.14,0.073,1,drift
2026-10-06 10:15:51,64.98,0.087,1,drift
2026-10-06 10:15:52,65.48,0.108,1,drift
2026-10-06 10:15:53,62.11,0.061,1,drift
2026-10-06 10:15:54,61.81,0.087,1,drift
2026-10-06 10:15:55,62.42,0.055,1,drift
2026-10-06 10:15:56,64.52,0.057,1,drift
2026-10-06 10:15:57,64.78,0.068,1,drift
2026-10-06 10:15:58,62.26,0.088,1,drift
2026-10-06 10:15:59,64.09,0.057,1,drift
2026-10-06 10:16:00,64.02,0.092,1,drift
2026-10-06 10:16:01,65.1,0.094,1,drift
2026-10-06 10:16:02,63.16,0.067,1,drift
2026-10-06 10:16:03,62.81,0.08,1,drift
2026-10-06 10:16:04,64.17,0.095,1,drift
2026-10-06 10:16:05,62.97,0.087,1,drift
2026-10-06 10:16:06,64.67,0.104,1,drift
2026-10-06 10:16:07,64.13,0.115,1,drift
2026-10-06 10:16:08,61.85,0.057,1,drift
2026-10-06 10:16:09,62.39,0.1,1,drift
2026-10-06 10:16:10,65.0,0.091,1,drift
2026-10-06 10:16:11,66.37,0.089,1,drift
2026-10-06 10:16:12,63.55,0.062,1,drift
2026-10-06 10:16:13,62.84,0.083,1,drift
2026-10-06 10:16:14,63.11,0.05,1,drift
2026-10-06 10:16:15,66.03,0.051,1,drift
2026-10-06 10:16:16,64.24,0.073,1,drift
2026-10-06 10:16:17,65.34,0.073,1,drift
2026-10-06 10:16:18,62.67,0.053,1,drift
2026-10-06 10:16:19,64.63,0.125,1,drift
2026-10-06 10:16:20,64.39,0.101,1,drift
2026-10-06 10:16:21,65.25,0.063,1,drift
2026-10-06 10:16:22,64.65,0.095,1,drift
2026-10-06 10:16:23,65.0,0.051,1,drift
2026-10-06 10:16:24,64.14,0.057,1,drift
2026-10-06 10:16:25,63.16,0.052,1,drift
2026-10-06 10:16:26,66.28,0.068,1,drift
2026-10-06 10:16:27,66.21,0.063,1,drift
2026-10-06 10:16:28,63.7,0.109,1,drift
2026-10-06 10:16:29,64.65,0.064,1,drift
2026-10-06 10:16:30,64.62,0.107,1,drift
2026-10-06 10:16:31,67.39,0.1,1,drift
2026-10-06 10:16:32,65.4,0.08,1,drift
2026-10-06 10:16:33,62.78,0.077,1,drift
2026-10-06 10:16:34,63.19,0.066,1,drift
2026-10-06 10:16:35,65.46,0.088,1,drift
2026-10-06 10:16:36,65.37,0.083,1,drift
2026-10-06 10:16:37,66.66,0.057,1,drift
2026-10-06 10:16:38,64.73,0.085,1,drift
2026-10-06 10:16:39,63.95,0.062,1,drift
2026-10-06 10:16:40,67.51,0.064,1,drift
2026-10-06 10:16:41,70.15,0.071,1,drift
2026-10-06 10:16:42,66.58,0.072,1,drift
2026-10-06 10:16:43,64.87,0.131,1,drift
2026-10-06 10:16:44,64.96,0.125,1,drift
2026-10-06 10:16:45,65.82,0.081,1,drift
2026-10-06 10:16:46,67.42,0.063,1,drift
2026-10-06 10:16:47,66.39,0.069,1,drift
2026-10-06 10:16:48,65.94,0.074,1,drift
2026-10-06 10:16:49,66.93,0.065,1,drift
2026-10-06 10:16:50,65.24,0.091,1,drift
2026-10-06 10:16:51,66.76,0.114,1,drift
2026-10-06 10:16:52,68.13,0.059,1,drift
2026-10-06 10:16:53,66.3,0.066,1,drift
2026-10-06 10:16:54,64.76,0.1,1,drift
2026-10-06 10:16:55,66.33,0.065,1,drift
2026-10-06 10:16:56,66.18,0.105,1,drift
2026-10-06 10:16:57,67.57,0.101,1,drift
2026-10-06 10:16:58,66.44,0.103,1,drift
2026-10-06 10:16:59,66.16,0.067,1,drift
2026-10-06 10:17:00,67.35,0.064,1,drift
2026-10-06 10:17:01,67.59,0.1,1,drift
2026-10-06 10:17:02,67.19,0.063,1,drift
2026-10-06 10:17:03,64.78,0.073,1,drift
2026-10-06 10:17:04,65.5,0.074,1,drift
2026-10-06 10:17:05,65.09,0.094,1,drift
2026-10-06 10:17:06,66.97,0.062,1,drift
2026-10-06 10:17:07,68.56,0.064,1,drift
2026-10-06 10:17:08,66.48,0.131,1,drift
2026-10-06 10:17:09,65.93,0.058,1,drift
2026-10-06 10:17:10,68.67,0.056,1,drift
2026-10-06 10:17:11,67.38,0.058,1,drift
2026-10-06 10:17:12,68.75,0.085,1,drift
2026-10-06 10:17:13,68.66,0.062,1,drift
2026-10-06 10:17:14,66.4,0.052,1,drift
2026-10-06 10:17:15,68.53,0.064,1,drift
2026-10-06 10:17:16,70.36,0.079,1,drift
2026-10-06 10:17:17,67.56,0.094,1,drift
2026-10-06 10:17:18,67.0,0.087,1,drift
2026-10-06 10:17:19,67.5,0.087,1,drift
2026-10-06 10:17:20,68.7,0.052,1,drift
2026-10-06 10:17:21,69.36,0.069,1,drift
2026-10-06 10:17:22,68.65,0.07,1,drift
2026-10-06 10:17:23,70.08,0.084,1,drift
2026-10-06 10:17:24,67.2,0.055,1,drift
2026-10-06 10:17:25,69.32,0.092,1,drift
2026-10-06 10:17:26,71.2,0.104,1,drift
2026-10-06 10:17:27,69.56,0.058,1,drift
2026-10-06 10:17:28,66.96,0.075,1,drift
2026-10-06 10:17:29,69.1,0.058,1,drift
2026-10-06 10:17:30,67.15,0.053,1,drift
2026-10-06 10:17:31,69.99,0.056,1,drift
2026-10-06 10:17:32,72.06,0.067,1,drift
2026-10-06 10:17:33,69.47,0.063,1,drift
2026-10-06 10:17:34,69.18,0.065,1,drift
2026-10-06 10:17:35,68.25,0.066,1,drift
2026-10-06 10:17:36,69.33,0.105,1,drift
2026-10-06 10:17:37,72.4,0.054,1,drift
2026-10-06 10:17:38,67.71,0.092,1,drift
2026-10-06 10:17:39,69.54,0.085,1,drift
2026-10-06 10:17:40,69.59,0.055,1,drift
2026-10-06 10:17:41,71.23,0.054,1,drift
2026-10-06 10:17:42,71.44,0.062,1,drift
2026-10-06 10:17:43,69.37,0.053,1,drift
2026-10-06 10:17:44,69.86,0.102,1,drift
2026-10-06 10:17:45,68.64,0.143,1,drift
2026-10-06 10:17:46,69.86,0.082,1,drift
2026-10-06 10:17:47,68.97,0.05,1,drift
2026-10-06 10:17:48,70.26,0.079,1,drift
2026-10-06 10:17:49,70.03,0.068,1,drift
2026-10-06 10:17:50,70.26,0.103,1,drift
2026-10-06 10:17:51,70.52,0.055,1,drift
2026-10-06 10:17:52,70.34,0.076,1,drift
2026-10-06 10:17:53,70.03,0.108,1,drift
2026-10-06 10:17:54,69.05,0.057,1,drift
2026-10-06 10:17:55,68.93,0.088,1,drift
2026-10-06 10:17:56,72.44,0.071,1,drift
2026-10-06 10:17:57,70.45,0.052,1,drift
2026-10-06 10:17:58,69.81,0.081,1,drift
2026-10-06 10:17:59,68.74,0.063,1,drift
2026-10-06 10:18:00,71.29,0.085,1,drift
2026-10-06 10:18:01,71.34,0.063,1,drift
2026-10-06 10:18:02,70.39,0.115,1,drift
2026-10-06 10:18:03,70.14,0.063,1,drift
2026-10-06 10:18:04,69.39,0.109,1,drift
2026-10-06 10:18:05,70.77,0.09,1,drift
2026-10-06 10:18:06,72.17,0.066,1,drift
2026-10-06 10:18:07,71.75,0.083,1,drift
2026-10-06 10:18:08,69.67,0.075,1,drift
2026-10-06 10:18:09,71.58,0.094,1,drift
2026-10-06 10:18:10,71.14,0.073,1,drift
2026-10-06 10:18:11,71.6,0.057,1,drift
2026-10-06 10:18:12,71.92,0.062,1,drift
2026-10-06 10:18:13,70.31,0.05,1,drift
2026-10-06 10:18:14,68.16,0.071,1,drift
2026-10-06 10:18:15,70.33,0.082,1,drift
2026-10-06 10:18:16,72.52,0.055,1,drift
2026-10-06 10:18:17,73.09,0.067,1,drift
2026-10-06 10:18:18,71.04,0.059,1,drift
2026-10-06 10:18:19,71.6,0.08,1,drift
2026-10-06 10:18:20,71.09,0.102,1,drift
2026-10-06 10:18:21,73.12,0.062,1,drift
2026-10-06 10:18:22,73.37,0.085,1,drift
2026-10-06 10:18:23,71.98,0.065,1,drift
2026-10-06 10:18:24,70.68,0.056,1,drift
2026-10-06 10:18:25,74.1,0.101,1,drift
2026-10-06 10:18:26,73.22,0.071,1,drift
2026-10-06 10:18:27,74.22,0.104,1,drift
2026-10-06 10:18:28,71.89,0.069,1,drift
2026-10-06 10:18:29,69.87,0.094,1,drift
2026-10-06 10:18:30,72.94,0.068,1,drift
2026-10-06 10:18:31,72.66,0.076,1,drift
2026-10-06 10:18:32,72.02,0.062,1,drift
2026-10-06 10:18:33,69.59,0.065,1,drift
2026-10-06 10:18:34,70.73,0.08,1,drift
2026-10-06 10:18:35,72.16,0.053,1,drift
2026-10-06 10:18:36,74.37,0.054,1,drift
2026-10-06 10:18:37,72.8,0.079,1,drift
2026-10-06 10:18:38,73.18,0.079,1,drift
2026-10-06 10:18:39,70.27,0.079,1,drift
2026-10-06 10:18:40,72.16,0.072,1,drift
2026-10-06 10:18:41,74.67,0.059,1,drift
2026-10-06 10:18:42,72.68,0.075,1,drift
2026-10-06 10:18:43,72.22,0.07,1,drift
2026-10-06 10:18:44,71.8,0.085,1,drift
2026-10-06 10:18:45,73.67,0.056,1,drift
2026-10-06 10:18:46,72.96,0.058,1,drift
2026-10-06 10:18:47,75.86,0.068,1,drift
2026-10-06 10:18:48,72.85,0.105,1,drift
2026-10-06 10:18:49,72.87,0.089,1,drift
2026-10-06 10:18:50,72.5,0.089,1,drift
2026-10-06 10:18:51,74.56,0.057,1,drift
2026-10-06 10:18:52,74.26,0.056,1,drift
2026-10-06 10:18:53,72.06,0.093,1,drift
2026-10-06 10:18:54,72.2,0.062,1,drift
2026-10-06 10:18:55,74.13,0.089,1,drift
2026-10-06 10:18:56,73.08,0.059,1,drift
2026-10-06 10:18:57,75.3,0.112,1,drift
2026-10-06 10:18:58,73.84,0.075,1,drift
2026-10-06 10:18:59,71.96,0.069,1,drift
2026-10-06 10:19:00,73.64,0.062,1,drift
2026-10-06 10:19:01,72.63,0.057,1,drift
2026-10-06 10:19:02,75.59,0.064,1,drift
2026-10-06 10:19:03,73.4,0.074,1,drift
2026-10-06 10:19:04,72.65,0.057,1,drift
2026-10-06 10:19:05,73.46,0.064,1,drift
2026-10-06 10:19:06,74.06,0.069,1,drift
2026-10-06 10:19:07,73.73,0.104,1,drift
2026-10-06 10:19:08,74.68,0.065,1,drift
2026-10-06 10:19:09,74.03,0.123,1,drift
2026-10-06 10:19:10,73.46,0.065,1,drift
2026-10-06 10:19:11,77.03,0.07,1,drift
2026-10-06 10:19:12,74.53,0.083,1,drift
2026-10-06 10:19:13,73.67,0.121,1,drift
2026-10-06 10:19:14,73.95,0.083,1,drift
2026-10-06 10:19:15,75.77,0.055,1,drift
2026-10-06 10:19:16,75.41,0.082,1,drift
2026-10-06 10:19:17,75.74,0.108,1,drift
2026-10-06 10:19:18,74.9,0.094,1,drift
2026-10-06 10:19:19,74.22,0.084,1,drift
2026-10-06 10:19:20,75.83,0.103,1,drift
2026-10-06 10:19:21,76.06,0.097,1,drift
2026-10-06 10:19:22,75.28,0.069,1,drift
2026-10-06 10:19:23,73.89,0.093,1,drift
2026-10-06 10:19:24,73.59,0.069,1,drift
2026-10-06 10:19:25,74.85,0.106,1,drift
2026-10-06 10:19:26,76.73,0.054,1,drift
2026-10-06 10:19:27,74.33,0.071,1,drift
2026-10-06 10:19:28,75.8,0.079,1,drift
2026-10-06 10:19:29,73.12,0.062,1,drift
2026-10-06 10:19:30,74.12,0.06,1,drift
2026-10-06 10:19:31,76.88,0.107,1,drift
2026-10-06 10:19:32,76.47,0.072,1,drift
2026-10-06 10:19:33,74.68,0.091,1,drift
2026-10-06 10:19:34,74.6,0.062,1,drift
2026-10-06 10:19:35,77.4,0.105,1,drift
2026-10-06 10:19:36,76.18,0.053,1,drift
2026-10-06 10:19:37,75.75,0.102,1,drift
2026-10-06 10:19:38,75.0,0.05,1,drift
2026-10-06 10:19:39,74.21,0.053,1,drift
2026-10-06 10:19:40,73.98,0.057,1,drift
2026-10-06 10:19:41,76.32,0.074,1,drift
2026-10-06 10:19:42,75.93,0.054,1,drift
2026-10-06 10:19:43,74.64,0.064,1,drift
2026-10-06 10:19:44,74.97,0.06,1,drift
2026-10-06 10:19:45,77.67,0.067,1,drift
2026-10-06 10:19:46,77.19,0.051,1,drift
2026-10-06 10:19:47,77.66,0.067,1,drift
2026-10-06 10:19:48,75.32,0.082,1,drift
2026-10-06 10:19:49,75.67,0.05,1,drift
2026-10-06 10:19:50,77.56,0.075,1,drift
2026-10-06 10:19:51,78.7,0.067,1,drift
2026-10-06 10:19:52,77.8,0.058,1,drift
2026-10-06 10:19:53,76.31,0.097,1,drift
2026-10-06 10:19:54,75.57,0.095,1,drift
2026-10-06 10:19:55,76.38,0.055,1,drift
2026-10-06 10:19:56,78.06,0.108,1,drift
2026-10-06 10:19:57,77.86,0.067,1,drift
2026-10-06 10:19:58,75.76,0.089,1,drift
2026-10-06 10:19:59,74.6,0.098,1,drift
2026-10-06 10:20:00,76.29,0.05,1,drift
2026-10-06 10:20:01,80.12,0.08,1,drift
2026-10-06 10:20:02,76.34,0.078,1,drift
2026-10-06 10:20:03,75.54,0.057,1,drift
2026-10-06 10:20:04,76.54,0.064,1,drift
2026-10-06 10:20:05,75.47,0.058,1,drift
2026-10-06 10:20:06,78.62,0.089,1,drift
2026-10-06 10:20:07,76.67,0.055,1,drift
2026-10-06 10:20:08,77.57,0.094,1,drift
2026-10-06 10:20:09,76.25,0.073,1,drift
2026-10-06 10:20:10,78.93,0.071,1,drift
2026-10-06 10:20:11,80.33,0.083,1,drift
2026-10-06 10:20:12,80.34,0.083,1,drift
2026-10-06 10:20:13,76.28,0.093,1,drift
2026-10-06 10:20:14,76.14,0.114,1,drift
2026-10-06 10:20:15,78.45,0.071,1,drift
2026-10-06 10:20:16,81.81,0.082,1,drift
2026-10-06 10:20:17,80.4,0.057,1,drift
2026-10-06 10:20:18,76.66,0.089,1,drift
2026-10-06 10:20:19,76.66,0.113,1,drift
2026-10-06 10:20:20,79.23,0.063,1,drift
2026-10-06 10:20:21,78.83,0.069,1,drift
2026-10-06 10:20:22,78.9,0.076,1,drift
2026-10-06 10:20:23,75.1,0.053,1,drift
2026-10-06 10:20:24,77.28,0.063,1,drift
2026-10-06 10:20:25,78.57,0.113,1,drift
2026-10-06 10:20:26,80.48,0.052,1,drift
2026-10-06 10:20:27,77.71,0.058,1,drift
2026-10-06 10:20:28,78.1,0.058,1,drift
2026-10-06 10:20:29,78.13,0.059,1,drift
2026-10-06 10:20:30,79.12,0.081,1,drift
2026-10-06 10:20:31,78.71,0.071,1,drift
2026-10-06 10:20:32,81.85,0.052,1,drift
2026-10-06 10:20:33,77.52,0.095,1,drift
2026-10-06 10:20:34,76.77,0.065,1,drift
2026-10-06 10:20:35,79.37,0.07,1,drift
2026-10-06 10:20:36,80.25,0.055,1,drift
2026-10-06 10:20:37,79.59,0.111,1,drift
2026-10-06 10:20:38,78.58,0.073,1,drift
2026-10-06 10:20:39,78.24,0.054,1,drift
2026-10-06 10:20:40,81.66,0.098,1,drift
2026-10-06 10:20:41,81.67,0.118,1,drift
2026-10-06 10:20:42,81.49,0.064,1,drift
2026-10-06 10:20:43,78.17,0.058,1,drift
2026-10-06 10:20:44,64.94,0.067,0,none
2026-10-06 10:20:45,64.91,0.056,0,none
2026-10-06 10:20:46,65.74,0.091,0,none
2026-10-06 10:20:47,63.55,0.054,0,none
2026-10-06 10:20:48,64.25,0.089,0,none
2026-10-06 10:20:49,64.85,0.062,0,none
2026-10-06 10:20:50,64.75,0.07,0,none
2026-10-06 10:20:51,65.48,0.066,0,none
2026-10-06 10:20:52,65.34,0.064,0,none
2026-10-06 10:20:53,63.58,0.134,0,none
2026-10-06 10:20:54,63.26,0.068,0,none
2026-10-06 10:20:55,63.8,0.083,0,none
2026-10-06 10:20:56,65.09,0.089,0,none
2026-10-06 10:20:57,64.3,0.065,0,none
2026-10-06 10:20:58,63.71,0.059,0,none
2026-10-06 10:20:59,63.82,0.056,0,none
2026-10-06 10:21:00,63.7,0.11,0,none
2026-10-06 10:21:01,65.26,0.109,0,none
2026-10-06 10:21:02,67.76,0.09,0,none
2026-10-06 10:21:03,65.09,0.054,0,none
2026-10-06 10:21:04,62.99,0.082,0,none
2026-10-06 10:21:05,64.96,0.07,0,none
2026-10-06 10:21:06,66.38,0.096,0,none
2026-10-06 10:21:07,64.31,0.11,0,none
2026-10-06 10:21:08,63.45,0.077,0,none
2026-10-06 10:21:09,63.05,0.05,0,none
2026-10-06 10:21:10,63.78,0.062,0,none
2026-10-06 10:21:11,65.82,0.058,0,none
2026-10-06 10:21:12,65.31,0.098,0,none
2026-10-06 10:21:13,64.04,0.059,0,none
2026-10-06 10:21:14,62.6,0.056,0,none
2026-10-06 10:21:15,66.15,0.079,0,none
2026-10-06 10:21:16,66.49,0.068,0,none
2026-10-06 10:21:17,64.59,0.07,0,none
2026-10-06 10:21:18,64.76,0.148,0,none
2026-10-06 10:21:19,63.43,0.085,0,none
2026-10-06 10:21:20,64.96,0.098,0,none
2026-10-06 10:21:21,65.53,0.064,0,none
2026-10-06 10:21:22,65.0,0.073,0,none
2026-10-06 10:21:23,63.71,0.085,0,none
2026-10-06 10:21:24,63.45,0.098,0,none
2026-10-06 10:21:25,62.95,0.075,0,none
2026-10-06 10:21:26,65.43,0.112,0,none
2026-10-06 10:21:27,65.54,0.118,0,none
2026-10-06 10:21:28,62.6,0.06,0,none
2026-10-06 10:21:29,62.4,0.059,0,none
2026-10-06 10:21:30,63.93,0.056,0,none
2026-10-06 10:21:31,67.21,0.059,0,none
2026-10-06 10:21:32,66.53,0.131,0,none
2026-10-06 10:21:33,64.61,0.096,0,none
2026-10-06 10:21:34,65.5,0.058,0,none
2026-10-06 10:21:35,64.14,0.057,0,none
2026-10-06 10:21:36,66.39,0.066,0,none
2026-10-06 10:21:37,65.26,0.099,0,none
2026-10-06 10:21:38,65.36,0.081,0,none
2026-10-06 10:21:39,64.43,0.072,0,none
2026-10-06 10:21:40,65.45,0.069,0,none
2026-10-06 10:21:41,65.27,0.068,0,none
2026-10-06 10:21:42,65.73,0.059,0,none
2026-10-06 10:21:43,63.94,0.063,0,none
2026-10-06 10:21:44,62.38,0.121,0,none
2026-10-06 10:21:45,65.25,0.055,0,none
2026-10-06 10:21:46,65.47,0.078,0,none
2026-10-06 10:21:47,65.07,0.064,0,none
2026-10-06 10:21:48,65.05,0.09,0,none
2026-10-06 10:21:49,64.68,0.076,0,none
2026-10-06 10:21:50,66.08,0.11,0,none
2026-10-06 10:21:51,66.91,0.055,0,none
2026-10-06 10:21:52,65.4,0.089,0,none
2026-10-06 10:21:53,64.43,0.077,0,none
2026-10-06 10:21:54,65.71,0.054,0,none
2026-10-06 10:21:55,62.51,0.094,0,none
2026-10-06 10:21:56,66.2,0.069,0,none
2026-10-06 10:21:57,64.43,0.052,0,none
2026-10-06 10:21:58,63.58,0.07,0,none
2026-10-06 10:21:59,64.35,0.056,0,none
2026-10-06 10:22:00,65.05,0.102,0,none
2026-10-06 10:22:01,65.24,0.082,0,none
2026-10-06 10:22:02,66.12,0.053,0,none
2026-10-06 10:22:03,64.21,0.068,0,none
2026-10-06 10:22:04,64.19,0.054,0,none
2026-10-06 10:22:05,64.59,0.084,0,none
2026-10-06 10:22:06,66.66,0.072,0,none
2026-10-06 10:22:07,63.04,0.077,0,none
2026-10-06 10:22:08,63.83,0.066,0,none
2026-10-06 10:22:09,64.6,0.136,0,none
2026-10-06 10:22:10,63.81,0.084,0,none
2026-10-06 10:22:11,64.89,0.089,0,none
2026-10-06 10:22:12,66.16,0.079,0,none
2026-10-06 10:22:13,64.1,0.101,0,none
2026-10-06 10:22:14,65.5,0.075,0,none
2026-10-06 10:22:15,66.2,0.053,0,none
2026-10-06 10:22:16,65.09,0.088,0,none
2026-10-06 10:22:17,66.16,0.075,0,none
2026-10-06 10:22:18,65.17,0.055,0,none
2026-10-06 10:22:19,64.42,0.08,0,none
2026-10-06 10:22:20,64.4,0.085,0,none
2026-10-06 10:22:21,68.88,0.129,0,none
2026-10-06 10:22:22,64.72,0.087,0,none
2026-10-06 10:22:23,64.68,0.082,0,none
2026-10-06 10:22:24,63.5,0.066,0,none
2026-10-06 10:22:25,64.58,0.092,0,none
2026-10-06 10:22:26,64.94,0.064,0,none
2026-10-06 10:22:27,65.88,0.107,0,none
2026-10-06 10:22:28,63.79,0.083,0,none
2026-10-06 10:22:29,64.33,0.066,0,none
2026-10-06 10:22:30,66.53,0.065,0,none
2026-10-06 10:22:31,66.73,0.063,0,none
2026-10-06 10:22:32,65.7,0.082,0,none
2026-10-06 10:22:33,65.57,0.059,0,none
2026-10-06 10:22:34,63.5,0.052,0,none
2026-10-06 10:22:35,66.74,0.078,0,none
2026-10-06 10:22:36,66.88,0.066,0,none
2026-10-06 10:22:37,65.42,0.094,0,none
2026-10-06 10:22:38,64.21,0.099,0,none
2026-10-06 10:22:39,64.14,0.084,0,none
2026-10-06 10:22:40,66.66,0.143,0,none
2026-10-06 10:22:41,67.25,0.071,0,none
2026-10-06 10:22:42,64.24,0.066,0,none
2026-10-06 10:22:43,64.97,0.052,0,none
2026-10-06 10:22:44,63.86,0.066,0,none
2026-10-06 10:22:45,68.43,0.103,0,none
2026-10-06 10:22:46,66.96,0.089,0,none
2026-10-06 10:22:47,64.83,0.079,0,none
2026-10-06 10:22:48,63.34,0.054,0,none
2026-10-06 10:22:49,65.53,0.054,0,none
2026-10-06 10:22:50,66.12,0.06,0,none
2026-10-06 10:22:51,67.24,0.052,0,none
2026-10-06 10:22:52,66.52,0.065,0,none
2026-10-06 10:22:53,65.53,0.055,0,none
2026-10-06 10:22:54,64.1,0.099,0,none
2026-10-06 10:22:55,65.26,0.06,0,none
2026-10-06 10:22:56,66.1,0.094,0,none
2026-10-06 10:22:57,65.48,0.076,0,none
2026-10-06 10:22:58,64.84,0.119,0,none
2026-10-06 10:22:59,64.45,0.051,0,none
2026-10-06 10:23:00,65.43,0.058,0,none
2026-10-06 10:23:01,66.47,0.071,0,none
2026-10-06 10:23:02,64.88,0.129,0,none
2026-10-06 10:23:03,65.17,0.055,0,none
2026-10-06 10:23:04,63.53,0.08,0,none
2026-10-06 10:23:05,66.5,0.118,0,none
2026-10-06 10:23:06,65.89,0.057,0,none
2026-10-06 10:23:07,65.99,0.123,0,none
2026-10-06 10:23:08,64.95,0.063,0,none
2026-10-06 10:23:09,65.42,0.094,0,none
2026-10-06 10:23:10,64.61,0.077,0,none
2026-10-06 10:23:11,67.52,0.062,0,none
2026-10-06 10:23:12,64.88,0.056,0,none
2026-10-06 10:23:13,65.59,0.078,0,none
2026-10-06 10:23:14,62.77,0.135,0,none
2026-10-06 10:23:15,65.79,0.075,0,none
2026-10-06 10:23:16,68.68,0.08,0,none
2026-10-06 10:23:17,65.95,0.057,0,none
2026-10-06 10:23:18,119.06,0.088,1,spike
2026-10-06 10:23:19,119.42,0.105,1,spike
2026-10-06 10:23:20,121.24,0.059,1,spike
2026-10-06 10:23:21,121.39,0.1,1,spike
2026-10-06 10:23:22,122.43,0.068,1,spike
2026-10-06 10:23:23,119.5,0.056,1,spike
2026-10-06 10:23:24,121.56,0.063,1,spike
2026-10-06 10:23:25,118.81,0.051,1,spike
2026-10-06 10:23:26,121.18,0.057,1,spike
2026-10-06 10:23:27,120.27,0.09,1,spike
2026-10-06 10:23:28,64.55,0.07,0,none
2026-10-06 10:23:29,65.86,0.075,0,none
2026-10-06 10:23:30,65.91,0.064,0,none
2026-10-06 10:23:31,65.73,0.085,0,none
2026-10-06 10:23:32,66.19,0.058,0,none
2026-10-06 10:23:33,63.99,0.07,0,none
2026-10-06 10:23:34,63.54,0.086,0,none
2026-10-06 10:23:35,65.36,0.106,0,none
2026-10-06 10:23:36,65.71,0.066,0,none
2026-10-06 10:23:37,67.79,0.053,0,none
2026-10-06 10:23:38,65.78,0.074,0,none
2026-10-06 10:23:39,64.29,0.059,0,none
2026-10-06 10:23:40,67.16,0.053,0,none
2026-10-06 10:23:41,69.02,0.071,0,none
2026-10-06 10:23:42,66.12,0.068,0,none
2026-10-06 10:23:43,65.41,0.087,0,none
2026-10-06 10:23:44,63.03,0.077,0,none
2026-10-06 10:23:45,64.92,0.071,0,none
2026-10-06 10:23:46,65.83,0.057,0,none
2026-10-06 10:23:47,67.54,0.053,0,none
2026-10-06 10:23:48,63.47,0.093,0,none
2026-10-06 10:23:49,64.52,0.061,0,none
2026-10-06 10:23:50,65.57,0.097,0,none
2026-10-06 10:23:51,67.42,0.06,0,none
2026-10-06 10:23:52,66.52,0.062,0,none
2026-10-06 10:23:53,63.63,0.089,0,none
2026-10-06 10:23:54,64.42,0.054,0,none
2026-10-06 10:23:55,66.09,0.058,0,none
2026-10-06 10:23:56,66.88,0.084,0,none
2026-10-06 10:23:57,68.28,0.103,0,none
2026-10-06 10:23:58,64.59,0.055,0,none
2026-10-06 10:23:59,64.61,0.071,0,none
2026-10-06 10:24:00,68.04,0.091,0,none
2026-10-06 10:24:01,67.36,0.105,0,none
2026-10-06 10:24:02,66.42,0.055,0,none
2026-10-06 10:24:03,66.41,0.069,0,none
2026-10-06 10:24:04,65.62,0.074,0,none
2026-10-06 10:24:05,66.28,0.051,0,none
2026-10-06 10:24:06,67.47,0.058,0,none
2026-10-06 10:24:07,65.52,0.102,0,none
2026-10-06 10:24:08,65.48,0.055,0,none
2026-10-06 10:24:09,64.24,0.067,0,none
2026-10-06 10:24:10,67.97,0.074,0,none
2026-10-06 10:24:11,66.9,0.057,0,none
2026-10-06 10:24:12,66.37,0.107,0,none
2026-10-06 10:24:13,64.13,0.053,0,none
2026-10-06 10:24:14,64.83,0.096,0,none
2026-10-06 10:24:15,66.05,0.056,0,none
2026-10-06 10:24:16,67.38,0.094,0,none
2026-10-06 10:24:17,67.84,0.097,0,none
2026-10-06 10:24:18,65.79,0.067,0,none
2026-10-06 10:24:19,63.7,0.074,0,none
2026-10-06 10:24:20,67.79,0.113,0,none
2026-10-06 10:24:21,67.87,0.11,0,none
2026-10-06 10:24:22,66.7,0.066,0,none
2026-10-06 10:24:23,65.35,0.052,0,none
2026-10-06 10:24:24,62.74,0.106,0,none
2026-10-06 10:24:25,65.87,0.063,0,none
2026-10-06 10:24:26,66.7,0.062,0,none
2026-10-06 10:24:27,65.25,0.118,0,none
2026-10-06 10:24:28,65.23,0.101,0,none
2026-10-06 10:24:29,64.66,0.09,0,none
2026-10-06 10:24:30,67.16,0.058,0,none
2026-10-06 10:24:31,66.19,0.057,0,none
2026-10-06 10:24:32,66.24,0.07,0,none
2026-10-06 10:24:33,65.35,0.087,0,none
2026-10-06 10:24:34,62.48,0.084,0,none
2026-10-06 10:24:35,65.28,0.063,0,none
2026-10-06 10:24:36,67.8,0.059,0,none
2026-10-06 10:24:37,66.87,0.052,0,none
2026-10-06 10:24:38,65.21,0.064,0,none
2026-10-06 10:24:39,64.77,0.087,0,none
2026-10-06 10:24:40,66.76,0.06,0,none
2026-10-06 10:24:41,66.05,0.08,0,none
2026-10-06 10:24:42,66.27,0.077,0,none
2026-10-06 10:24:43,65.41,0.067,0,none
2026-10-06 10:24:44,65.14,0.076,0,none
2026-10-06 10:24:45,65.06,0.051,0,none
2026-10-06 10:24:46,67.55,0.057,0,none
2026-10-06 10:24:47,66.36,0.061,0,none
2026-10-06 10:24:48,65.34,0.051,0,none
2026-10-06 10:24:49,64.77,0.078,0,none
2026-10-06 10:24:50,64.54,0.081,0,none
2026-10-06 10:24:51,65.46,0.071,0,none
2026-10-06 10:24:52,66.78,0.059,0,none
2026-10-06 10:24:53,64.53,0.061,0,none
2026-10-06 10:24:54,65.25,0.118,0,none
2026-10-06 10:24:55,67.2,0.109,0,none
2026-10-06 10:24:56,66.77,0.076,0,none
2026-10-06 10:24:57,65.76,0.097,0,none
2026-10-06 10:24:58,65.47,0.08,0,none
2026-10-06 10:24:59,64.7,0.053,0,none
2026-10-06 10:25:00,66.62,0.056,0,none
2026-10-06 10:25:01,67.23,0.062,0,none
2026-10-06 10:25:02,66.98,0.062,0,none
2026-10-06 10:25:03,65.46,0.055,0,none
2026-10-06 10:25:04,64.62,0.092,0,none
2026-10-06 10:25:05,65.79,0.075,0,none
2026-10-06 10:25:06,67.85,0.053,0,none
2026-10-06 10:25:07,67.55,0.059,0,none
2026-10-06 10:25:08,64.35,0.091,0,none
2026-10-06 10:25:09,66.44,0.101,0,none
2026-10-06 10:25:10,67.32,0.07,0,none
2026-10-06 10:25:11,66.25,0.081,0,none
2026-10-06 10:25:12,67.54,0.086,0,none
2026-10-06 10:25:13,65.97,0.097,0,none
2026-10-06 10:25:14,63.93,0.06,0,none
2026-10-06 10:25:15,66.73,0.062,0,none
2026-10-06 10:25:16,65.89,0.056,0,none
2026-10-06 10:25:17,67.04,0.059,0,none
2026-10-06 10:25:18,66.97,0.064,0,none
2026-10-06 10:25:19,63.61,0.072,0,none
2026-10-06 10:25:20,66.91,0.067,0,none
2026-10-06 10:25:21,68.15,0.069,0,none
2026-10-06 10:25:22,66.24,0.111,0,none
2026-10-06 10:25:23,65.02,0.097,0,none
2026-10-06 10:25:24,63.59,0.058,0,none
2026-10-06 10:25:25,64.63,0.056,0,none
2026-10-06 10:25:26,68.12,0.07,0,none
2026-10-06 10:25:27,66.02,0.075,0,none
2026-10-06 10:25:28,65.43,0.063,0,none
2026-10-06 10:25:29,65.93,0.052,0,none
2026-10-06 10:25:30,64.65,0.062,0,none
2026-10-06 10:25:31,67.04,0.081,0,none
2026-10-06 10:25:32,68.04,0.124,0,none
2026-10-06 10:25:33,66.28,0.057,0,none
2026-10-06 10:25:34,65.38,0.097,0,none
2026-10-06 10:25:35,66.05,0.098,0,none
2026-10-06 10:25:36,66.23,0.055,0,none
2026-10-06 10:25:37,67.28,0.071,0,none
2026-10-06 10:25:38,65.73,0.065,0,none
2026-10-06 10:25:39,65.62,0.093,0,none
2026-10-06 10:25:40,66.52,0.057,0,none
2026-10-06 10:25:41,67.93,0.067,0,none
2026-10-06 10:25:42,65.95,0.053,0,none
2026-10-06 10:25:43,65.44,0.051,0,none
2026-10-06 10:25:44,64.2,0.098,0,none
2026-10-06 10:25:45,64.26,0.088,0,none
2026-10-06 10:25:46,67.08,0.121,0,none
2026-10-06 10:25:47,67.45,0.069,0,none
2026-10-06 10:25:48,64.55,0.067,0,none
2026-10-06 10:25:49,63.98,0.057,0,none
2026-10-06 10:25:50,66.34,0.07,0,none
2026-10-06 10:25:51,67.74,0.072,0,none
2026-10-06 10:25:52,67.12,0.068,0,none
2026-10-06 10:25:53,64.72,0.061,0,none
2026-10-06 10:25:54,65.98,0.064,0,none
2026-10-06 10:25:55,66.93,0.087,0,none
2026-10-06 10:25:56,66.46,0.076,0,none
2026-10-06 10:25:57,66.61,0.114,0,none
2026-10-06 10:25:58,65.61,0.068,0,none
2026-10-06 10:25:59,64.81,0.067,0,none
2026-10-06 10:26:00,67.13,0.081,0,none
2026-10-06 10:26:01,68.7,0.057,0,none
2026-10-06 10:26:02,66.98,0.075,0,none
2026-10-06 10:26:03,65.56,0.108,0,none
2026-10-06 10:26:04,66.8,0.076,0,none
2026-10-06 10:26:05,66.94,0.071,0,none
2026-10-06 10:26:06,69.09,0.074,0,none
2026-10-06 10:26:07,66.61,0.079,0,none
2026-10-06 10:26:08,66.86,0.075,0,none
2026-10-06 10:26:09,65.1,0.085,0,none
2026-10-06 10:26:10,66.65,0.08,0,none
2026-10-06 10:26:11,70.0,0.059,0,none
2026-10-06 10:26:12,66.14,0.09,0,none
2026-10-06 10:26:13,65.45,0.052,0,none
2026-10-06 10:26:14,64.25,0.082,0,none
2026-10-06 10:26:15,66.53,0.072,0,none
2026-10-06 10:26:16,65.75,0.098,0,none
2026-10-06 10:26:17,68.34,0.052,0,none
2026-10-06 10:26:18,65.92,0.065,0,none
2026-10-06 10:26:19,63.37,0.054,0,none
2026-10-06 10:26:20,67.31,0.074,0,none
2026-10-06 10:26:21,67.38,0.079,0,none
2026-10-06 10:26:22,68.12,0.057,0,none
2026-10-06 10:26:23,65.5,0.07,0,none
2026-10-06 10:26:24,64.67,0.069,0,none
2026-10-06 10:26:25,66.27,0.061,0,none
2026-10-06 10:26:26,67.47,0.088,0,none
2026-10-06 10:26:27,68.29,0.103,0,none
2026-10-06 10:26:28,65.56,0.078,0,none
2026-10-06 10:26:29,65.31,0.087,0,none
2026-10-06 10:26:30,66.99,0.08,0,none
2026-10-06 10:26:31,67.86,0.081,0,none
2026-10-06 10:26:32,67.42,0.058,0,none
2026-10-06 10:26:33,66.03,0.099,0,none
2026-10-06 10:26:34,65.65,0.078,0,none
2026-10-06 10:26:35,65.98,0.073,0,none
2026-10-06 10:26:36,66.91,0.071,0,none
2026-10-06 10:26:37,67.29,0.087,0,none
2026-10-06 10:26:38,66.7,0.06,0,none
2026-10-06 10:26:39,65.33,0.067,0,none
2026-10-06 10:26:40,66.16,0.069,0,none
2026-10-06 10:26:41,67.62,0.052,0,none
2026-10-06 10:26:42,66.35,0.085,0,none
2026-10-06 10:26:43,64.95,0.084,0,none
2026-10-06 10:26:44,64.86,0.059,0,none
2026-10-06 10:26:45,66.51,0.085,0,none
2026-10-06 10:26:46,67.42,0.08,0,none
2026-10-06 10:26:47,68.0,0.066,0,none
2026-10-06 10:26:48,64.45,0.09,0,none
2026-10-06 10:26:49,66.61,0.054,0,none
2026-10-06 10:26:50,65.73,0.098,0,none
2026-10-06 10:26:51,67.3,0.056,0,none
2026-10-06 10:26:52,66.5,0.076,0,none
2026-10-06 10:26:53,66.24,0.072,0,none
2026-10-06 10:26:54,67.01,0.05,0,none
2026-10-06 10:26:55,64.99,0.056,0,none
2026-10-06 10:26:56,69.91,0.094,0,none
2026-10-06 10:26:57,66.95,0.057,0,none
2026-10-06 10:26:58,64.83,0.08,0,none
2026-10-06 10:26:59,65.03,0.059,0,none
2026-10-06 10:27:00,66.37,0.069,0,none
2026-10-06 10:27:01,71.09,0.061,0,none
2026-10-06 10:27:02,66.16,0.052,0,none
2026-10-06 10:27:03,66.78,0.096,0,none
2026-10-06 10:27:04,64.79,0.06,0,none
2026-10-06 10:27:05,67.61,0.051,0,none
2026-10-06 10:27:06,66.98,0.105,0,none
2026-10-06 10:27:07,66.44,0.054,0,none
2026-10-06 10:27:08,64.75,0.113,0,none
2026-10-06 10:27:09,65.37,0.09,0,none
2026-10-06 10:27:10,65.07,0.054,0,none
2026-10-06 10:27:11,68.07,0.083,1,drift
2026-10-06 10:27:12,67.38,0.053,1,drift
2026-10-06 10:27:13,66.79,0.079,1,drift
2026-10-06 10:27:14,64.68,0.054,1,drift
2026-10-06 10:27:15,67.51,0.062,1,drift
2026-10-06 10:27:16,67.75,0.052,1,drift
2026-10-06 10:27:17,68.59,0.075,1,drift
2026-10-06 10:27:18,66.91,0.079,1,drift
2026-10-06 10:27:19,65.88,0.059,1,drift
2026-10-06 10:27:20,67.4,0.063,1,drift
2026-10-06 10:27:21,67.67,0.053,1,drift
2026-10-06 10:27:22,67.45,0.069,1,drift
2026-10-06 10:27:23,66.72,0.072,1,drift
2026-10-06 10:27:24,66.34,0.053,1,drift
2026-10-06 10:27:25,65.79,0.113,1,drift
2026-10-06 10:27:26,68.85,0.117,1,drift
2026-10-06 10:27:27,67.62,0.053,1,drift
2026-10-06 10:27:28,68.11,0.084,1,drift
2026-10-06 10:27:29,65.18,0.075,1,drift
2026-10-06 10:27:30,67.22,0.092,1,drift
2026-10-06 10:27:31,68.38,0.088,1,drift
2026-10-06 10:27:32,68.6,0.138,1,drift
2026-10-06 10:27:33,66.46,0.051,1,drift
2026-10-06 10:27:34,67.18,0.054,1,drift
2026-10-06 10:27:35,68.24,0.065,1,drift
2026-10-06 10:27:36,69.97,0.059,1,drift
2026-10-06 10:27:37,67.3,0.061,1,drift
2026-10-06 10:27:38,67.18,0.079,1,drift
2026-10-06 10:27:39,67.33,0.108,1,drift
2026-10-06 10:27:40,69.74,0.074,1,drift
2026-10-06 10:27:41,68.98,0.059,1,drift
2026-10-06 10:27:42,69.7,0.056,1,drift
2026-10-06 10:27:43,67.81,0.102,1,drift
2026-10-06 10:27:44,67.92,0.083,1,drift
2026-10-06 10:27:45,68.39,0.071,1,drift
2026-10-06 10:27:46,69.29,0.085,1,drift
2026-10-06 10:27:47,67.79,0.063,1,drift
2026-10-06 10:27:48,66.34,0.054,1,drift
2026-10-06 10:27:49,69.3,0.063,1,drift
2026-10-06 10:27:50,68.2,0.06,1,drift
2026-10-06 10:27:51,69.18,0.076,1,drift
2026-10-06 10:27:52,68.97,0.062,1,drift
2026-10-06 10:27:53,69.29,0.106,1,drift
2026-10-06 10:27:54,66.65,0.096,1,drift
2026-10-06 10:27:55,68.69,0.073,1,drift
2026-10-06 10:27:56,67.53,0.094,1,drift
2026-10-06 10:27:57,70.47,0.062,1,drift
2026-10-06 10:27:58,69.78,0.082,1,drift
2026-10-06 10:27:59,67.46,0.062,1,drift
2026-10-06 10:28:00,69.19,0.072,1,drift
2026-10-06 10:28:01,70.35,0.067,1,drift
2026-10-06 10:28:02,70.59,0.073,1,drift
2026-10-06 10:28:03,68.2,0.127,1,drift
2026-10-06 10:28:04,70.56,0.079,1,drift
2026-10-06 10:28:05,70.24,0.061,1,drift
2026-10-06 10:28:06,71.19,0.065,1,drift
2026-10-06 10:28:07,69.71,0.118,1,drift
2026-10-06 10:28:08,69.32,0.084,1,drift
2026-10-06 10:28:09,67.0,0.086,1,drift
2026-10-06 10:28:10,69.79,0.072,1,drift
2026-10-06 10:28:11,70.86,0.097,1,drift
2026-10-06 10:28:12,72.42,0.118,1,drift
2026-10-06 10:28:13,68.22,0.094,1,drift
2026-10-06 10:28:14,69.45,0.082,1,drift
2026-10-06 10:28:15,68.52,0.071,1,drift
2026-10-06 10:28:16,73.73,0.087,1,drift
2026-10-06 10:28:17,68.22,0.055,1,drift
2026-10-06 10:28:18,67.08,0.07,1,drift
2026-10-06 10:28:19,70.18,0.069,1,drift
2026-10-06 10:28:20,72.08,0.051,1,drift
2026-10-06 10:28:21,72.01,0.074,1,drift
2026-10-06 10:28:22,72.39,0.084,1,drift
2026-10-06 10:28:23,69.7,0.059,1,drift
2026-10-06 10:28:24,68.1,0.075,1,drift
2026-10-06 10:28:25,70.52,0.055,1,drift
2026-10-06 10:28:26,72.59,0.053,1,drift
2026-10-06 10:28:27,71.2,0.077,1,drift
2026-10-06 10:28:28,70.8,0.14,1,drift
2026-10-06 10:28:29,70.36,0.076,1,drift
2026-10-06 10:28:30,69.82,0.052,1,drift
2026-10-06 10:28:31,72.02,0.092,1,drift
2026-10-06 10:28:32,71.73,0.055,1,drift
2026-10-06 10:28:33,70.76,0.064,1,drift
2026-10-06 10:28:34,70.83,0.069,1,drift
2026-10-06 10:28:35,69.49,0.071,1,drift
2026-10-06 10:28:36,71.63,0.068,1,drift
2026-10-06 10:28:37,72.24,0.113,1,drift
2026-10-06 10:28:38,69.43,0.051,1,drift
2026-10-06 10:28:39,69.52,0.071,1,drift
2026-10-06 10:28:40,72.86,0.09,1,drift
2026-10-06 10:28:41,72.17,0.089,1,drift
2026-10-06 10:28:42,71.88,0.051,1,drift
2026-10-06 10:28:43,69.08,0.061,1,drift
2026-10-06 10:28:44,72.01,0.061,1,drift
2026-10-06 10:28:45,73.56,0.065,1,drift
2026-10-06 10:28:46,74.72,0.057,1,drift
2026-10-06 10:28:47,74.06,0.06,1,drift
2026-10-06 10:28:48,71.51,0.07,1,drift
2026-10-06 10:28:49,69.17,0.091,1,drift
2026-10-06 10:28:50,71.44,0.055,1,drift
2026-10-06 10:28:51,75.01,0.063,1,drift
2026-10-06 10:28:52,74.23,0.077,1,drift
2026-10-06 10:28:53,70.22,0.09,1,drift
2026-10-06 10:28:54,70.85,0.054,1,drift
2026-10-06 10:28:55,71.15,0.092,1,drift
2026-10-06 10:28:56,75.23,0.104,1,drift
2026-10-06 10:28:57,74.08,0.091,1,drift
2026-10-06 10:28:58,71.82,0.073,1,drift
2026-10-06 10:28:59,69.74,0.057,1,drift
2026-10-06 10:29:00,74.42,0.074,1,drift
2026-10-06 10:29:01,74.0,0.063,1,drift
2026-10-06 10:29:02,72.04,0.066,1,drift
2026-10-06 10:29:03,72.12,0.058,1,drift
2026-10-06 10:29:04,70.32,0.066,1,drift
2026-10-06 10:29:05,70.49,0.075,1,drift
2026-10-06 10:29:06,76.41,0.09,1,drift
2026-10-06 10:29:07,72.87,0.069,1,drift
2026-10-06 10:29:08,70.42,0.057,1,drift
2026-10-06 10:29:09,71.8,0.114,1,drift
2026-10-06 10:29:10,72.44,0.098,1,drift
2026-10-06 10:29:11,73.11,0.054,1,drift
2026-10-06 10:29:12,73.03,0.076,1,drift
2026-10-06 10:29:13,71.88,0.061,1,drift
2026-10-06 10:29:14,72.85,0.052,1,drift
2026-10-06 10:29:15,73.13,0.068,1,drift
2026-10-06 10:29:16,74.0,0.055,1,drift
2026-10-06 10:29:17,74.33,0.113,1,drift
2026-10-06 10:29:18,72.35,0.069,1,drift
2026-10-06 10:29:19,72.26,0.053,1,drift
2026-10-06 10:29:20,70.87,0.055,1,drift
2026-10-06 10:29:21,74.66,0.051,1,drift
2026-10-06 10:29:22,74.68,0.076,1,drift
2026-10-06 10:29:23,73.05,0.072,1,drift
2026-10-06 10:29:24,72.34,0.057,1,drift
2026-10-06 10:29:25,71.86,0.077,1,drift
2026-10-06 10:29:26,73.8,0.122,1,drift
2026-10-06 10:29:27,74.28,0.109,1,drift
2026-10-06 10:29:28,72.97,0.079,1,drift
2026-10-06 10:29:29,73.08,0.079,1,drift
2026-10-06 10:29:30,73.04,0.057,1,drift
2026-10-06 10:29:31,74.72,0.08,1,drift
2026-10-06 10:29:32,74.94,0.05,1,drift
2026-10-06 10:29:33,73.99,0.072,1,drift
2026-10-06 10:29:34,75.06,0.06,1,drift
2026-10-06 10:29:35,72.93,0.073,1,drift
2026-10-06 10:29:36,74.91,0.082,1,drift
2026-10-06 10:29:37,73.84,0.051,1,drift
2026-10-06 10:29:38,71.47,0.075,1,drift
2026-10-06 10:29:39,73.03,0.064,1,drift
2026-10-06 10:29:40,74.04,0.092,1,drift
2026-10-06 10:29:41,75.76,0.061,1,drift
2026-10-06 10:29:42,72.88,0.073,1,drift
2026-10-06 10:29:43,73.84,0.064,1,drift
2026-10-06 10:29:44,72.83,0.05,1,drift
2026-10-06 10:29:45,74.81,0.09,1,drift
2026-10-06 10:29:46,75.18,0.084,1,drift
2026-10-06 10:29:47,74.54,0.066,1,drift
2026-10-06 10:29:48,72.99,0.074,1,drift
2026-10-06 10:29:49,74.46,0.095,1,drift
2026-10-06 10:29:50,76.04,0.106,1,drift
2026-10-06 10:29:51,76.98,0.084,1,drift
2026-10-06 10:29:52,74.98,0.071,1,drift
2026-10-06 10:29:53,74.44,0.059,1,drift
2026-10-06 10:29:54,74.49,0.077,1,drift
2026-10-06 10:29:55,75.73,0.052,1,drift
2026-10-06 10:29:56,76.47,0.052,1,drift
2026-10-06 10:29:57,76.02,0.072,1,drift
2026-10-06 10:29:58,73.86,0.055,1,drift
2026-10-06 10:29:59,73.79,0.062,1,drift
2026-10-06 10:30:00,77.18,0.056,1,drift
2026-10-06 10:30:01,76.99,0.07,1,drift
2026-10-06 10:30:02,75.98,0.053,1,drift
2026-10-06 10:30:03,74.89,0.059,1,drift
2026-10-06 10:30:04,72.4,0.115,1,drift
2026-10-06 10:30:05,75.81,0.077,1,drift
2026-10-06 10:30:06,76.11,0.143,1,drift
2026-10-06 10:30:07,75.23,0.058,1,drift
2026-10-06 10:30:08,74.73,0.066,1,drift
2026-10-06 10:30:09,75.53,0.071,1,drift
2026-10-06 10:30:10,74.54,0.067,1,drift
2026-10-06 10:30:11,76.81,0.052,1,drift
2026-10-06 10:30:12,75.55,0.065,1,drift
2026-10-06 10:30:13,75.8,0.052,1,drift
2026-10-06 10:30:14,73.89,0.096,1,drift
2026-10-06 10:30:15,75.88,0.066,1,drift
2026-10-06 10:30:16,77.99,0.065,1,drift
2026-10-06 10:30:17,78.79,0.053,1,drift
2026-10-06 10:30:18,76.06,0.067,1,drift
2026-10-06 10:30:19,76.67,0.056,1,drift
2026-10-06 10:30:20,75.8,0.057,1,drift
2026-10-06 10:30:21,76.3,0.098,1,drift
2026-10-06 10:30:22,76.95,0.058,1,drift
2026-10-06 10:30:23,76.02,0.115,1,drift
2026-10-06 10:30:24,75.53,0.089,1,drift
2026-10-06 10:30:25,74.51,0.061,1,drift
2026-10-06 10:30:26,76.52,0.091,1,drift
2026-10-06 10:30:27,78.48,0.07,1,drift
2026-10-06 10:30:28,76.41,0.069,1,drift
2026-10-06 10:30:29,74.96,0.088,1,drift
2026-10-06 10:30:30,78.88,0.053,1,drift
2026-10-06 10:30:31,77.7,0.09,1,drift
2026-10-06 10:30:32,78.43,0.068,1,drift
2026-10-06 10:30:33,76.74,0.07,1,drift
2026-10-06 10:30:34,74.93,0.089,1,drift
2026-10-06 10:30:35,77.83,0.091,1,drift
2026-10-06 10:30:36,79.81,0.088,1,drift
2026-10-06 10:30:37,79.16,0.076,1,drift
2026-10-06 10:30:38,78.57,0.056,1,drift
2026-10-06 10:30:39,77.14,0.071,1,drift
2026-10-06 10:30:40,77.57,0.056,1,drift
2026-10-06 10:30:41,78.47,0.058,1,drift
2026-10-06 10:30:42,78.7,0.063,1,drift
2026-10-06 10:30:43,74.96,0.066,1,drift
2026-10-06 10:30:44,75.4,0.074,1,drift
2026-10-06 10:30:45,77.71,0.074,1,drift
2026-10-06 10:30:46,78.54,0.122,1,drift
2026-10-06 10:30:47,78.23,0.063,1,drift
2026-10-06 10:30:48,76.62,0.058,1,drift
2026-10-06 10:30:49,76.28,0.058,1,drift
2026-10-06 10:30:50,76.17,0.07,1,drift
2026-10-06 10:30:51,77.4,0.096,1,drift
2026-10-06 10:30:52,76.81,0.066,1,drift
2026-10-06 10:30:53,77.13,0.107,1,drift
2026-10-06 10:30:54,77.12,0.053,1,drift
2026-10-06 10:30:55,76.82,0.068,1,drift
2026-10-06 10:30:56,78.86,0.072,1,drift
2026-10-06 10:30:57,79.91,0.068,1,drift
2026-10-06 10:30:58,77.76,0.058,1,drift
2026-10-06 10:30:59,77.5,0.066,1,drift
2026-10-06 10:31:00,76.75,0.111,1,drift
2026-10-06 10:31:01,79.92,0.066,1,drift
2026-10-06 10:31:02,78.54,0.055,1,drift
2026-10-06 10:31:03,78.0,0.052,1,drift
2026-10-06 10:31:04,77.2,0.092,1,drift
2026-10-06 10:31:05,78.83,0.077,1,drift
2026-10-06 10:31:06,78.9,0.062,1,drift
2026-10-06 10:31:07,79.26,0.099,1,drift
2026-10-06 10:31:08,77.94,0.088,1,drift
2026-10-06 10:31:09,79.69,0.074,1,drift
2026-10-06 10:31:10,78.53,0.087,1,drift
2026-10-06 10:31:11,81.09,0.051,1,drift
2026-10-06 10:31:12,80.07,0.05,1,drift
2026-10-06 10:31:13,76.93,0.073,1,drift
2026-10-06 10:31:14,77.24,0.074,1,drift
2026-10-06 10:31:15,79.44,0.085,1,drift
2026-10-06 10:31:16,80.69,0.074,1,drift
2026-10-06 10:31:17,79.91,0.09,1,drift
2026-10-06 10:31:18,78.31,0.107,1,drift
2026-10-06 10:31:19,76.48,0.06,1,drift
2026-10-06 10:31:20,79.35,0.062,1,drift
2026-10-06 10:31:21,81.53,0.067,1,drift
2026-10-06 10:31:22,79.79,0.052,1,drift
2026-10-06 10:31:23,76.87,0.089,1,drift
2026-10-06 10:31:24,79.36,0.075,1,drift
2026-10-06 10:31:25,79.39,0.058,1,drift
2026-10-06 10:31:26,80.68,0.063,1,drift
2026-10-06 10:31:27,80.48,0.056,1,drift
2026-10-06 10:31:28,79.39,0.078,1,drift
2026-10-06 10:31:29,78.2,0.094,1,drift
2026-10-06 10:31:30,79.32,0.06,1,drift
2026-10-06 10:31:31,82.17,0.065,1,drift
2026-10-06 10:31:32,80.98,0.068,1,drift
2026-10-06 10:31:33,79.38,0.087,1,drift
2026-10-06 10:31:34,78.75,0.062,1,drift
2026-10-06 10:31:35,79.02,0.092,1,drift
2026-10-06 10:31:36,81.92,0.116,1,drift
2026-10-06 10:31:37,82.16,0.082,1,drift
2026-10-06 10:31:38,78.38,0.088,1,drift
2026-10-06 10:31:39,77.72,0.124,1,drift
2026-10-06 10:31:40,82.04,0.084,1,drift
2026-10-06 10:31:41,82.85,0.072,1,drift
2026-10-06 10:31:42,80.92,0.089,1,drift
2026-10-06 10:31:43,81.35,0.077,1,drift
2026-10-06 10:31:44,79.11,0.064,1,drift
2026-10-06 10:31:45,80.85,0.055,1,drift
2026-10-06 10:31:46,80.51,0.094,1,drift
2026-10-06 10:31:47,82.71,0.073,1,drift
2026-10-06 10:31:48,80.54,0.075,1,drift
2026-10-06 10:31:49,77.76,0.091,1,drift
2026-10-06 10:31:50,81.13,0.095,1,drift
2026-10-06 10:31:51,82.87,0.103,1,drift
2026-10-06 10:31:52,79.55,0.056,1,drift
2026-10-06 10:31:53,80.32,0.067,1,drift
2026-10-06 10:31:54,80.26,0.07,1,drift
2026-10-06 10:31:55,79.45,0.094,1,drift
2026-10-06 10:31:56,82.81,0.067,1,drift
2026-10-06 10:31:57,81.92,0.057,1,drift
2026-10-06 10:31:58,79.78,0.058,1,drift
2026-10-06 10:31:59,81.78,0.11,1,drift
2026-10-06 10:32:00,81.66,0.054,1,drift
2026-10-06 10:32:01,82.97,0.081,1,drift
2026-10-06 10:32:02,81.44,0.093,1,drift
2026-10-06 10:32:03,81.85,0.054,1,drift
2026-10-06 10:32:04,80.55,0.067,1,drift
2026-10-06 10:32:05,82.36,0.063,1,drift
2026-10-06 10:32:06,81.1,0.083,1,drift
2026-10-06 10:32:07,83.61,0.058,1,drift
2026-10-06 10:32:08,81.54,0.065,1,drift
2026-10-06 10:32:09,79.56,0.072,1,drift
2026-10-06 10:32:10,80.07,0.086,1,drift
2026-10-06 10:32:11,69.02,0.071,0,none
2026-10-06 10:32:12,67.89,0.086,0,none
2026-10-06 10:32:13,68.05,0.056,0,none
2026-10-06 10:32:14,66.61,0.05,0,none
2026-10-06 10:32:15,66.04,0.091,0,none
2026-10-06 10:32:16,68.05,0.069,0,none
2026-10-06 10:32:17,69.56,0.061,0,none
2026-10-06 10:32:18,67.46,0.066,0,none
2026-10-06 10:32:19,65.73,0.062,0,none
2026-10-06 10:32:20,66.07,0.069,0,none
2026-10-06 10:32:21,68.25,0.09,0,none
2026-10-06 10:32:22,67.07,0.071,0,none
2026-10-06 10:32:23,64.81,0.053,0,none
2026-10-06 10:32:24,66.28,0.07,0,none
2026-10-06 10:32:25,67.12,0.051,0,none
2026-10-06 10:32:26,67.94,0.063,0,none
2026-10-06 10:32:27,69.97,0.065,0,none
2026-10-06 10:32:28,65.9,0.085,0,none
2026-10-06 10:32:29,65.23,0.067,0,none
2026-10-06 10:32:30,67.55,0.083,0,none
2026-10-06 10:32:31,68.78,0.053,0,none
2026-10-06 10:32:32,67.83,0.062,0,none
2026-10-06 10:32:33,65.1,0.064,0,none
2026-10-06 10:32:34,67.15,0.057,0,none
2026-10-06 10:32:35,67.24,0.075,0,none
2026-10-06 10:32:36,67.93,0.078,0,none
2026-10-06 10:32:37,67.47,0.106,0,none
2026-10-06 10:32:38,66.45,0.059,0,none
2026-10-06 10:32:39,66.16,0.067,0,none
2026-10-06 10:32:40,64.61,0.082,0,none
2026-10-06 10:32:41,66.63,0.096,0,none
2026-10-06 10:32:42,67.59,0.068,0,none
2026-10-06 10:32:43,66.31,0.057,0,none
2026-10-06 10:32:44,65.76,0.082,0,none
2026-10-06 10:32:45,65.81,0.091,0,none
2026-10-06 10:32:46,69.37,0.064,0,none
2026-10-06 10:32:47,66.6,0.073,0,none
2026-10-06 10:32:48,65.65,0.072,0,none
2026-10-06 10:32:49,67.14,0.077,0,none
2026-10-06 10:32:50,66.63,0.078,0,none
2026-10-06 10:32:51,67.22,0.052,0,none
2026-10-06 10:32:52,67.32,0.093,0,none
2026-10-06 10:32:53,66.45,0.053,0,none
2026-10-06 10:32:54,66.33,0.082,0,none
2026-10-06 10:32:55,66.27,0.072,0,none
2026-10-06 10:32:56,67.76,0.093,0,none
2026-10-06 10:32:57,68.57,0.061,0,none
2026-10-06 10:32:58,65.56,0.106,0,none
2026-10-06 10:32:59,65.33,0.06,0,none
2026-10-06 10:33:00,66.33,0.054,0,none
2026-10-06 10:33:01,67.8,0.063,0,none
2026-10-06 10:33:02,67.75,0.053,0,none
2026-10-06 10:33:03,66.23,0.08,0,none
2026-10-06 10:33:04,65.91,0.062,0,none
2026-10-06 10:33:05,67.49,0.061,0,none
2026-10-06 10:33:06,67.14,0.133,0,none
2026-10-06 10:33:07,67.41,0.09,0,none
2026-10-06 10:33:08,65.79,0.107,0,none
2026-10-06 10:33:09,66.02,0.104,0,none
2026-10-06 10:33:10,66.58,0.057,0,none
2026-10-06 10:33:11,67.69,0.095,0,none
2026-10-06 10:33:12,66.23,0.071,0,none
2026-10-06 10:33:13,67.42,0.073,0,none
2026-10-06 10:33:14,66.02,0.098,0,none
2026-10-06 10:33:15,67.97,0.062,0,none
2026-10-06 10:33:16,67.65,0.087,0,none
2026-10-06 10:33:17,68.21,0.077,0,none
2026-10-06 10:33:18,66.42,0.069,0,none
2026-10-06 10:33:19,64.13,0.056,0,none
2026-10-06 10:33:20,65.49,0.074,0,none
2026-10-06 10:33:21,68.21,0.064,0,none
2026-10-06 10:33:22,66.71,0.052,0,none
2026-10-06 10:33:23,65.83,0.103,0,none
2026-10-06 10:33:24,65.64,0.065,0,none
2026-10-06 10:33:25,68.61,0.058,0,none
2026-10-06 10:33:26,68.72,0.071,0,none
2026-10-06 10:33:27,68.13,0.071,0,none
2026-10-06 10:33:28,66.71,0.053,0,none
2026-10-06 10:33:29,65.48,0.092,0,none
2026-10-06 10:33:30,66.82,0.076,0,none
2026-10-06 10:33:31,65.93,0.076,0,none
2026-10-06 10:33:32,66.51,0.097,0,none
2026-10-06 10:33:33,67.44,0.118,0,none
2026-10-06 10:33:34,67.34,0.155,0,none
2026-10-06 10:33:35,67.28,0.074,0,none
2026-10-06 10:33:36,68.1,0.067,0,none
2026-10-06 10:33:37,68.31,0.067,0,none
2026-10-06 10:33:38,66.94,0.11,0,none
2026-10-06 10:33:39,64.6,0.062,0,none
2026-10-06 10:33:40,66.39,0.054,0,none
2026-10-06 10:33:41,67.21,0.072,0,none
2026-10-06 10:33:42,69.39,0.083,0,none
2026-10-06 10:33:43,65.0,0.06,0,none
2026-10-06 10:33:44,64.99,0.057,0,none
2026-10-06 10:33:45,65.93,0.09,0,none
2026-10-06 10:33:46,69.01,0.076,0,none
2026-10-06 10:33:47,67.46,0.052,0,none
2026-10-06 10:33:48,66.18,0.06,0,none
2026-10-06 10:33:49,64.75,0.074,0,none
2026-10-06 10:33:50,64.45,0.073,0,none
2026-10-06 10:33:51,67.12,0.078,0,none
2026-10-06 10:33:52,68.52,0.068,0,none
2026-10-06 10:33:53,64.9,0.102,0,none
2026-10-06 10:33:54,65.88,0.054,0,none
2026-10-06 10:33:55,65.06,0.051,0,none
2026-10-06 10:33:56,66.98,0.056,0,none
2026-10-06 10:33:57,67.43,0.07,0,none
2026-10-06 10:33:58,65.99,0.05,0,none
2026-10-06 10:33:59,66.86,0.057,0,none
2026-10-06 10:34:00,67.48,0.07,0,none
2026-10-06 10:34:01,67.3,0.076,0,none
2026-10-06 10:34:02,67.7,0.065,0,none
2026-10-06 10:34:03,65.15,0.085,0,none
2026-10-06 10:34:04,66.8,0.079,0,none
2026-10-06 10:34:05,66.16,0.127,0,none
2026-10-06 10:34:06,68.88,0.078,0,none
2026-10-06 10:34:07,67.92,0.054,0,none
2026-10-06 10:34:08,67.18,0.06,0,none
2026-10-06 10:34:09,65.47,0.06,0,none
2026-10-06 10:34:10,66.02,0.055,0,none
2026-10-06 10:34:11,67.18,0.09,0,none
2026-10-06 10:34:12,67.27,0.063,0,none
2026-10-06 10:34:13,66.25,0.129,0,none
2026-10-06 10:34:14,66.09,0.075,0,none
2026-10-06 10:34:15,66.49,0.111,0,none
2026-10-06 10:34:16,68.86,0.122,0,none
2026-10-06 10:34:17,67.37,0.067,0,none
2026-10-06 10:34:18,67.23,0.074,0,none
2026-10-06 10:34:19,65.0,0.053,0,none
2026-10-06 10:34:20,65.89,0.052,0,none
2026-10-06 10:34:21,66.59,0.06,0,none
2026-10-06 10:34:22,68.03,0.074,0,none
2026-10-06 10:34:23,66.33,0.066,0,none
2026-10-06 10:34:24,64.74,0.056,0,none
2026-10-06 10:34:25,68.57,0.055,0,none
2026-10-06 10:34:26,68.06,0.077,0,none
2026-10-06 10:34:27,67.56,0.054,0,none
2026-10-06 10:34:28,64.26,0.069,0,none
2026-10-06 10:34:29,66.34,0.068,0,none
2026-10-06 10:34:30,66.73,0.081,0,none
2026-10-06 10:34:31,65.43,0.075,0,none
2026-10-06 10:34:32,64.78,0.057,0,none
2026-10-06 10:34:33,66.31,0.084,0,none
2026-10-06 10:34:34,65.26,0.069,0,none
2026-10-06 10:34:35,66.95,0.088,0,none
2026-10-06 10:34:36,69.92,0.053,0,none
2026-10-06 10:34:37,66.91,0.069,0,none
2026-10-06 10:34:38,65.99,0.067,0,none
2026-10-06 10:34:39,66.38,0.054,0,none
2026-10-06 10:34:40,67.23,0.065,0,none
2026-10-06 10:34:41,69.8,0.088,0,none
2026-10-06 10:34:42,68.6,0.142,0,none
2026-10-06 10:34:43,65.08,0.107,0,none
2026-10-06 10:34:44,65.12,0.056,0,none
2026-10-06 10:34:45,67.39,0.076,0,none
2026-10-06 10:34:46,112.48,0.097,1,spike
2026-10-06 10:34:47,113.62,0.062,1,spike
2026-10-06 10:34:48,112.01,0.056,1,spike
2026-10-06 10:34:49,110.69,0.063,1,spike
2026-10-06 10:34:50,112.19,0.064,1,spike
2026-10-06 10:34:51,112.01,0.062,1,spike
2026-10-06 10:34:52,112.23,0.067,1,spike
2026-10-06 10:34:53,112.81,0.087,1,spike
2026-10-06 10:34:54,109.72,0.066,1,spike
2026-10-06 10:34:55,68.27,0.063,0,none
2026-10-06 10:34:56,68.15,0.075,0,none
2026-10-06 10:34:57,68.03,0.079,0,none
2026-10-06 10:34:58,66.76,0.106,0,none
2026-10-06 10:34:59,64.24,0.053,0,none
2026-10-06 10:35:00,66.82,0.06,0,none
2026-10-06 10:35:01,66.38,0.078,0,none
2026-10-06 10:35:02,68.25,0.066,0,none
2026-10-06 10:35:03,67.45,0.056,0,none
2026-10-06 10:35:04,66.03,0.068,0,none
2026-10-06 10:35:05,66.74,0.101,0,none
2026-10-06 10:35:06,67.85,0.081,0,none
2026-10-06 10:35:07,69.13,0.069,0,none
2026-10-06 10:35:08,65.17,0.056,0,none
2026-10-06 10:35:09,63.98,0.082,0,none
2026-10-06 10:35:10,65.43,0.064,0,none
2026-10-06 10:35:11,70.47,0.058,0,none
2026-10-06 10:35:12,67.39,0.086,0,none
2026-10-06 10:35:13,65.48,0.092,0,none
2026-10-06 10:35:14,65.96,0.059,0,none
2026-10-06 10:35:15,66.69,0.114,0,none
2026-10-06 10:35:16,66.88,0.085,0,none
2026-10-06 10:35:17,66.83,0.052,0,none
2026-10-06 10:35:18,65.47,0.053,0,none
2026-10-06 10:35:19,64.55,0.056,0,none
2026-10-06 10:35:20,66.91,0.11,0,none
2026-10-06 10:35:21,66.97,0.058,0,none
2026-10-06 10:35:22,66.12,0.073,0,none
2026-10-06 10:35:23,65.61,0.082,0,none
2026-10-06 10:35:24,64.21,0.084,0,none
2026-10-06 10:35:25,66.1,0.1,0,none
2026-10-06 10:35:26,68.16,0.112,0,none
2026-10-06 10:35:27,67.96,0.145,0,none
2026-10-06 10:35:28,64.97,0.057,0,none
2026-10-06 10:35:29,66.16,0.098,0,none
2026-10-06 10:35:30,67.22,0.149,0,none
2026-10-06 10:35:31,68.32,0.082,0,none
2026-10-06 10:35:32,67.47,0.125,0,none
2026-10-06 10:35:33,64.84,0.059,0,none
2026-10-06 10:35:34,64.71,0.112,0,none
2026-10-06 10:35:35,66.42,0.068,0,none
2026-10-06 10:35:36,67.7,0.091,0,none
2026-10-06 10:35:37,69.16,0.127,0,none
2026-10-06 10:35:38,65.73,0.076,0,none
2026-10-06 10:35:39,65.72,0.081,0,none
2026-10-06 10:35:40,66.7,0.059,0,none
2026-10-06 10:35:41,65.78,0.073,0,none
2026-10-06 10:35:42,67.35,0.065,0,none
2026-10-06 10:35:43,66.18,0.088,0,none
2026-10-06 10:35:44,66.0,0.057,0,none
2026-10-06 10:35:45,65.62,0.108,0,none
2026-10-06 10:35:46,66.15,0.07,0,none
2026-10-06 10:35:47,67.97,0.09,0,none
2026-10-06 10:35:48,67.61,0.118,0,none
2026-10-06 10:35:49,64.8,0.083,0,none
2026-10-06 10:35:50,65.38,0.055,0,none
2026-10-06 10:35:51,67.94,0.061,0,none
2026-10-06 10:35:52,67.46,0.108,0,none
2026-10-06 10:35:53,64.72,0.063,0,none
2026-10-06 10:35:54,65.6,0.062,0,none
2026-10-06 10:35:55,65.37,0.051,0,none
2026-10-06 10:35:56,67.88,0.091,0,none
2026-10-06 10:35:57,67.13,0.065,0,none
2026-10-06 10:35:58,64.59,0.081,0,none
2026-10-06 10:35:59,65.45,0.061,0,none
2026-10-06 10:36:00,67.52,0.066,0,none
2026-10-06 10:36:01,68.11,0.058,0,none
2026-10-06 10:36:02,66.36,0.105,0,none
2026-10-06 10:36:03,66.79,0.051,0,none
2026-10-06 10:36:04,64.94,0.095,0,none
2026-10-06 10:36:05,65.58,0.08,0,none
2026-10-06 10:36:06,67.49,0.051,0,none
2026-10-06 10:36:07,66.86,0.057,0,none
2026-10-06 10:36:08,65.65,0.061,0,none
2026-10-06 10:36:09,65.5,0.079,0,none
2026-10-06 10:36:10,65.95,0.075,0,none
2026-10-06 10:36:11,67.51,0.081,0,none
2026-10-06 10:36:12,65.84,0.083,0,none
2026-10-06 10:36:13,64.99,0.057,0,none
2026-10-06 10:36:14,63.04,0.064,0,none
2026-10-06 10:36:15,65.59,0.063,0,none
2026-10-06 10:36:16,65.55,0.108,0,none
2026-10-06 10:36:17,65.82,0.139,0,none
2026-10-06 10:36:18,65.6,0.058,0,none
2026-10-06 10:36:19,64.33,0.064,0,none
2026-10-06 10:36:20,66.71,0.08,0,none
2026-10-06 10:36:21,67.98,0.11,0,none
2026-10-06 10:36:22,68.04,0.058,0,none
2026-10-06 10:36:23,65.33,0.088,0,none
2026-10-06 10:36:24,63.83,0.092,0,none
2026-10-06 10:36:25,65.95,0.089,0,none
2026-10-06 10:36:26,68.89,0.055,0,none
2026-10-06 10:36:27,67.04,0.099,0,none
2026-10-06 10:36:28,69.17,0.057,0,none
2026-10-06 10:36:29,64.94,0.077,0,none
2026-10-06 10:36:30,65.92,0.064,0,none
2026-10-06 10:36:31,69.45,0.064,0,none
2026-10-06 10:36:32,66.59,0.053,0,none
2026-10-06 10:36:33,66.23,0.088,0,none
2026-10-06 10:36:34,64.71,0.051,0,none
2026-10-06 10:36:35,67.54,0.097,0,none
2026-10-06 10:36:36,66.57,0.114,0,none
2026-10-06 10:36:37,66.53,0.056,0,none
2026-10-06 10:36:38,64.36,0.059,0,none
2026-10-06 10:36:39,63.96,0.052,0,none
2026-10-06 10:36:40,66.86,0.103,0,none
2026-10-06 10:36:41,68.73,0.062,0,none
2026-10-06 10:36:42,65.29,0.091,0,none
2026-10-06 10:36:43,64.72,0.061,0,none
2026-10-06 10:36:44,65.67,0.106,0,none
2026-10-06 10:36:45,66.73,0.059,0,none
2026-10-06 10:36:46,68.35,0.067,0,none
2026-10-06 10:36:47,65.6,0.07,0,none
2026-10-06 10:36:48,66.13,0.062,0,none
2026-10-06 10:36:49,62.97,0.059,0,none
2026-10-06 10:36:50,65.95,0.081,0,none
2026-10-06 10:36:51,66.49,0.055,0,none
2026-10-06 10:36:52,66.83,0.051,0,none
2026-10-06 10:36:53,65.81,0.064,0,none
2026-10-06 10:36:54,65.97,0.06,0,none
2026-10-06 10:36:55,66.65,0.061,0,none
2026-10-06 10:36:56,67.1,0.062,0,none
2026-10-06 10:36:57,65.97,0.056,0,none
2026-10-06 10:36:58,64.7,0.052,0,none
2026-10-06 10:36:59,63.24,0.089,0,none
2026-10-06 10:37:00,66.02,0.069,0,none
2026-10-06 10:37:01,65.53,0.986,0,none
2026-10-06 10:37:02,68.4,0.924,0,none
2026-10-06 10:37:03,68.0,1.013,0,none
2026-10-06 10:37:04,67.2,0.938,0,none
2026-10-06 10:37:05,71.3,0.79,0,none
2026-10-06 10:37:06,73.97,1.039,0,none
2026-10-06 10:37:07,74.22,1.051,0,none
2026-10-06 10:37:08,75.11,0.914,0,none
2026-10-06 10:37:09,76.21,0.816,0,none
2026-10-06 10:37:10,76.61,1.073,0,none
2026-10-06 10:37:11,80.4,1.102,0,none
2026-10-06 10:37:12,80.94,0.927,0,none
2026-10-06 10:37:13,80.3,0.978,0,none
2026-10-06 10:37:14,80.67,1.056,0,none
2026-10-06 10:37:15,84.34,1.048,0,none
2026-10-06 10:37:16,84.67,0.994,0,none
2026-10-06 10:37:17,87.33,0.973,0,none
2026-10-06 10:37:18,86.51,1.096,0,none
2026-10-06 10:37:19,86.96,1.074,0,none
2026-10-06 10:37:20,88.45,1.037,0,none
2026-10-06 10:37:21,92.18,1.002,0,none
2026-10-06 10:37:22,92.85,0.896,0,none
2026-10-06 10:37:23,89.43,0.873,0,none
2026-10-06 10:37:24,89.76,1.066,0,none
2026-10-06 10:37:25,88.25,0.975,0,none
2026-10-06 10:37:26,93.17,0.935,0,none
2026-10-06 10:37:27,90.56,1.053,0,none
2026-10-06 10:37:28,87.86,1.185,0,none
2026-10-06 10:37:29,89.46,0.875,0,none
2026-10-06 10:37:30,90.56,0.955,0,none
2026-10-06 10:37:31,92.97,1.073,0,none
2026-10-06 10:37:32,90.76,1.124,0,none
2026-10-06 10:37:33,89.1,1.094,0,none
2026-10-06 10:37:34,89.91,1.071,0,none
2026-10-06 10:37:35,90.61,0.949,0,none
2026-10-06 10:37:36,92.21,1.143,0,none
2026-10-06 10:37:37,90.44,1.108,0,none
2026-10-06 10:37:38,89.48,1.052,0,none
2026-10-06 10:37:39,89.56,1.072,0,none
2026-10-06 10:37:40,90.79,1.09,0,none
2026-10-06 10:37:41,91.41,0.991,0,none
2026-10-06 10:37:42,90.11,0.994,0,none
2026-10-06 10:37:43,92.17,0.956,0,none
2026-10-06 10:37:44,88.52,0.752,0,none
2026-10-06 10:37:45,92.24,0.866,0,none
2026-10-06 10:37:46,91.52,0.962,0,none
2026-10-06 10:37:47,90.84,1.069,0,none
2026-10-06 10:37:48,88.41,0.924,0,none
2026-10-06 10:37:49,89.28,0.971,0,none
2026-10-06 10:37:50,92.12,1.044,0,none
2026-10-06 10:37:51,90.37,0.879,0,none
2026-10-06 10:37:52,89.96,0.98,0,none
2026-10-06 10:37:53,90.21,1.047,0,none
2026-10-06 10:37:54,89.31,1.044,0,none
2026-10-06 10:37:55,90.77,1.043,0,none
2026-10-06 10:37:56,91.56,1.004,0,none
2026-10-06 10:37:57,90.99,0.95,0,none
2026-10-06 10:37:58,90.29,0.952,0,none
2026-10-06 10:37:59,89.27,0.934,0,none
2026-10-06 10:38:00,91.03,1.0,0,none
2026-10-06 10:38:01,91.8,0.854,0,none
2026-10-06 10:38:02,91.77,1.097,0,none
2026-10-06 10:38:03,88.61,1.042,0,none
2026-10-06 10:38:04,89.36,0.787,0,none
2026-10-06 10:38:05,91.75,1.019,0,none
2026-10-06 10:38:06,92.51,0.908,0,none
2026-10-06 10:38:07,92.1,0.897,0,none
2026-10-06 10:38:08,90.03,0.939,0,none
2026-10-06 10:38:09,89.76,1.065,0,none
2026-10-06 10:38:10,90.26,0.973,0,none
2026-10-06 10:38:11,92.3,0.985,0,none
2026-10-06 10:38:12,89.81,0.932,0,none
2026-10-06 10:38:13,89.37,0.971,0,none
2026-10-06 10:38:14,89.24,0.892,0,none
2026-10-06 10:38:15,88.56,1.051,0,none
2026-10-06 10:38:16,90.81,1.031,0,none
2026-10-06 10:38:17,90.95,0.987,0,none
2026-10-06 10:38:18,89.26,1.219,0,none
2026-10-06 10:38:19,87.91,0.981,0,none
2026-10-06 10:38:20,90.92,0.933,0,none
2026-10-06 10:38:21,90.67,1.191,0,none
2026-10-06 10:38:22,92.06,1.058,0,none
2026-10-06 10:38:23,88.72,1.208,0,none
2026-10-06 10:38:24,89.47,0.803,0,none
2026-10-06 10:38:25,92.17,1.045,0,none
2026-10-06 10:38:26,92.34,0.983,0,none
2026-10-06 10:38:27,89.31,1.077,0,none
2026-10-06 10:38:28,88.27,0.927,0,none
2026-10-06 10:38:29,91.03,1.007,0,none
2026-10-06 10:38:30,90.95,0.874,0,none
2026-10-06 10:38:31,92.24,1.058,0,none
2026-10-06 10:38:32,93.12,1.035,0,none
2026-10-06 10:38:33,89.58,1.024,0,none
2026-10-06 10:38:34,89.15,1.022,0,none
2026-10-06 10:38:35,88.56,0.824,0,none
2026-10-06 10:38:36,91.13,1.013,0,none
2026-10-06 10:38:37,90.51,0.977,0,none
2026-10-06 10:38:38,89.99,1.02,0,none
2026-10-06 10:38:39,88.49,1.148,0,none
2026-10-06 10:38:40,90.23,0.956,0,none
2026-10-06 10:38:41,89.93,1.048,0,none
2026-10-06 10:38:42,92.4,1.039,0,none
2026-10-06 10:38:43,89.23,0.955,0,none
2026-10-06 10:38:44,89.78,0.771,0,none
2026-10-06 10:38:45,91.34,0.862,0,none
2026-10-06 10:38:46,93.0,1.019,0,none
2026-10-06 10:38:47,92.31,1.016,0,none
2026-10-06 10:38:48,90.34,1.107,0,none
2026-10-06 10:38:49,88.23,0.912,0,none
2026-10-06 10:38:50,92.45,1.003,0,none
2026-10-06 10:38:51,91.36,0.797,0,none
2026-10-06 10:38:52,90.79,0.866,0,none
2026-10-06 10:38:53,89.38,1.055,0,none
2026-10-06 10:38:54,90.04,1.023,0,none
2026-10-06 10:38:55,90.9,1.021,0,none
2026-10-06 10:38:56,92.03,1.082,0,none
2026-10-06 10:38:57,91.41,0.793,0,none
2026-10-06 10:38:58,90.07,1.052,0,none
2026-10-06 10:38:59,88.72,1.115,0,none
2026-10-06 10:39:00,92.21,0.71,0,none
2026-10-06 10:39:01,91.73,0.886,0,none
2026-10-06 10:39:02,90.75,1.068,0,none
2026-10-06 10:39:03,89.7,0.944,0,none
2026-10-06 10:39:04,89.81,0.933,0,none
2026-10-06 10:39:05,89.97,1.121,0,none
2026-10-06 10:39:06,92.31,1.012,0,none
2026-10-06 10:39:07,90.25,0.897,0,none
2026-10-06 10:39:08,91.41,0.884,0,none
2026-10-06 10:39:09,89.0,1.059,0,none
2026-10-06 10:39:10,87.89,0.975,0,none
2026-10-06 10:39:11,90.01,0.917,0,none
2026-10-06 10:39:12,91.55,0.971,0,none
2026-10-06 10:39:13,90.55,1.131,0,none
2026-10-06 10:39:14,88.45,1.028,0,none
2026-10-06 10:39:15,89.6,0.972,0,none
2026-10-06 10:39:16,91.52,0.789,0,none
2026-10-06 10:39:17,90.73,0.982,0,none
2026-10-06 10:39:18,87.92,1.001,0,none
2026-10-06 10:39:19,89.93,0.978,0,none
2026-10-06 10:39:20,89.77,0.902,0,none
2026-10-06 10:39:21,92.34,1.147,0,none
2026-10-06 10:39:22,91.71,0.88,0,none
2026-10-06 10:39:23,89.5,1.052,0,none
2026-10-06 10:39:24,87.38,0.969,0,none
2026-10-06 10:39:25,90.35,0.901,0,none
2026-10-06 10:39:26,90.99,0.895,0,none
2026-10-06 10:39:27,91.41,0.955,0,none
2026-10-06 10:39:28,90.88,1.122,0,none
2026-10-06 10:39:29,87.19,1.005,0,none
2026-10-06 10:39:30,91.15,1.199,0,none
2026-10-06 10:39:31,91.64,1.03,0,none
2026-10-06 10:39:32,91.51,1.017,0,none
2026-10-06 10:39:33,88.68,0.895,0,none
2026-10-06 10:39:34,89.02,0.956,0,none
2026-10-06 10:39:35,90.43,1.047,0,none
2026-10-06 10:39:36,91.23,1.141,0,none
2026-10-06 10:39:37,91.95,0.961,0,none
2026-10-06 10:39:38,89.64,0.84,0,none
2026-10-06 10:39:39,88.27,1.076,0,none
2026-10-06 10:39:40,91.64,1.002,0,none
2026-10-06 10:39:41,89.78,0.902,0,none
2026-10-06 10:39:42,92.49,1.004,0,none
2026-10-06 10:39:43,89.28,0.808,0,none
2026-10-06 10:39:44,89.88,0.971,0,none
2026-10-06 10:39:45,90.09,1.095,0,none
2026-10-06 10:39:46,91.31,1.056,0,none
2026-10-06 10:39:47,90.81,0.845,0,none
2026-10-06 10:39:48,89.45,1.111,0,none
2026-10-06 10:39:49,89.43,1.135,0,none
2026-10-06 10:39:50,88.7,1.067,0,none
2026-10-06 10:39:51,91.17,1.095,0,none
2026-10-06 10:39:52,89.18,0.798,0,none
2026-10-06 10:39:53,88.8,1.113,0,none
2026-10-06 10:39:54,86.89,1.144,0,none
2026-10-06 10:39:55,89.52,1.228,0,none
2026-10-06 10:39:56,89.29,0.786,0,none
2026-10-06 10:39:57,90.58,1.084,0,none
2026-10-06 10:39:58,88.03,0.986,0,none
2026-10-06 10:39:59,90.07,1.055,0,none
2026-10-06 10:40:00,90.15,1.186,0,none
2026-10-06 10:40:01,90.93,1.063,0,none
2026-10-06 10:40:02,91.95,0.978,0,none
2026-10-06 10:40:03,89.8,1.138,0,none
2026-10-06 10:40:04,89.49,1.038,0,none
2026-10-06 10:40:05,90.89,1.022,0,none
2026-10-06 10:40:06,92.13,0.98,0,none
2026-10-06 10:40:07,90.12,1.009,0,none
2026-10-06 10:40:08,88.87,1.069,0,none
2026-10-06 10:40:09,89.98,0.981,0,none
2026-10-06 10:40:10,90.85,0.886,0,none
2026-10-06 10:40:11,92.68,1.203,0,none
2026-10-06 10:40:12,90.81,1.043,0,none
2026-10-06 10:40:13,89.89,0.948,0,none
2026-10-06 10:40:14,89.14,0.967,0,none
2026-10-06 10:40:15,90.01,0.974,0,none
2026-10-06 10:40:16,92.33,0.886,0,none
2026-10-06 10:40:17,91.34,1.081,0,none
2026-10-06 10:40:18,89.74,0.874,0,none
2026-10-06 10:40:19,89.2,1.112,0,none
2026-10-06 10:40:20,90.45,0.9,0,none
2026-10-06 10:40:21,91.18,0.938,0,none
2026-10-06 10:40:22,91.86,0.897,0,none
2026-10-06 10:40:23,88.22,0.825,0,none
2026-10-06 10:40:24,87.95,0.985,0,none
2026-10-06 10:40:25,88.28,0.955,0,none
2026-10-06 10:40:26,90.8,0.931,0,none
2026-10-06 10:40:27,90.4,0.918,0,none
2026-10-06 10:40:28,90.21,1.005,0,none
2026-10-06 10:40:29,89.09,1.054,0,none
2026-10-06 10:40:30,90.89,0.998,0,none
2026-10-06 10:40:31,92.75,0.983,0,none
2026-10-06 10:40:32,91.19,0.962,0,none
2026-10-06 10:40:33,91.88,0.991,0,none
2026-10-06 10:40:34,89.38,1.025,0,none
2026-10-06 10:40:35,89.62,1.04,0,none
2026-10-06 10:40:36,90.92,1.082,0,none
2026-10-06 10:40:37,90.34,1.044,0,none
2026-10-06 10:40:38,89.12,1.161,0,none
2026-10-06 10:40:39,88.62,0.845,0,none
2026-10-06 10:40:40,88.92,0.99,0,none
2026-10-06 10:40:41,91.52,1.099,0,none
2026-10-06 10:40:42,91.06,0.975,0,none
2026-10-06 10:40:43,87.99,1.082,0,none
2026-10-06 10:40:44,89.61,0.913,0,none
2026-10-06 10:40:45,90.08,1.11,0,none
2026-10-06 10:40:46,91.2,0.933,0,none
2026-10-06 10:40:47,90.05,0.791,0,none
2026-10-06 10:40:48,89.01,0.778,0,none
2026-10-06 10:40:49,87.88,1.015,0,none
2026-10-06 10:40:50,91.59,1.14,0,none
2026-10-06 10:40:51,91.42,0.864,0,none
2026-10-06 10:40:52,90.19,1.006,0,none
2026-10-06 10:40:53,90.29,0.989,0,none
2026-10-06 10:40:54,88.92,0.972,0,none
2026-10-06 10:40:55,89.32,1.019,0,none
2026-10-06 10:40:56,90.92,0.738,0,none
2026-10-06 10:40:57,91.83,0.809,0,none
2026-10-06 10:40:58,88.98,1.031,0,none
2026-10-06 10:40:59,88.8,1.191,0,none
2026-10-06 10:41:00,91.55,1.01,0,none
2026-10-06 10:41:01,91.68,0.978,0,none
2026-10-06 10:41:02,92.16,0.943,0,none
2026-10-06 10:41:03,89.3,0.95,0,none
2026-10-06 10:41:04,90.15,0.936,0,none
2026-10-06 10:41:05,91.44,1.066,0,none
2026-10-06 10:41:06,92.59,1.059,0,none
2026-10-06 10:41:07,93.02,0.901,0,none
2026-10-06 10:41:08,88.43,1.019,0,none
2026-10-06 10:41:09,89.58,1.217,0,none
2026-10-06 10:41:10,90.01,1.055,0,none
2026-10-06 10:41:11,90.29,1.032,0,none
2026-10-06 10:41:12,89.51,0.927,0,none
2026-10-06 10:41:13,89.31,0.843,0,none
2026-10-06 10:41:14,89.94,0.942,0,none
2026-10-06 10:41:15,90.13,1.022,0,none
2026-10-06 10:41:16,92.77,0.935,0,none
2026-10-06 10:41:17,88.59,1.085,0,none
2026-10-06 10:41:18,87.12,1.007,0,none
2026-10-06 10:41:19,88.39,0.99,0,none
2026-10-06 10:41:20,89.53,0.977,0,none
2026-10-06 10:41:21,90.19,0.861,0,none
2026-10-06 10:41:22,90.47,1.148,0,none
2026-10-06 10:41:23,89.87,0.967,0,none
2026-10-06 10:41:24,89.22,0.917,0,none
2026-10-06 10:41:25,91.16,1.083,0,none
2026-10-06 10:41:26,91.44,1.156,0,none
2026-10-06 10:41:27,88.25,1.004,0,none
2026-10-06 10:41:28,88.8,1.021,0,none
2026-10-06 10:41:29,90.0,1.084,0,none
2026-10-06 10:41:30,90.33,1.015,0,none
2026-10-06 10:41:31,91.58,1.032,0,none
2026-10-06 10:41:32,88.55,0.834,0,none
2026-10-06 10:41:33,88.79,0.881,0,none
2026-10-06 10:41:34,90.19,1.02,0,none
2026-10-06 10:41:35,90.3,1.088,0,none
2026-10-06 10:41:36,91.9,0.882,0,none
2026-10-06 10:41:37,90.14,1.103,0,none
2026-10-06 10:41:38,88.38,1.099,0,none
2026-10-06 10:41:39,88.61,0.958,0,none
2026-10-06 10:41:40,89.18,0.987,0,none
2026-10-06 10:41:41,91.05,1.044,0,none
2026-10-06 10:41:42,91.49,0.949,0,none
2026-10-06 10:41:43,88.68,1.018,0,none
2026-10-06 10:41:44,89.18,1.005,0,none
2026-10-06 10:41:45,89.69,0.938,0,none
2026-10-06 10:41:46,91.76,1.031,0,none
2026-10-06 10:41:47,90.15,0.982,0,none
2026-10-06 10:41:48,89.97,0.91,0,none
2026-10-06 10:41:49,88.41,0.935,0,none
2026-10-06 10:41:50,89.95,1.004,0,none
2026-10-06 10:41:51,90.93,1.089,0,none
2026-10-06 10:41:52,92.17,0.905,0,none
2026-10-06 10:41:53,89.57,0.824,0,none
2026-10-06 10:41:54,88.41,0.886,0,none
2026-10-06 10:41:55,90.83,1.041,0,none
2026-10-06 10:41:56,92.88,1.053,0,none
2026-10-06 10:41:57,90.56,0.999,0,none
2026-10-06 10:41:58,89.31,0.901,0,none
2026-10-06 10:41:59,88.68,0.965,0,none
2026-10-06 10:42:00,89.5,1.024,0,none
2026-10-06 10:42:01,90.26,1.002,0,none
2026-10-06 10:42:02,87.01,1.115,0,none
2026-10-06 10:42:03,85.68,0.812,0,none
2026-10-06 10:42:04,84.09,0.827,0,none
2026-10-06 10:42:05,83.77,0.969,0,none
2026-10-06 10:42:06,85.86,0.99,0,none
2026-10-06 10:42:07,81.65,1.147,0,none
2026-10-06 10:42:08,78.89,0.96,0,none
2026-10-06 10:42:09,78.26,1.018,0,none
2026-10-06 10:42:10,76.4,0.888,0,none
2026-10-06 10:42:11,77.41,1.067,0,none
2026-10-06 10:42:12,75.1,0.848,0,none
2026-10-06 10:42:13,73.01,1.073,0,none
2026-10-06 10:42:14,71.3,0.889,0,none
2026-10-06 10:42:15,73.69,1.018,0,none
2026-10-06 10:42:16,71.4,1.046,0,none
2026-10-06 10:42:17,69.52,0.893,0,none
2026-10-06 10:42:18,66.09,0.956,0,none
2026-10-06 10:42:19,65.7,1.067,0,none
2026-10-06 10:42:20,66.92,0.063,0,none
2026-10-06 10:42:21,66.17,0.085,0,none
2026-10-06 10:42:22,67.09,0.058,0,none
2026-10-06 10:42:23,64.36,0.101,0,none
2026-10-06 10:42:24,65.19,0.05,0,none
2026-10-06 10:42:25,65.19,0.074,0,none
2026-10-06 10:42:26,65.12,0.07,0,none
2026-10-06 10:42:27,66.22,0.094,0,none
2026-10-06 10:42:28,65.65,0.082,0,none
2026-10-06 10:42:29,66.17,0.092,0,none
2026-10-06 10:42:30,66.12,0.055,0,none
2026-10-06 10:42:31,65.67,0.085,0,none
2026-10-06 10:42:32,67.24,0.086,0,none
2026-10-06 10:42:33,63.3,0.104,0,none
2026-10-06 10:42:34,64.86,0.076,0,none
2026-10-06 10:42:35,64.1,0.052,0,none
2026-10-06 10:42:36,67.87,0.108,0,none
2026-10-06 10:42:37,64.21,0.087,0,none
2026-10-06 10:42:38,64.56,0.086,0,none
2026-10-06 10:42:39,63.89,0.085,0,none
2026-10-06 10:42:40,66.15,0.066,0,none
2026-10-06 10:42:41,66.67,0.078,0,none
2026-10-06 10:42:42,65.58,0.067,0,none
2026-10-06 10:42:43,65.28,0.074,0,none
2026-10-06 10:42:44,64.15,0.093,0,none
2026-10-06 10:42:45,63.82,0.068,0,none
2026-10-06 10:42:46,68.27,0.087,0,none
2026-10-06 10:42:47,65.4,0.057,0,none
2026-10-06 10:42:48,62.61,0.065,0,none
2026-10-06 10:42:49,65.37,0.074,0,none
2026-10-06 10:42:50,65.52,0.077,0,none
2026-10-06 10:42:51,66.22,0.088,0,none
2026-10-06 10:42:52,65.07,0.103,0,none
2026-10-06 10:42:53,65.47,0.06,0,none
2026-10-06 10:42:54,63.36,0.059,0,none
2026-10-06 10:42:55,64.68,0.068,0,none
2026-10-06 10:42:56,67.45,0.083,0,none
2026-10-06 10:42:57,66.74,0.057,0,none
2026-10-06 10:42:58,64.34,0.063,0,none
2026-10-06 10:42:59,64.41,0.054,0,none
2026-10-06 10:43:00,64.43,0.084,0,none
2026-10-06 10:43:01,64.97,0.054,0,none
2026-10-06 10:43:02,65.63,0.06,0,none
2026-10-06 10:43:03,67.22,0.05,0,none
2026-10-06 10:43:04,63.14,0.061,0,none
2026-10-06 10:43:05,64.75,0.086,0,none
2026-10-06 10:43:06,66.21,0.068,0,none
2026-10-06 10:43:07,63.32,0.062,0,none
2026-10-06 10:43:08,66.38,0.071,0,none
2026-10-06 10:43:09,63.08,0.076,0,none
2026-10-06 10:43:10,65.34,0.101,0,none
2026-10-06 10:43:11,65.27,0.054,0,none
2026-10-06 10:43:12,67.44,0.061,0,none
2026-10-06 10:43:13,65.03,0.063,0,none
2026-10-06 10:43:14,64.36,0.09,0,none
2026-10-06 10:43:15,64.69,0.053,0,none
2026-10-06 10:43:16,68.4,0.073,0,none
2026-10-06 10:43:17,66.6,0.055,0,none
2026-10-06 10:43:18,65.39,0.109,0,none
2026-10-06 10:43:19,64.03,0.065,0,none
2026-10-06 10:43:20,64.89,0.09,0,none
2026-10-06 10:43:21,66.03,0.111,0,none
2026-10-06 10:43:22,66.85,0.077,0,none
2026-10-06 10:43:23,64.14,0.053,0,none
2026-10-06 10:43:24,64.51,0.095,0,none
2026-10-06 10:43:25,65.95,0.075,0,none
2026-10-06 10:43:26,65.57,0.063,0,none
2026-10-06 10:43:27,65.96,0.105,0,none
2026-10-06 10:43:28,66.99,0.064,0,none
2026-10-06 10:43:29,65.36,0.063,0,none
2026-10-06 10:43:30,65.72,0.118,0,none
2026-10-06 10:43:31,67.34,0.088,0,none
2026-10-06 10:43:32,66.27,0.059,0,none
2026-10-06 10:43:33,63.0,0.07,0,none
2026-10-06 10:43:34,64.33,0.05,0,none
2026-10-06 10:43:35,65.73,0.06,0,none
2026-10-06 10:43:36,68.48,0.073,0,none
2026-10-06 10:43:37,68.49,0.121,0,none
2026-10-06 10:43:38,65.22,0.066,0,none
2026-10-06 10:43:39,62.5,0.062,0,none
2026-10-06 10:43:40,64.13,0.062,0,none
2026-10-06 10:43:41,65.16,0.108,0,none
2026-10-06 10:43:42,65.81,0.055,0,none
2026-10-06 10:43:43,65.41,0.056,0,none
2026-10-06 10:43:44,63.08,0.055,0,none
2026-10-06 10:43:45,63.62,0.082,0,none
2026-10-06 10:43:46,65.52,0.053,0,none
2026-10-06 10:43:47,67.21,0.076,0,none
2026-10-06 10:43:48,63.75,0.058,0,none
2026-10-06 10:43:49,65.38,0.052,0,none
2026-10-06 10:43:50,66.47,0.064,0,none
2026-10-06 10:43:51,68.17,0.066,0,none
2026-10-06 10:43:52,65.71,0.073,0,none
2026-10-06 10:43:53,64.72,0.052,0,none
2026-10-06 10:43:54,64.88,0.055,0,none
2026-10-06 10:43:55,65.26,0.087,0,none
2026-10-06 10:43:56,68.3,0.11,0,none
2026-10-06 10:43:57,64.75,0.068,0,none
2026-10-06 10:43:58,62.97,0.052,0,none
2026-10-06 10:43:59,62.88,0.064,0,none
2026-10-06 10:44:00,66.08,0.102,0,none
2026-10-06 10:44:01,65.73,0.077,0,none
2026-10-06 10:44:02,64.68,0.098,0,none
2026-10-06 10:44:03,65.66,0.065,0,none
2026-10-06 10:44:04,65.31,0.089,0,none
2026-10-06 10:44:05,63.79,0.055,0,none
2026-10-06 10:44:06,66.28,0.068,0,none
2026-10-06 10:44:07,65.1,0.107,0,none
2026-10-06 10:44:08,64.95,0.054,0,none
2026-10-06 10:44:09,63.79,0.058,0,none
2026-10-06 10:44:10,65.9,0.05,0,none
2026-10-06 10:44:11,65.31,0.068,0,none
2026-10-06 10:44:12,64.21,0.07,0,none
2026-10-06 10:44:13,63.37,0.067,0,none
2026-10-06 10:44:14,64.92,0.052,0,none
2026-10-06 10:44:15,65.56,0.058,0,none
2026-10-06 10:44:16,66.82,0.068,0,none
2026-10-06 10:44:17,66.38,0.098,0,none
2026-10-06 10:44:18,66.18,0.084,0,none
2026-10-06 10:44:19,64.28,0.07,0,none
2026-10-06 10:44:20,64.98,0.054,0,none
2026-10-06 10:44:21,68.0,0.053,0,none
2026-10-06 10:44:22,66.31,0.095,0,none
2026-10-06 10:44:23,66.63,0.08,0,none
2026-10-06 10:44:24,62.73,0.065,0,none
2026-10-06 10:44:25,64.63,0.061,0,none
2026-10-06 10:44:26,66.66,0.076,0,none
2026-10-06 10:44:27,65.63,0.083,0,none
2026-10-06 10:44:28,66.24,0.077,0,none
2026-10-06 10:44:29,64.59,0.078,0,none
2026-10-06 10:44:30,64.48,0.068,0,none
2026-10-06 10:44:31,65.56,0.088,0,none
2026-10-06 10:44:32,66.37,0.06,0,none
2026-10-06 10:44:33,64.73,0.068,0,none
2026-10-06 10:44:34,63.78,0.064,0,none
2026-10-06 10:44:35,63.63,0.072,0,none
2026-10-06 10:44:36,67.3,0.066,0,none
2026-10-06 10:44:37,65.82,0.078,0,none
2026-10-06 10:44:38,64.91,0.082,0,none
2026-10-06 10:44:39,63.89,0.056,0,none
2026-10-06 10:44:40,64.74,0.053,0,none
2026-10-06 10:44:41,68.15,0.067,0,none
2026-10-06 10:44:42,66.4,0.061,0,none
2026-10-06 10:44:43,65.92,0.128,0,none
2026-10-06 10:44:44,63.23,0.053,0,none
2026-10-06 10:44:45,66.27,0.055,0,none
2026-10-06 10:44:46,67.49,0.103,0,none
2026-10-06 10:44:47,64.56,0.083,0,none
2026-10-06 10:44:48,64.75,0.094,0,none
2026-10-06 10:44:49,65.14,0.083,0,none
2026-10-06 10:44:50,64.79,0.055,0,none
2026-10-06 10:44:51,65.99,0.05,0,none
2026-10-06 10:44:52,67.5,0.085,0,none
2026-10-06 10:44:53,65.84,0.08,0,none
2026-10-06 10:44:54,63.79,0.056,0,none
2026-10-06 10:44:55,65.71,0.063,0,none
2026-10-06 10:44:56,64.77,0.102,0,none
2026-10-06 10:44:57,66.23,0.085,0,none
2026-10-06 10:44:58,64.16,0.116,0,none
2026-10-06 10:44:59,64.07,0.094,0,none
2026-10-06 10:45:00,65.78,0.068,0,none
2026-10-06 10:45:01,67.52,0.126,0,none
2026-10-06 10:45:02,65.47,0.06,0,none
2026-10-06 10:45:03,65.31,0.076,0,none
2026-10-06 10:45:04,62.77,0.069,0,none
2026-10-06 10:45:05,65.93,0.08,0,none
2026-10-06 10:45:06,65.21,0.092,0,none
2026-10-06 10:45:07,66.94,0.07,0,none
2026-10-06 10:45:08,63.88,0.063,0,none
2026-10-06 10:45:09,63.49,0.075,0,none
2026-10-06 10:45:10,65.83,0.058,0,none
2026-10-06 10:45:11,65.0,0.05,0,none
2026-10-06 10:45:12,66.29,0.065,0,none
2026-10-06 10:45:13,64.49,0.059,0,none
2026-10-06 10:45:14,65.31,0.092,0,none
2026-10-06 10:45:15,65.26,0.116,0,none
2026-10-06 10:45:16,67.86,0.058,0,none
2026-10-06 10:45:17,64.8,1.002,0,none
2026-10-06 10:45:18,65.75,0.798,0,none
2026-10-06 10:45:19,65.34,1.0,0,none
2026-10-06 10:45:20,68.6,1.026,0,none
2026-10-06 10:45:21,72.46,1.02,0,none
2026-10-06 10:45:22,73.62,1.131,0,none
2026-10-06 10:45:23,72.23,0.937,0,none
2026-10-06 10:45:24,72.56,1.09,0,none
2026-10-06 10:45:25,76.49,1.019,0,none
2026-10-06 10:45:26,77.42,0.875,0,none
2026-10-06 10:45:27,79.32,0.968,0,none
2026-10-06 10:45:28,78.14,1.068,0,none
2026-10-06 10:45:29,79.96,0.906,0,none
2026-10-06 10:45:30,81.67,1.131,0,none
2026-10-06 10:45:31,82.65,0.886,0,none
2026-10-06 10:45:32,84.63,0.993,0,none
2026-10-06 10:45:33,85.13,1.004,0,none
2026-10-06 10:45:34,83.83,0.96,0,none
2026-10-06 10:45:35,88.16,1.114,0,none
2026-10-06 10:45:36,89.4,0.955,0,none
2026-10-06 10:45:37,90.29,0.97,0,none
2026-10-06 10:45:38,88.04,0.933,0,none
2026-10-06 10:45:39,88.04,0.867,0,none
2026-10-06 10:45:40,91.39,0.915,0,none
2026-10-06 10:45:41,90.98,1.001,0,none
2026-10-06 10:45:42,89.7,0.961,0,none
2026-10-06 10:45:43,89.85,0.931,0,none
2026-10-06 10:45:44,87.35,1.122,0,none
2026-10-06 10:45:45,90.53,1.033,0,none
2026-10-06 10:45:46,91.14,0.996,0,none
2026-10-06 10:45:47,91.31,1.06,0,none
2026-10-06 10:45:48,90.45,0.9,0,none
2026-10-06 10:45:49,88.63,1.024,0,none
2026-10-06 10:45:50,91.24,1.086,0,none
2026-10-06 10:45:51,91.15,0.989,0,none
2026-10-06 10:45:52,91.43,0.983,0,none
2026-10-06 10:45:53,88.43,0.995,0,none
2026-10-06 10:45:54,87.95,0.915,0,none
2026-10-06 10:45:55,90.04,0.718,0,none
2026-10-06 10:45:56,91.19,0.972,0,none
2026-10-06 10:45:57,91.34,0.908,0,none
2026-10-06 10:45:58,90.62,1.022,0,none
2026-10-06 10:45:59,88.41,1.149,0,none
2026-10-06 10:46:00,89.31,1.028,0,none
2026-10-06 10:46:01,91.53,1.12,0,none
2026-10-06 10:46:02,90.51,1.217,0,none
2026-10-06 10:46:03,89.26,1.048,0,none
2026-10-06 10:46:04,88.65,1.051,0,none
2026-10-06 10:46:05,91.63,0.859,0,none
2026-10-06 10:46:06,89.86,1.04,0,none
2026-10-06 10:46:07,90.76,0.982,0,none
2026-10-06 10:46:08,88.83,0.912,0,none
2026-10-06 10:46:09,88.23,1.107,0,none
2026-10-06 10:46:10,89.51,1.192,0,none
2026-10-06 10:46:11,90.9,0.976,0,none
2026-10-06 10:46:12,89.46,0.989,0,none
2026-10-06 10:46:13,90.92,0.985,0,none
2026-10-06 10:46:14,88.39,1.006,0,none
2026-10-06 10:46:15,90.89,0.954,0,none
2026-10-06 10:46:16,89.92,1.031,0,none
2026-10-06 10:46:17,90.87,0.719,0,none
2026-10-06 10:46:18,89.14,0.921,0,none
2026-10-06 10:46:19,89.73,0.936,0,none
2026-10-06 10:46:20,90.98,1.111,0,none
2026-10-06 10:46:21,91.02,1.122,0,none
2026-10-06 10:46:22,90.81,0.971,0,none
2026-10-06 10:46:23,90.36,0.992,0,none
2026-10-06 10:46:24,89.92,1.065,0,none
2026-10-06 10:46:25,89.95,0.986,0,none
2026-10-06 10:46:26,92.38,0.978,0,none
2026-10-06 10:46:27,91.89,1.074,0,none
2026-10-06 10:46:28,87.58,0.996,0,none
2026-10-06 10:46:29,88.16,1.128,0,none
2026-10-06 10:46:30,90.44,1.018,0,none
2026-10-06 10:46:31,90.21,1.073,0,none
2026-10-06 10:46:32,90.37,0.956,0,none
2026-10-06 10:46:33,90.32,1.111,0,none
2026-10-06 10:46:34,88.91,0.997,0,none
2026-10-06 10:46:35,89.59,0.875,0,none
2026-10-06 10:46:36,90.46,0.839,0,none
2026-10-06 10:46:37,90.81,0.991,0,none
2026-10-06 10:46:38,90.42,0.916,0,none
2026-10-06 10:46:39,89.56,0.998,0,none
2026-10-06 10:46:40,88.07,0.932,0,none
2026-10-06 10:46:41,91.7,1.173,0,none
2026-10-06 10:46:42,90.71,1.015,0,none
2026-10-06 10:46:43,89.85,1.004,0,none
2026-10-06 10:46:44,90.88,0.929,0,none
2026-10-06 10:46:45,91.64,1.109,0,none
2026-10-06 10:46:46,92.26,0.905,0,none
2026-10-06 10:46:47,90.45,0.83,0,none
2026-10-06 10:46:48,88.52,1.047,0,none
2026-10-06 10:46:49,89.32,1.206,0,none
2026-10-06 10:46:50,90.7,0.941,0,none
2026-10-06 10:46:51,91.36,0.967,0,none
2026-10-06 10:46:52,91.52,0.959,0,none
2026-10-06 10:46:53,89.09,0.914,0,none
2026-10-06 10:46:54,87.61,1.141,0,none
2026-10-06 10:46:55,90.23,1.067,0,none
2026-10-06 10:46:56,93.87,0.97,0,none
2026-10-06 10:46:57,89.86,1.03,0,none
2026-10-06 10:46:58,88.8,0.994,0,none
2026-10-06 10:46:59,88.66,0.961,0,none
2026-10-06 10:47:00,89.11,1.03,0,none
2026-10-06 10:47:01,90.77,1.079,0,none
2026-10-06 10:47:02,89.69,1.044,0,none
2026-10-06 10:47:03,89.77,0.975,0,none
2026-10-06 10:47:04,86.58,1.079,0,none
2026-10-06 10:47:05,89.54,1.051,0,none
2026-10-06 10:47:06,91.58,0.963,0,none
2026-10-06 10:47:07,90.09,0.839,0,none
2026-10-06 10:47:08,90.84,1.339,0,none
2026-10-06 10:47:09,89.75,0.974,0,none
2026-10-06 10:47:10,90.11,1.171,0,none
2026-10-06 10:47:11,93.63,1.073,0,none
2026-10-06 10:47:12,89.82,1.022,0,none
2026-10-06 10:47:13,89.27,0.8,0,none
2026-10-06 10:47:14,87.86,0.881,0,none
2026-10-06 10:47:15,90.79,0.872,0,none
2026-10-06 10:47:16,89.96,0.873,0,none
2026-10-06 10:47:17,92.37,1.037,0,none
2026-10-06 10:47:18,90.07,0.941,0,none
2026-10-06 10:47:19,90.88,0.959,0,none
2026-10-06 10:47:20,90.79,1.076,0,none
2026-10-06 10:47:21,90.15,0.896,0,none
2026-10-06 10:47:22,89.98,0.877,0,none
2026-10-06 10:47:23,89.04,1.023,0,none
2026-10-06 10:47:24,87.22,0.874,0,none
2026-10-06 10:47:25,87.99,1.058,0,none
2026-10-06 10:47:26,90.66,1.12,0,none
2026-10-06 10:47:27,90.3,1.119,0,none
2026-10-06 10:47:28,88.81,0.976,0,none
2026-10-06 10:47:29,89.91,0.964,0,none
2026-10-06 10:47:30,89.84,1.082,0,none
2026-10-06 10:47:31,89.86,0.952,0,none
2026-10-06 10:47:32,90.06,0.973,0,none
2026-10-06 10:47:33,89.25,0.954,0,none
2026-10-06 10:47:34,87.95,0.859,0,none
2026-10-06 10:47:35,89.34,0.995,0,none
2026-10-06 10:47:36,92.28,0.904,0,none
2026-10-06 10:47:37,91.64,1.126,0,none
2026-10-06 10:47:38,91.27,0.996,0,none
2026-10-06 10:47:39,88.74,1.035,0,none
2026-10-06 10:47:40,90.44,0.869,0,none
2026-10-06 10:47:41,92.82,1.038,0,none
2026-10-06 10:47:42,90.13,1.002,0,none
2026-10-06 10:47:43,87.16,1.128,0,none
2026-10-06 10:47:44,91.83,1.056,0,none
2026-10-06 10:47:45,90.64,1.14,0,none
2026-10-06 10:47:46,91.74,0.899,0,none
2026-10-06 10:47:47,90.34,0.97,0,none
2026-10-06 10:47:48,89.38,1.108,0,none
2026-10-06 10:47:49,87.7,0.986,0,none
2026-10-06 10:47:50,90.48,0.984,0,none
2026-10-06 10:47:51,91.77,1.012,0,none
2026-10-06 10:47:52,90.78,0.92,0,none
2026-10-06 10:47:53,88.43,1.094,0,none
2026-10-06 10:47:54,90.84,0.929,0,none
2026-10-06 10:47:55,90.03,0.903,0,none
2026-10-06 10:47:56,91.32,0.944,0,none
2026-10-06 10:47:57,91.12,0.959,0,none
2026-10-06 10:47:58,90.14,1.19,0,none
2026-10-06 10:47:59,87.73,1.131,0,none
2026-10-06 10:48:00,90.83,1.077,0,none
2026-10-06 10:48:01,92.46,1.097,0,none
2026-10-06 10:48:02,91.67,1.168,0,none
2026-10-06 10:48:03,90.45,1.009,0,none
2026-10-06 10:48:04,88.51,1.144,0,none
2026-10-06 10:48:05,91.43,0.834,0,none
2026-10-06 10:48:06,91.18,0.865,0,none
2026-10-06 10:48:07,91.6,0.909,0,none
2026-10-06 10:48:08,90.16,1.028,0,none
2026-10-06 10:48:09,89.26,0.867,0,none
2026-10-06 10:48:10,88.14,1.004,0,none
2026-10-06 10:48:11,91.28,0.94,0,none
2026-10-06 10:48:12,91.84,1.003,0,none
2026-10-06 10:48:13,89.6,0.814,0,none
2026-10-06 10:48:14,89.67,1.052,0,none
2026-10-06 10:48:15,89.74,0.94,0,none
2026-10-06 10:48:16,91.13,0.919,0,none
2026-10-06 10:48:17,89.4,0.972,0,none
2026-10-06 10:48:18,89.79,1.059,0,none
2026-10-06 10:48:19,89.68,0.792,0,none
2026-10-06 10:48:20,90.77,0.895,0,none
2026-10-06 10:48:21,91.13,0.954,0,none
2026-10-06 10:48:22,91.18,1.071,0,none
2026-10-06 10:48:23,89.69,0.972,0,none
2026-10-06 10:48:24,89.5,0.876,0,none
2026-10-06 10:48:25,89.88,0.837,0,none
2026-10-06 10:48:26,90.8,0.908,0,none
2026-10-06 10:48:27,89.97,0.877,0,none
2026-10-06 10:48:28,90.32,0.896,0,none
2026-10-06 10:48:29,90.91,1.116,0,none
2026-10-06 10:48:30,91.72,0.942,0,none
2026-10-06 10:48:31,90.63,0.646,0,none
2026-10-06 10:48:32,91.3,0.944,0,none
2026-10-06 10:48:33,91.19,0.97,0,none
2026-10-06 10:48:34,88.6,1.231,0,none
2026-10-06 10:48:35,91.02,0.969,0,none
2026-10-06 10:48:36,92.19,0.979,0,none
2026-10-06 10:48:37,91.59,0.835,0,none
2026-10-06 10:48:38,88.63,0.993,0,none
2026-10-06 10:48:39,88.95,0.825,0,none
2026-10-06 10:48:40,91.41,1.223,0,none
2026-10-06 10:48:41,92.33,1.17,0,none
2026-10-06 10:48:42,91.51,0.79,0,none
2026-10-06 10:48:43,88.45,0.831,0,none
2026-10-06 10:48:44,87.75,0.996,0,none
2026-10-06 10:48:45,91.26,0.806,0,none
2026-10-06 10:48:46,90.45,0.941,0,none
2026-10-06 10:48:47,90.56,1.053,0,none
2026-10-06 10:48:48,90.01,1.132,0,none
2026-10-06 10:48:49,88.45,0.941,0,none
2026-10-06 10:48:50,91.28,1.237,0,none
2026-10-06 10:48:51,91.82,0.995,0,none
2026-10-06 10:48:52,90.06,1.104,0,none
2026-10-06 10:48:53,89.63,1.137,0,none
2026-10-06 10:48:54,87.93,0.947,0,none
2026-10-06 10:48:55,90.48,1.166,0,none
2026-10-06 10:48:56,91.01,1.014,0,none
2026-10-06 10:48:57,89.94,0.846,0,none
2026-10-06 10:48:58,91.11,0.947,0,none
2026-10-06 10:48:59,91.27,1.206,0,none
2026-10-06 10:49:00,89.94,1.072,0,none
2026-10-06 10:49:01,92.56,1.026,0,none
2026-10-06 10:49:02,90.23,0.951,0,none
2026-10-06 10:49:03,89.16,0.967,0,none
2026-10-06 10:49:04,88.02,1.174,0,none
2026-10-06 10:49:05,90.09,1.006,0,none
2026-10-06 10:49:06,91.39,1.117,0,none
2026-10-06 10:49:07,92.78,1.001,0,none
2026-10-06 10:49:08,89.21,1.046,0,none
2026-10-06 10:49:09,88.66,1.019,0,none
2026-10-06 10:49:10,90.88,1.063,0,none
2026-10-06 10:49:11,89.36,0.994,0,none
2026-10-06 10:49:12,90.93,1.007,0,none
2026-10-06 10:49:13,90.79,1.042,0,none
2026-10-06 10:49:14,90.73,1.08,0,none
2026-10-06 10:49:15,90.68,0.94,0,none
2026-10-06 10:49:16,91.94,0.96,0,none
2026-10-06 10:49:17,89.89,1.221,0,none
2026-10-06 10:49:18,90.14,0.893,0,none
2026-10-06 10:49:19,88.89,1.024,0,none
2026-10-06 10:49:20,88.31,1.114,0,none
2026-10-06 10:49:21,92.5,1.034,0,none
2026-10-06 10:49:22,91.21,0.96,0,none
2026-10-06 10:49:23,90.42,0.977,0,none
2026-10-06 10:49:24,90.68,1.037,0,none
2026-10-06 10:49:25,90.92,0.937,0,none
2026-10-06 10:49:26,91.3,0.867,0,none
2026-10-06 10:49:27,90.52,0.9,0,none
2026-10-06 10:49:28,90.4,1.103,0,none
2026-10-06 10:49:29,90.64,1.021,0,none
2026-10-06 10:49:30,91.78,0.976,0,none
2026-10-06 10:49:31,92.76,0.949,0,none
2026-10-06 10:49:32,93.78,1.035,0,none
2026-10-06 10:49:33,91.49,0.986,0,none
2026-10-06 10:49:34,89.99,1.02,0,none
2026-10-06 10:49:35,90.96,1.028,0,none
2026-10-06 10:49:36,92.62,1.016,0,none
2026-10-06 10:49:37,92.14,0.917,0,none
2026-10-06 10:49:38,88.45,1.023,0,none
2026-10-06 10:49:39,88.85,0.911,0,none
2026-10-06 10:49:40,92.24,1.043,0,none
2026-10-06 10:49:41,92.65,1.064,0,none
2026-10-06 10:49:42,90.57,1.071,0,none
2026-10-06 10:49:43,91.6,0.783,0,none
2026-10-06 10:49:44,90.77,0.985,0,none
2026-10-06 10:49:45,90.33,0.881,0,none
2026-10-06 10:49:46,91.65,0.826,0,none
2026-10-06 10:49:47,92.27,1.111,0,none
2026-10-06 10:49:48,87.92,1.035,0,none
2026-10-06 10:49:49,88.9,1.119,0,none
2026-10-06 10:49:50,90.52,1.066,0,none
2026-10-06 10:49:51,90.81,0.926,0,none
2026-10-06 10:49:52,91.23,0.942,0,none
2026-10-06 10:49:53,90.76,1.04,0,none
2026-10-06 10:49:54,89.07,1.056,0,none
2026-10-06 10:49:55,89.36,1.011,0,none
2026-10-06 10:49:56,90.34,0.897,0,none
2026-10-06 10:49:57,90.76,0.805,0,none
2026-10-06 10:49:58,92.02,1.007,0,none
2026-10-06 10:49:59,90.82,1.02,0,none
2026-10-06 10:50:00,90.81,1.185,0,none
2026-10-06 10:50:01,91.4,1.094,0,none
2026-10-06 10:50:02,89.93,0.984,0,none
2026-10-06 10:50:03,89.36,1.159,0,none
2026-10-06 10:50:04,90.81,1.121,0,none
2026-10-06 10:50:05,89.21,1.01,0,none
2026-10-06 10:50:06,91.81,0.914,0,none
2026-10-06 10:50:07,89.51,1.05,0,none
2026-10-06 10:50:08,88.55,0.858,0,none
2026-10-06 10:50:09,89.46,0.911,0,none
2026-10-06 10:50:10,89.55,1.129,0,none
2026-10-06 10:50:11,90.44,1.133,0,none
2026-10-06 10:50:12,91.59,0.997,0,none
2026-10-06 10:50:13,90.87,1.017,0,none
2026-10-06 10:50:14,89.31,1.038,0,none
2026-10-06 10:50:15,91.95,0.938,0,none
2026-10-06 10:50:16,92.58,1.102,0,none
2026-10-06 10:50:17,91.65,1.013,0,none
2026-10-06 10:50:18,90.2,1.076,0,none
2026-10-06 10:50:19,88.87,1.125,0,none
2026-10-06 10:50:20,90.11,1.066,0,none
2026-10-06 10:50:21,91.4,0.91,0,none
2026-10-06 10:50:22,90.78,0.845,0,none
2026-10-06 10:50:23,90.84,0.969,0,none
2026-10-06 10:50:24,88.16,0.981,0,none
2026-10-06 10:50:25,89.6,1.042,0,none
2026-10-06 10:50:26,92.01,1.211,0,none
2026-10-06 10:50:27,91.53,0.915,0,none
2026-10-06 10:50:28,89.54,1.029,0,none
2026-10-06 10:50:29,89.54,0.953,0,none
2026-10-06 10:50:30,90.35,1.126,0,none
2026-10-06 10:50:31,92.98,1.083,0,none
2026-10-06 10:50:32,90.52,1.053,0,none
2026-10-06 10:50:33,90.13,0.932,0,none
2026-10-06 10:50:34,89.07,0.963,0,none
2026-10-06 10:50:35,88.54,1.045,0,none
2026-10-06 10:50:36,89.25,1.036,0,none
2026-10-06 10:50:37,89.27,0.966,0,none
2026-10-06 10:50:38,89.83,0.818,0,none
2026-10-06 10:50:39,87.67,0.856,0,none
2026-10-06 10:50:40,91.5,1.017,0,none
2026-10-06 10:50:41,91.73,0.826,0,none
2026-10-06 10:50:42,91.9,0.919,0,none
2026-10-06 10:50:43,89.5,1.024,0,none
2026-10-06 10:50:44,89.79,0.975,0,none
2026-10-06 10:50:45,91.29,1.032,0,none
2026-10-06 10:50:46,92.33,0.75,0,none
2026-10-06 10:50:47,90.38,0.984,0,none
2026-10-06 10:50:48,90.03,0.98,0,none
2026-10-06 10:50:49,88.41,0.946,0,none
2026-10-06 10:50:50,90.59,0.942,0,none
2026-10-06 10:50:51,90.82,0.908,0,none
2026-10-06 10:50:52,91.27,1.174,0,none
2026-10-06 10:50:53,90.13,0.724,0,none
2026-10-06 10:50:54,88.82,1.048,0,none
2026-10-06 10:50:55,88.35,1.065,0,none
2026-10-06 10:50:56,92.56,1.092,0,none
2026-10-06 10:50:57,92.29,1.007,0,none
2026-10-06 10:50:58,92.37,1.126,0,none
2026-10-06 10:50:59,88.59,1.052,0,none
2026-10-06 10:51:00,90.41,0.987,0,none
2026-10-06 10:51:01,91.84,0.959,0,none
2026-10-06 10:51:02,91.69,1.017,0,none
2026-10-06 10:51:03,91.17,1.131,0,none
2026-10-06 10:51:04,89.32,1.004,0,none
2026-10-06 10:51:05,89.15,1.062,0,none
2026-10-06 10:51:06,91.7,1.001,0,none
2026-10-06 10:51:07,90.26,0.906,0,none
2026-10-06 10:51:08,90.19,0.86,0,none
2026-10-06 10:51:09,89.1,1.228,0,none
2026-10-06 10:51:10,90.0,1.022,0,none
2026-10-06 10:51:11,91.93,0.869,0,none
2026-10-06 10:51:12,93.09,1.143,0,none
2026-10-06 10:51:13,90.57,1.152,0,none
2026-10-06 10:51:14,88.85,0.906,0,none
2026-10-06 10:51:15,89.72,0.998,0,none
2026-10-06 10:51:16,91.26,1.049,0,none
2026-10-06 10:51:17,93.59,0.924,0,none
2026-10-06 10:51:18,90.69,0.932,0,none
2026-10-06 10:51:19,89.53,1.122,0,none
2026-10-06 10:51:20,90.43,0.955,0,none
2026-10-06 10:51:21,91.59,1.022,0,none
2026-10-06 10:51:22,90.35,1.256,0,none
2026-10-06 10:51:23,89.35,0.925,0,none
2026-10-06 10:51:24,90.36,0.853,0,none
2026-10-06 10:51:25,92.99,0.911,0,none
2026-10-06 10:51:26,93.16,0.82,0,none
2026-10-06 10:51:27,91.51,0.904,0,none
2026-10-06 10:51:28,88.33,1.123,0,none
2026-10-06 10:51:29,90.78,0.915,0,none
2026-10-06 10:51:30,91.94,0.999,0,none
2026-10-06 10:51:31,92.22,0.997,0,none
2026-10-06 10:51:32,89.74,0.974,0,none
2026-10-06 10:51:33,88.61,0.925,0,none
2026-10-06 10:51:34,90.12,1.021,0,none
2026-10-06 10:51:35,90.07,1.035,0,none
2026-10-06 10:51:36,91.73,0.99,0,none
2026-10-06 10:51:37,90.35,0.957,0,none
2026-10-06 10:51:38,89.93,0.952,0,none
2026-10-06 10:51:39,90.6,0.879,0,none
2026-10-06 10:51:40,90.86,0.982,0,none
2026-10-06 10:51:41,91.9,1.183,0,none
2026-10-06 10:51:42,91.83,0.946,0,none
2026-10-06 10:51:43,89.57,0.813,0,none
2026-10-06 10:51:44,90.06,0.93,0,none
2026-10-06 10:51:45,92.44,0.898,0,none
2026-10-06 10:51:46,92.87,1.198,0,none
2026-10-06 10:51:47,90.82,0.991,0,none
2026-10-06 10:51:48,88.45,0.94,0,none
2026-10-06 10:51:49,90.72,0.951,0,none
2026-10-06 10:51:50,91.94,0.929,0,none
2026-10-06 10:51:51,91.62,0.982,0,none
2026-10-06 10:51:52,88.23,1.203,0,none
2026-10-06 10:51:53,88.96,0.892,0,none
2026-10-06 10:51:54,88.88,0.823,0,none
2026-10-06 10:51:55,91.87,1.011,0,none
2026-10-06 10:51:56,90.8,0.865,0,none
2026-10-06 10:51:57,90.52,1.082,0,none
2026-10-06 10:51:58,89.08,1.05,0,none
2026-10-06 10:51:59,88.24,0.879,0,none
2026-10-06 10:52:00,90.39,0.895,0,none
2026-10-06 10:52:01,92.33,0.873,0,none
2026-10-06 10:52:02,91.42,1.06,0,none
2026-10-06 10:52:03,89.75,0.866,0,none
2026-10-06 10:52:04,89.44,1.016,0,none
2026-10-06 10:52:05,91.26,1.05,0,none
2026-10-06 10:52:06,90.6,1.08,0,none
2026-10-06 10:52:07,92.8,1.062,0,none
2026-10-06 10:52:08,89.51,0.989,0,none
2026-10-06 10:52:09,89.65,0.989,0,none
2026-10-06 10:52:10,90.15,1.119,0,none
2026-10-06 10:52:11,92.37,0.827,0,none
2026-10-06 10:52:12,90.21,0.954,0,none
2026-10-06 10:52:13,90.02,0.997,0,none
2026-10-06 10:52:14,90.31,1.071,0,none
2026-10-06 10:52:15,91.36,0.882,0,none
2026-10-06 10:52:16,94.05,0.894,0,none
2026-10-06 10:52:17,91.73,1.097,0,none
2026-10-06 10:52:18,90.26,0.935,0,none
2026-10-06 10:52:19,89.54,1.004,0,none
2026-10-06 10:52:20,89.86,0.951,0,none
2026-10-06 10:52:21,93.39,0.99,0,none
2026-10-06 10:52:22,92.96,0.896,0,none
2026-10-06 10:52:23,88.28,1.063,0,none
2026-10-06 10:52:24,86.84,0.936,0,none
2026-10-06 10:52:25,89.05,0.975,0,none
2026-10-06 10:52:26,86.58,0.885,0,none
2026-10-06 10:52:27,84.01,1.079,0,none
2026-10-06 10:52:28,81.88,0.886,0,none
2026-10-06 10:52:29,80.0,0.954,0,none
2026-10-06 10:52:30,80.73,1.036,0,none
2026-10-06 10:52:31,80.18,0.948,0,none
2026-10-06 10:52:32,79.2,0.926,0,none
2026-10-06 10:52:33,75.77,0.967,0,none
2026-10-06 10:52:34,74.65,1.125,0,none
2026-10-06 10:52:35,73.15,0.938,0,none
2026-10-06 10:52:36,75.44,0.981,0,none
2026-10-06 10:52:37,72.56,0.99,0,none
2026-10-06 10:52:38,69.29,1.138,0,none
2026-10-06 10:52:39,68.88,0.955,0,none
2026-10-06 10:52:40,67.94,1.031,0,none
2026-10-06 10:52:41,68.59,1.014,0,none
2026-10-06 10:52:42,66.44,0.063,0,none
2026-10-06 10:52:43,64.76,0.072,0,none
2026-10-06 10:52:44,64.87,0.052,0,none
2026-10-06 10:52:45,66.21,0.078,0,none
2026-10-06 10:52:46,67.95,0.075,0,none
2026-10-06 10:52:47,68.02,0.105,0,none
2026-10-06 10:52:48,66.45,0.067,0,none
2026-10-06 10:52:49,64.37,0.053,0,none
2026-10-06 10:52:50,65.16,0.09,0,none
2026-10-06 10:52:51,67.02,0.1,0,none
2026-10-06 10:52:52,66.25,0.055,0,none
2026-10-06 10:52:53,64.76,0.067,0,none
2026-10-06 10:52:54,63.58,0.135,0,none
2026-10-06 10:52:55,66.24,0.071,0,none
2026-10-06 10:52:56,68.21,0.056,0,none
2026-10-06 10:52:57,67.72,0.05,0,none
2026-10-06 10:52:58,65.16,0.051,0,none
2026-10-06 10:52:59,65.16,0.088,0,none
2026-10-06 10:53:00,65.52,0.071,0,none
2026-10-06 10:53:01,66.82,0.082,0,none
2026-10-06 10:53:02,66.05,0.075,0,none
2026-10-06 10:53:03,64.84,0.092,0,none
2026-10-06 10:53:04,63.4,0.056,0,none
2026-10-06 10:53:05,65.7,0.053,0,none
2026-10-06 10:53:06,66.93,0.059,0,none
2026-10-06 10:53:07,67.14,0.077,0,none
2026-10-06 10:53:08,66.01,0.107,0,none
2026-10-06 10:53:09,65.88,0.068,0,none
2026-10-06 10:53:10,67.0,0.093,0,none
2026-10-06 10:53:11,68.05,0.071,0,none
2026-10-06 10:53:12,67.81,0.058,0,none
2026-10-06 10:53:13,65.36,0.072,0,none
2026-10-06 10:53:14,64.23,0.099,0,none
2026-10-06 10:53:15,67.11,0.067,0,none
2026-10-06 10:53:16,68.14,0.077,0,none
2026-10-06 10:53:17,68.09,0.103,0,none
2026-10-06 10:53:18,64.8,0.075,0,none
2026-10-06 10:53:19,65.38,0.069,0,none
2026-10-06 10:53:20,65.91,0.099,0,none
2026-10-06 10:53:21,65.85,0.054,0,none
2026-10-06 10:53:22,66.62,0.109,0,none
2026-10-06 10:53:23,64.15,0.1,0,none
2026-10-06 10:53:24,67.19,0.096,0,none
2026-10-06 10:53:25,65.33,0.096,0,none
2026-10-06 10:53:26,65.39,0.073,0,none
2026-10-06 10:53:27,66.41,0.072,0,none
2026-10-06 10:53:28,64.91,0.07,0,none
2026-10-06 10:53:29,65.63,0.068,0,none
2026-10-06 10:53:30,68.26,0.079,0,none
2026-10-06 10:53:31,67.04,0.069,0,none
2026-10-06 10:53:32,66.31,0.053,0,none
2026-10-06 10:53:33,66.86,0.09,0,none
2026-10-06 10:53:34,63.04,0.073,0,none
2026-10-06 10:53:35,66.14,0.058,0,none
2026-10-06 10:53:36,67.2,0.065,0,none
2026-10-06 10:53:37,66.79,0.08,0,none
2026-10-06 10:53:38,65.99,0.085,0,none
2026-10-06 10:53:39,65.88,0.089,0,none
2026-10-06 10:53:40,64.7,0.073,0,none
2026-10-06 10:53:41,68.77,0.095,0,none
2026-10-06 10:53:42,66.29,0.074,0,none
2026-10-06 10:53:43,64.42,0.098,0,none
2026-10-06 10:53:44,63.8,0.077,0,none
2026-10-06 10:53:45,64.71,0.076,0,none
2026-10-06 10:53:46,68.4,0.057,0,none
2026-10-06 10:53:47,66.28,0.064,0,none
2026-10-06 10:53:48,64.78,0.057,0,none
2026-10-06 10:53:49,63.63,0.055,0,none
2026-10-06 10:53:50,66.09,0.069,0,none
2026-10-06 10:53:51,66.97,0.051,0,none
2026-10-06 10:53:52,68.27,0.066,0,none
2026-10-06 10:53:53,67.85,0.071,0,none
2026-10-06 10:53:54,64.76,0.051,0,none
2026-10-06 10:53:55,64.49,0.052,0,none
2026-10-06 10:53:56,66.52,0.064,0,none
2026-10-06 10:53:57,66.49,0.065,0,none
2026-10-06 10:53:58,65.32,0.055,0,none
2026-10-06 10:53:59,64.88,0.056,0,none
2026-10-06 10:54:00,65.47,0.077,0,none
2026-10-06 10:54:01,67.32,0.076,0,none
2026-10-06 10:54:02,68.42,0.081,0,none
2026-10-06 10:54:03,66.22,0.058,0,none
2026-10-06 10:54:04,62.74,0.078,0,none
2026-10-06 10:54:05,66.29,0.082,0,none
2026-10-06 10:54:06,65.31,0.068,0,none
2026-10-06 10:54:07,65.76,0.068,0,none
2026-10-06 10:54:08,66.27,0.059,0,none
2026-10-06 10:54:09,64.91,0.083,0,none
2026-10-06 10:54:10,65.83,0.061,0,none
2026-10-06 10:54:11,68.06,0.062,0,none
2026-10-06 10:54:12,66.84,0.098,0,none
2026-10-06 10:54:13,65.48,0.088,0,none
2026-10-06 10:54:14,65.59,0.077,0,none
2026-10-06 10:54:15,64.38,0.092,0,none
2026-10-06 10:54:16,66.27,0.051,0,none
2026-10-06 10:54:17,67.0,0.159,0,none
2026-10-06 10:54:18,62.86,0.079,0,none
2026-10-06 10:54:19,63.96,0.093,0,none
2026-10-06 10:54:20,65.17,0.101,0,none
2026-10-06 10:54:21,67.99,0.103,0,none
2026-10-06 10:54:22,65.24,0.063,0,none
2026-10-06 10:54:23,68.17,0.096,0,none
2026-10-06 10:54:24,64.57,0.051,0,none
2026-10-06 10:54:25,66.42,0.065,0,none
2026-10-06 10:54:26,67.93,0.06,0,none
2026-10-06 10:54:27,67.79,0.057,0,none
2026-10-06 10:54:28,62.85,0.11,0,none
2026-10-06 10:54:29,65.98,0.056,0,none
2026-10-06 10:54:30,65.42,0.119,0,none
2026-10-06 10:54:31,68.23,0.053,0,none
2026-10-06 10:54:32,66.28,0.059,0,none
2026-10-06 10:54:33,66.6,0.08,0,none
2026-10-06 10:54:34,63.43,0.07,0,none
2026-10-06 10:54:35,67.07,0.058,0,none
2026-10-06 10:54:36,67.29,0.054,0,none
2026-10-06 10:54:37,66.86,0.055,0,none
2026-10-06 10:54:38,64.32,0.076,0,none
2026-10-06 10:54:39,64.3,0.062,0,none
2026-10-06 10:54:40,66.59,0.114,0,none
2026-10-06 10:54:41,67.73,0.062,0,none
2026-10-06 10:54:42,66.45,0.099,0,none
2026-10-06 10:54:43,66.39,0.055,0,none
2026-10-06 10:54:44,64.43,0.112,0,none
2026-10-06 10:54:45,65.96,0.052,0,none
2026-10-06 10:54:46,69.17,0.051,0,none
2026-10-06 10:54:47,65.91,0.068,0,none
2026-10-06 10:54:48,65.66,0.055,0,none
2026-10-06 10:54:49,65.6,0.058,0,none
2026-10-06 10:54:50,65.91,0.072,0,none
2026-10-06 10:54:51,67.52,0.064,0,none
2026-10-06 10:54:52,66.49,0.053,0,none
2026-10-06 10:54:53,65.84,0.051,0,none
2026-10-06 10:54:54,64.92,0.055,0,none
2026-10-06 10:54:55,65.43,0.106,0,none
2026-10-06 10:54:56,67.51,0.081,0,none
2026-10-06 10:54:57,66.3,0.067,0,none
2026-10-06 10:54:58,64.55,0.071,0,none
2026-10-06 10:54:59,65.11,0.069,0,none
2026-10-06 10:55:00,64.04,0.07,0,none
2026-10-06 10:55:01,66.1,0.065,0,none
2026-10-06 10:55:02,65.63,0.056,0,none
2026-10-06 10:55:03,65.04,0.051,0,none
2026-10-06 10:55:04,64.61,0.092,0,none
2026-10-06 10:55:05,65.35,0.094,0,none
2026-10-06 10:55:06,68.41,0.055,0,none
2026-10-06 10:55:07,67.69,0.063,0,none
2026-10-06 10:55:08,64.79,0.088,0,none
2026-10-06 10:55:09,64.35,0.067,0,none
2026-10-06 10:55:10,66.78,0.105,0,none
2026-10-06 10:55:11,67.11,0.058,0,none
2026-10-06 10:55:12,67.8,0.087,0,none
2026-10-06 10:55:13,64.43,0.079,0,none
2026-10-06 10:55:14,65.65,0.067,0,none
2026-10-06 10:55:15,66.43,0.074,0,none
2026-10-06 10:55:16,68.58,0.09,0,none
2026-10-06 10:55:17,66.93,0.075,0,none
2026-10-06 10:55:18,65.15,0.104,0,none
2026-10-06 10:55:19,64.07,0.101,0,none
2026-10-06 10:55:20,65.76,0.05,0,none
2026-10-06 10:55:21,66.47,0.065,0,none
2026-10-06 10:55:22,67.9,0.089,0,none
2026-10-06 10:55:23,64.37,0.096,0,none
2026-10-06 10:55:24,64.22,0.092,0,none
2026-10-06 10:55:25,64.14,0.067,0,none
2026-10-06 10:55:26,65.14,0.079,0,none
2026-10-06 10:55:27,65.13,0.071,0,none
2026-10-06 10:55:28,65.48,0.053,0,none
2026-10-06 10:55:29,65.88,0.064,0,none
2026-10-06 10:55:30,66.2,0.06,0,none
2026-10-06 10:55:31,65.94,0.078,0,none
2026-10-06 10:55:32,65.93,0.056,0,none
2026-10-06 10:55:33,64.96,0.056,0,none
2026-10-06 10:55:34,65.96,0.087,0,none
2026-10-06 10:55:35,65.98,0.066,0,none
2026-10-06 10:55:36,66.97,0.052,0,none
2026-10-06 10:55:37,65.38,0.097,0,none
2026-10-06 10:55:38,122.19,0.081,1,spike
2026-10-06 10:55:39,122.52,0.078,1,spike
2026-10-06 10:55:40,124.09,0.05,1,spike
2026-10-06 10:55:41,125.63,0.07,1,spike
2026-10-06 10:55:42,124.49,0.053,1,spike
2026-10-06 10:55:43,120.63,0.075,1,spike
2026-10-06 10:55:44,122.32,0.098,1,spike
2026-10-06 10:55:45,123.17,0.078,1,spike
2026-10-06 10:55:46,125.42,0.093,1,spike
2026-10-06 10:55:47,66.57,0.072,0,none
2026-10-06 10:55:48,65.61,0.089,0,none
2026-10-06 10:55:49,64.59,0.067,0,none
2026-10-06 10:55:50,66.24,0.058,0,none
2026-10-06 10:55:51,68.15,0.065,0,none
2026-10-06 10:55:52,67.24,0.076,0,none
2026-10-06 10:55:53,64.37,0.068,0,none
2026-10-06 10:55:54,64.93,0.079,0,none
2026-10-06 10:55:55,64.54,0.051,0,none
2026-10-06 10:55:56,67.05,0.069,0,none
2026-10-06 10:55:57,67.25,0.109,0,none
2026-10-06 10:55:58,66.09,0.07,0,none
2026-10-06 10:55:59,63.76,0.051,0,none
2026-10-06 10:56:00,65.98,0.057,0,none
2026-10-06 10:56:01,67.09,0.103,0,none
2026-10-06 10:56:02,66.54,0.056,0,none
2026-10-06 10:56:03,65.16,0.054,0,none
2026-10-06 10:56:04,66.18,0.058,0,none
2026-10-06 10:56:05,64.74,0.051,0,none
2026-10-06 10:56:06,65.86,0.061,0,none
2026-10-06 10:56:07,66.77,0.084,0,none
2026-10-06 10:56:08,64.23,0.075,0,none
2026-10-06 10:56:09,65.22,0.085,0,none
2026-10-06 10:56:10,65.29,0.076,0,none
2026-10-06 10:56:11,68.91,0.058,0,none
2026-10-06 10:56:12,64.69,0.07,0,none
2026-10-06 10:56:13,66.36,0.054,0,none
2026-10-06 10:56:14,64.6,0.059,0,none
2026-10-06 10:56:15,63.78,0.086,0,none
2026-10-06 10:56:16,65.83,0.051,0,none
2026-10-06 10:56:17,67.16,0.077,0,none
2026-10-06 10:56:18,64.44,0.063,0,none
2026-10-06 10:56:19,63.47,0.084,0,none
2026-10-06 10:56:20,66.3,0.059,0,none
2026-10-06 10:56:21,68.17,0.061,0,none
2026-10-06 10:56:22,66.57,0.092,0,none
2026-10-06 10:56:23,64.95,0.086,0,none
2026-10-06 10:56:24,65.45,0.069,0,none
2026-10-06 10:56:25,65.27,0.056,0,none
2026-10-06 10:56:26,67.18,0.087,0,none
2026-10-06 10:56:27,67.35,0.064,0,none
2026-10-06 10:56:28,65.33,0.079,0,none
2026-10-06 10:56:29,63.17,0.078,0,none
2026-10-06 10:56:30,65.58,0.082,0,none
2026-10-06 10:56:31,67.23,0.066,0,none
2026-10-06 10:56:32,66.38,0.068,0,none
2026-10-06 10:56:33,65.23,0.112,0,none
2026-10-06 10:56:34,65.74,0.055,0,none
2026-10-06 10:56:35,65.83,0.078,0,none
2026-10-06 10:56:36,67.21,0.111,0,none
2026-10-06 10:56:37,68.84,0.078,0,none
2026-10-06 10:56:38,64.2,0.072,0,none
2026-10-06 10:56:39,64.62,0.083,0,none
2026-10-06 10:56:40,64.36,0.088,0,none
2026-10-06 10:56:41,67.32,0.075,0,none
2026-10-06 10:56:42,66.38,0.051,0,none
2026-10-06 10:56:43,66.33,0.068,0,none
2026-10-06 10:56:44,64.27,0.059,0,none
2026-10-06 10:56:45,66.45,0.104,0,none
2026-10-06 10:56:46,67.19,0.071,0,none
2026-10-06 10:56:47,66.66,0.075,0,none
2026-10-06 10:56:48,65.27,0.084,0,none
2026-10-06 10:56:49,66.1,0.073,0,none
2026-10-06 10:56:50,64.6,0.071,0,none
2026-10-06 10:56:51,66.94,0.06,0,none
2026-10-06 10:56:52,67.75,0.078,0,none
2026-10-06 10:56:53,64.1,0.051,0,none
2026-10-06 10:56:54,64.94,0.066,0,none
2026-10-06 10:56:55,66.34,0.065,0,none
2026-10-06 10:56:56,68.3,0.071,0,none
2026-10-06 10:56:57,66.95,0.113,0,none
2026-10-06 10:56:58,66.17,0.07,0,none
2026-10-06 10:56:59,64.64,0.063,0,none
2026-10-06 10:57:00,65.19,0.078,0,none
2026-10-06 10:57:01,66.55,0.062,0,none
2026-10-06 10:57:02,66.89,0.056,0,none
2026-10-06 10:57:03,64.55,0.082,0,none
2026-10-06 10:57:04,64.72,0.086,0,none
2026-10-06 10:57:05,64.2,0.064,0,none
2026-10-06 10:57:06,67.89,0.065,0,none
2026-10-06 10:57:07,65.11,0.059,0,none
2026-10-06 10:57:08,65.52,0.064,0,none
2026-10-06 10:57:09,64.46,0.062,0,none
2026-10-06 10:57:10,66.51,0.051,0,none
2026-10-06 10:57:11,66.33,0.06,0,none
2026-10-06 10:57:12,66.53,0.053,0,none
2026-10-06 10:57:13,64.14,0.054,0,none
2026-10-06 10:57:14,65.05,0.071,0,none
2026-10-06 10:57:15,65.21,0.063,0,none
2026-10-06 10:57:16,67.32,0.086,0,none
2026-10-06 10:57:17,67.16,0.063,0,none
2026-10-06 10:57:18,64.68,0.067,0,none
2026-10-06 10:57:19,63.33,0.07,0,none
2026-10-06 10:57:20,65.78,0.054,0,none
2026-10-06 10:57:21,65.63,0.075,0,none
2026-10-06 10:57:22,65.62,0.076,0,none
2026-10-06 10:57:23,65.49,0.072,0,none
2026-10-06 10:57:24,64.53,0.064,0,none
2026-10-06 10:57:25,63.77,0.085,0,none
2026-10-06 10:57:26,65.9,0.082,0,none
2026-10-06 10:57:27,66.14,0.093,0,none
2026-10-06 10:57:28,63.66,0.071,0,none
2026-10-06 10:57:29,64.47,0.062,0,none
2026-10-06 10:57:30,65.72,0.061,0,none
2026-10-06 10:57:31,65.62,0.06,0,none
2026-10-06 10:57:32,67.96,0.069,0,none
2026-10-06 10:57:33,64.55,0.088,0,none
2026-10-06 10:57:34,65.38,0.121,0,none
2026-10-06 10:57:35,64.77,0.054,0,none
2026-10-06 10:57:36,66.2,0.067,0,none
2026-10-06 10:57:37,66.89,0.067,0,none
2026-10-06 10:57:38,65.8,0.105,0,none
2026-10-06 10:57:39,65.55,0.062,0,none
2026-10-06 10:57:40,64.78,0.052,0,none
2026-10-06 10:57:41,67.95,0.086,0,none
2026-10-06 10:57:42,66.21,0.054,0,none
2026-10-06 10:57:43,64.96,0.068,0,none
2026-10-06 10:57:44,63.28,0.088,0,none
2026-10-06 10:57:45,65.26,0.07,0,none
2026-10-06 10:57:46,68.16,0.051,0,none
2026-10-06 10:57:47,65.99,0.099,0,none
2026-10-06 10:57:48,66.03,0.084,0,none
2026-10-06 10:57:49,65.24,0.054,0,none
2026-10-06 10:57:50,65.42,0.058,0,none
2026-10-06 10:57:51,66.34,0.054,0,none
2026-10-06 10:57:52,67.38,0.068,0,none
2026-10-06 10:57:53,64.67,0.087,0,none
2026-10-06 10:57:54,0.0,0.053,1,dropout
2026-10-06 10:57:55,0.0,0.062,1,dropout
2026-10-06 10:57:56,0.0,0.076,1,dropout
2026-10-06 10:57:57,0.0,0.097,1,dropout
2026-10-06 10:57:58,0.0,0.07,1,dropout
2026-10-06 10:57:59,0.0,0.051,1,dropout
2026-10-06 10:58:00,0.0,0.068,1,dropout
2026-10-06 10:58:01,0.0,0.091,1,dropout
2026-10-06 10:58:02,0.0,0.056,1,dropout
2026-10-06 10:58:03,0.0,0.104,1,dropout
2026-10-06 10:58:04,0.0,0.089,1,dropout
2026-10-06 10:58:05,0.0,0.068,1,dropout
2026-10-06 10:58:06,66.69,0.067,0,none
2026-10-06 10:58:07,66.76,0.096,0,none
2026-10-06 10:58:08,65.74,0.07,0,none
2026-10-06 10:58:09,64.15,0.071,0,none
2026-10-06 10:58:10,66.66,0.088,0,none
2026-10-06 10:58:11,64.31,0.087,0,none
2026-10-06 10:58:12,64.8,0.082,0,none
2026-10-06 10:58:13,63.36,0.056,0,none
2026-10-06 10:58:14,63.75,0.057,0,none
2026-10-06 10:58:15,64.35,0.057,0,none
2026-10-06 10:58:16,68.25,0.058,0,none
2026-10-06 10:58:17,65.24,0.066,0,none
2026-10-06 10:58:18,64.76,0.095,0,none
2026-10-06 10:58:19,63.21,0.082,0,none
2026-10-06 10:58:20,64.81,0.079,0,none
2026-10-06 10:58:21,65.58,0.061,0,none
2026-10-06 10:58:22,65.78,0.115,0,none
2026-10-06 10:58:23,64.42,0.07,0,none
2026-10-06 10:58:24,62.92,0.083,0,none
2026-10-06 10:58:25,65.79,0.075,0,none
2026-10-06 10:58:26,65.7,0.087,0,none
2026-10-06 10:58:27,65.94,0.099,0,none
2026-10-06 10:58:28,65.48,0.061,0,none
2026-10-06 10:58:29,64.95,0.072,0,none
2026-10-06 10:58:30,66.35,0.059,0,none
2026-10-06 10:58:31,66.14,0.076,0,none
2026-10-06 10:58:32,66.33,0.08,0,none
2026-10-06 10:58:33,63.95,0.055,0,none
2026-10-06 10:58:34,63.18,0.052,0,none
2026-10-06 10:58:35,64.12,0.056,0,none
2026-10-06 10:58:36,67.91,0.057,0,none
2026-10-06 10:58:37,64.93,0.15,0,none
2026-10-06 10:58:38,64.07,0.095,0,none
2026-10-06 10:58:39,65.21,0.054,0,none
2026-10-06 10:58:40,65.08,0.143,0,none
2026-10-06 10:58:41,66.67,0.067,0,none
2026-10-06 10:58:42,65.35,0.066,0,none
2026-10-06 10:58:43,64.85,0.084,0,none
2026-10-06 10:58:44,64.32,0.106,0,none
2026-10-06 10:58:45,65.43,0.105,0,none
2026-10-06 10:58:46,66.08,0.073,0,none
2026-10-06 10:58:47,66.13,0.054,0,none
2026-10-06 10:58:48,62.23,0.093,0,none
2026-10-06 10:58:49,64.45,0.058,0,none
2026-10-06 10:58:50,65.81,0.082,0,none
2026-10-06 10:58:51,67.44,0.065,0,none
2026-10-06 10:58:52,65.65,0.062,0,none
2026-10-06 10:58:53,65.43,0.059,0,none
2026-10-06 10:58:54,64.63,0.083,0,none
2026-10-06 10:58:55,66.81,0.063,0,none
2026-10-06 10:58:56,66.79,0.104,0,none
2026-10-06 10:58:57,64.8,0.074,0,none
2026-10-06 10:58:58,64.22,0.052,0,none
2026-10-06 10:58:59,63.8,0.076,0,none
2026-10-06 10:59:00,65.42,0.06,0,none
2026-10-06 10:59:01,65.41,0.111,0,none
2026-10-06 10:59:02,66.36,0.074,0,none
2026-10-06 10:59:03,62.77,0.079,0,none
2026-10-06 10:59:04,64.29,0.057,0,none
2026-10-06 10:59:05,66.56,0.084,0,none
2026-10-06 10:59:06,66.0,0.075,0,none
2026-10-06 10:59:07,64.66,0.07,0,none
2026-10-06 10:59:08,64.37,0.077,0,none
2026-10-06 10:59:09,63.37,0.055,0,none
2026-10-06 10:59:10,65.22,0.058,0,none
2026-10-06 10:59:11,65.8,0.097,0,none
2026-10-06 10:59:12,66.51,0.062,0,none
2026-10-06 10:59:13,64.95,0.057,0,none
2026-10-06 10:59:14,65.04,0.106,0,none
2026-10-06 10:59:15,64.97,0.065,0,none
2026-10-06 10:59:16,64.29,0.086,0,none
2026-10-06 10:59:17,63.93,0.091,0,none
2026-10-06 10:59:18,66.4,0.108,0,none
2026-10-06 10:59:19,64.12,0.069,0,none
2026-10-06 10:59:20,65.09,0.067,0,none
2026-10-06 10:59:21,66.9,0.096,0,none
2026-10-06 10:59:22,67.09,0.078,0,none
2026-10-06 10:59:23,64.93,0.06,0,none
2026-10-06 10:59:24,63.05,0.057,0,none
2026-10-06 10:59:25,64.41,0.09,0,none
2026-10-06 10:59:26,65.89,0.114,0,none
2026-10-06 10:59:27,65.45,0.056,0,none
2026-10-06 10:59:28,64.81,0.063,0,none
2026-10-06 10:59:29,64.12,0.072,0,none
2026-10-06 10:59:30,65.92,0.067,0,none
2026-10-06 10:59:31,65.41,0.07,0,none
2026-10-06 10:59:32,65.74,0.09,0,none
2026-10-06 10:59:33,64.57,0.087,0,none
2026-10-06 10:59:34,65.36,0.077,0,none
2026-10-06 10:59:35,66.77,0.061,0,none
2026-10-06 10:59:36,66.61,0.107,0,none
2026-10-06 10:59:37,64.38,0.051,0,none
2026-10-06 10:59:38,64.89,0.08,0,none
2026-10-06 10:59:39,62.36,0.056,0,none
2026-10-06 10:59:40,65.84,0.073,0,none
2026-10-06 10:59:41,66.25,0.067,0,none
2026-10-06 10:59:42,66.55,0.055,0,none
2026-10-06 10:59:43,64.11,0.059,0,none
2026-10-06 10:59:44,62.85,0.074,0,none
2026-10-06 10:59:45,65.65,0.126,0,none
2026-10-06 10:59:46,65.2,0.063,0,none
2026-10-06 10:59:47,67.87,0.072,0,none
2026-10-06 10:59:48,64.76,0.073,0,none
2026-10-06 10:59:49,63.52,0.065,0,none
2026-10-06 10:59:50,64.86,0.056,0,none
2026-10-06 10:59:51,65.99,0.082,0,none
2026-10-06 10:59:52,66.44,0.074,0,none
2026-10-06 10:59:53,64.17,0.087,0,none
2026-10-06 10:59:54,63.41,0.105,0,none
2026-10-06 10:59:55,63.62,0.077,0,none
2026-10-06 10:59:56,65.33,0.063,0,none
2026-10-06 10:59:57,65.39,0.061,0,none
2026-10-06 10:59:58,65.2,0.071,0,none
2026-10-06 10:59:59,64.49,0.065,0,none
